發生年度,發生月份,發生日期,發生時間,事故類別名稱,處理單位名稱警局層,發生地點,天候名稱,光線名稱,道路類別-第1當事者-名稱,速限-第1當事者,道路型態大類別名稱,道路型態子類別名稱,事故位置大類別名稱,事故位置子類別名稱,路面狀況-路面鋪裝名稱,路面狀況-路面狀態名稱,路面狀況-路面缺陷名稱,道路障礙-障礙物名稱,道路障礙-視距品質名稱,道路障礙-視距名稱,號誌-號誌種類名稱,號誌-號誌動作名稱,車道劃分設施-分向設施大類別名稱,車道劃分設施-分向設施子類別名稱,車道劃分設施-分道設施-快車道或一般車道間名稱,車道劃分設施-分道設施-快慢車道間名稱,車道劃分設施-分道設施-路面邊線名稱,事故類型及型態大類別名稱,事故類型及型態子類別名稱,肇因研判大類別名稱-主要,肇因研判子類別名稱-主要,死亡受傷人數,當事者順位,當事者區分-類別-大類別名稱-車種,當事者區分-類別-子類別名稱-車種,當事者屬-性-別名稱,當事者事故發生時年齡,保護裝備名稱,行動電話或電腦或其他相類功能裝置名稱,當事者行動狀態大類別名稱,當事者行動狀態子類別名稱,車輛撞擊部位大類別名稱-最初,車輛撞擊部位子類別名稱-最初,車輛撞擊部位大類別名稱-其他,車輛撞擊部位子類別名稱-其他,肇因研判大類別名稱-個別,肇因研判子類別名稱-個別,肇事逃逸類別名稱-是否肇逃,經度,緯度
2025,11,20251101,072913,A2,花蓮縣警察局,花蓮縣秀林鄉花8線以南200公尺與花5線以東150公尺處,陰,無照明,村里道路,30,交岔路,四岔路,交叉路口,交叉路口內,柏油,濕潤,無缺陷,無障礙物,無遮蔽物,良好,無號誌,無號誌,無,無分向設施,未繪設車道線,未繪設快慢車道分隔線,有,車與車,倒車撞,駕駛者,倒車未依規定,死亡0;受傷1,1,小貨車,自用,男,56,繫安全帶(使用幼童安全椅),未使用,車的狀態,倒車,汽車,後車尾,,,駕駛者,倒車未依規定,否,121.625271,24.115737
2025,11,20251101,072913,A2,花蓮縣警察局,花蓮縣秀林鄉花8線以南200公尺與花5線以東150公尺處,陰,無照明,村里道路,30,交岔路,四岔路,交叉路口,交叉路口內,柏油,濕潤,無缺陷,無障礙物,無遮蔽物,良好,無號誌,無號誌,無,無分向設施,未繪設車道線,未繪設快慢車道分隔線,有,車與車,倒車撞,駕駛者,倒車未依規定,死亡0;受傷1,2,機車,普通重型,女,25,戴半罩式安全帽,未使用,車的狀態,向前直行中,機車與自行車,前車頭,,,無(車輛駕駛者因素),尚未發現肇事因素,否,121.625271,24.115737
2025,11,20251101,073000,A2,南投縣政府警察局,南投縣仁愛鄉台14甲線 21公里700.0公尺處,晴,無照明,省道,30,單路部分,直路,路段,一般車道(未劃分快慢車道),柏油,乾燥,無缺陷,無障礙物,無遮蔽物,良好,無號誌,無號誌,無,無分向設施,未繪設車道線,未繪設快慢車道分隔線,有,車輛本身,路上翻車、摔倒,其他,車輛或機械操作不當(慎),死亡0;受傷1,1,機車,普通重型,女,21,戴半罩式安全帽,未使用,車的狀態,向前直行中,其他,不明,,,其他,車輛或機械操作不當(慎),否,121.215030,24.113063
2025,11,20251101,073000,A2,南投縣政府警察局,南投縣仁愛鄉台14甲線 21公里700.0公尺處,晴,無照明,省道,30,單路部分,直路,路段,一般車道(未劃分快慢車道),柏油,乾燥,無缺陷,無障礙物,無遮蔽物,良好,無號誌,無號誌,無,無分向設施,未繪設車道線,未繪設快慢車道分隔線,有,車輛本身,路上翻車、摔倒,其他,車輛或機械操作不當(慎),死亡0;受傷1,2,,,無或物(動物、堆置物),-1,,,,,,,,,無(非車輛駕駛人因素),尚未發現肇事因素,否,121.215030,24.113063
2025,11,20251101,073236,A2,彰化縣警察局,彰化縣田中鎮西路里斗中路一段197號前0.0公尺附近,晴,有照明未開啟或故障,村里道路,60,單路部分,直路,路段,一般車道(未劃分快慢車道),柏油,乾燥,無缺陷,無障礙物,無遮蔽物,良好,無號誌,無號誌,無,無分向設施,車道線(附標記),未繪設快慢車道分隔線,有,車與車,同向擦撞,駕駛者,未保持行車安全間隔,死亡0;受傷1,1,小貨車,自用,女,29,不明,未使用,車的狀態,向前直行中,汽車,右後車尾(身),,,駕駛者,未保持行車安全間隔,否,120.580809,23.861229
2025,11,20251101,073236,A2,彰化縣警察局,彰化縣田中鎮西路里斗中路一段197號前0.0公尺附近,晴,有照明未開啟或故障,村里道路,60,單路部分,直路,路段,一般車道(未劃分快慢車道),柏油,乾燥,無缺陷,無障礙物,無遮蔽物,良好,無號誌,無號誌,無,無分向設施,車道線(附標記),未繪設快慢車道分隔線,有,車與車,同向擦撞,駕駛者,未保持行車安全間隔,死亡0;受傷1,2,機車,普通重型,女,58,戴半罩式安全帽,未使用,車的狀態,向前直行中,機車與自行車,左側車身,,,駕駛者,未保持行車安全間隔,否,120.580809,23.861229
2025,11,20251101,073400,A2,新北市政府警察局,新北市新莊區思源路前0.0公尺,陰,無照明,市區道路,50,單路部分,直路,路段,一般車道(未劃分快慢車道),柏油,乾燥,無缺陷,無障礙物,無遮蔽物,良好,無號誌,無號誌,中央分向島,寬式(50公分以上),車道線(無標記),未繪設快慢車道分隔線,無,車與車,側撞,駕駛者,左轉彎未依規定,死亡0;受傷1,1,機車,普通重型,女,33,戴半罩式安全帽,未使用,車的狀態,左轉彎,機車與自行車,左側車身,,,駕駛者,左轉彎未依規定,否,121.460373,25.039391
2025,11,20251101,073400,A2,新北市政府警察局,新北市新莊區思源路前0.0公尺,陰,無照明,市區道路,50,單路部分,直路,路段,一般車道(未劃分快慢車道),柏油,乾燥,無缺陷,無障礙物,無遮蔽物,良好,無號誌,無號誌,中央分向島,寬式(50公分以上),車道線(無標記),未繪設快慢車道分隔線,無,車與車,側撞,駕駛者,左轉彎未依規定,死亡0;受傷1,2,小客車(含客、貨兩用),自用,男,66,繫安全帶(使用幼童安全椅),未使用,車的狀態,向前直行中,汽車,右前車頭(身),,,無(車輛駕駛者因素),尚未發現肇事因素,否,121.460373,25.039391
2025,11,20251101,073700,A2,新北市政府警察局,新北市泰山區大科一路 / 新北市泰山區大科一路,晴,無照明,市區道路,40,交岔路,三岔路,交叉路口,交叉口附近,柏油,乾燥,無缺陷,無障礙物,無遮蔽物,良好,無號誌,無號誌,雙向禁止超車線,無標記,未繪設車道線,未繪設快慢車道分隔線,有,車輛本身,撞護欄(樁),駕駛者,酒醉(後)駕駛,死亡0;受傷1,1,機車,普通重型,男,19,不明,不明,車的狀態,左轉彎,機車與自行車,前車頭,,,駕駛者,酒醉(後)駕駛,否,121.404600,25.055351
2025,11,20251101,073700,A2,新北市政府警察局,新北市泰山區大科一路 / 新北市泰山區大科一路,晴,無照明,市區道路,40,交岔路,三岔路,交叉路口,交叉口附近,柏油,乾燥,無缺陷,無障礙物,無遮蔽物,良好,無號誌,無號誌,雙向禁止超車線,無標記,未繪設車道線,未繪設快慢車道分隔線,有,車輛本身,撞護欄(樁),駕駛者,酒醉(後)駕駛,死亡0;受傷1,2,,,無或物(動物、堆置物),0,,,,,,,,,無(非車輛駕駛人因素),道路設施(備)、植栽或其他裝置，倒塌或掉(斷)落,否,121.404600,25.055351
2025,11,20251101,073800,A2,臺北市政府警察局,臺北市士林區中正路 / 臺北市士林區延平北路5段,晴,有照明未開啟或故障,市區道路,50,交岔路,四岔路,交叉路口,交叉口附近,柏油,乾燥,無缺陷,其他障礙物,無遮蔽物,良好,行車管制號誌(附設行人專用號誌),正常,中央分向島,寬式(50公分以上),未繪設車道線,未繪設快慢車道分隔線,有,車與車,追撞,駕駛者,未保持行車安全距離,死亡0;受傷2,1,機車,普通重型,男,37,戴半罩式安全帽,未使用,車的狀態,向前直行中,機車與自行車,前車頭,,,駕駛者,未保持行車安全距離,否,121.509292,25.086597
2025,11,20251101,073800,A2,臺北市政府警察局,臺北市士林區中正路 / 臺北市士林區延平北路5段,晴,有照明未開啟或故障,市區道路,50,交岔路,四岔路,交叉路口,交叉口附近,柏油,乾燥,無缺陷,其他障礙物,無遮蔽物,良好,行車管制號誌(附設行人專用號誌),正常,中央分向島,寬式(50公分以上),未繪設車道線,未繪設快慢車道分隔線,有,車與車,追撞,駕駛者,未保持行車安全距離,死亡0;受傷2,2,機車,普通重型,女,32,戴半罩式安全帽,未使用,車的狀態,向前直行中,機車與自行車,後車尾,,,駕駛者,未保持行車安全距離,否,121.509292,25.086597
2025,11,20251101,073800,A2,臺北市政府警察局,臺北市士林區中正路 / 臺北市士林區延平北路5段,晴,有照明未開啟或故障,市區道路,50,交岔路,四岔路,交叉路口,交叉口附近,柏油,乾燥,無缺陷,其他障礙物,無遮蔽物,良好,行車管制號誌(附設行人專用號誌),正常,中央分向島,寬式(50公分以上),未繪設車道線,未繪設快慢車道分隔線,有,車與車,追撞,駕駛者,未保持行車安全距離,死亡0;受傷2,3,機車,普通重型,女,63,戴半罩式安全帽,未使用,車的狀態,向前直行中,機車與自行車,後車尾,,,無(車輛駕駛者因素),尚未發現肇事因素,否,121.509292,25.086597
2025,11,20251101,073900,A2,彰化縣警察局,彰化縣和美鎮彰草路二段與渭南路口,陰,有照明未開啟或故障,村里道路,50,交岔路,四岔路,交叉路口,交叉路口內,柏油,乾燥,無缺陷,無障礙物,無遮蔽物,良好,行車管制號誌(附設行人專用號誌),正常,雙向禁止超車線,附標記,未繪設車道線,未繪設快慢車道分隔線,有,人與車,其他,駕駛者,闖紅燈直行,死亡0;受傷3,1,機車,普通重型,男,30,戴半罩式安全帽,未使用,車的狀態,向前直行中,機車與自行車,前車頭,,,駕駛者,闖紅燈直行,否,120.498640,24.081467
2025,11,20251101,073900,A2,彰化縣警察局,彰化縣和美鎮彰草路二段與渭南路口,陰,有照明未開啟或故障,村里道路,50,交岔路,四岔路,交叉路口,交叉路口內,柏油,乾燥,無缺陷,無障礙物,無遮蔽物,良好,行車管制號誌(附設行人專用號誌),正常,雙向禁止超車線,附標記,未繪設車道線,未繪設快慢車道分隔線,有,人與車,其他,駕駛者,闖紅燈直行,死亡0;受傷3,2,人,乘客,男,20,戴半罩式安全帽,非駕駛人,人的狀態,其他,其他,非汽、機及自行車,,,無(非車輛駕駛人因素),尚未發現肇事因素,否,120.498640,24.081467
2025,11,20251101,073900,A2,彰化縣警察局,彰化縣和美鎮彰草路二段與渭南路口,陰,有照明未開啟或故障,村里道路,50,交岔路,四岔路,交叉路口,交叉路口內,柏油,乾燥,無缺陷,無障礙物,無遮蔽物,良好,行車管制號誌(附設行人專用號誌),正常,雙向禁止超車線,附標記,未繪設車道線,未繪設快慢車道分隔線,有,人與車,其他,駕駛者,闖紅燈直行,死亡0;受傷3,3,機車,普通重型,男,38,戴半罩式安全帽,未使用,車的狀態,向前直行中,機車與自行車,右側車身,,,無(車輛駕駛者因素),尚未發現肇事因素,否,120.498640,24.081467
2025,11,20251101,073900,A2,彰化縣警察局,彰化縣和美鎮彰草路二段與渭南路口,陰,有照明未開啟或故障,村里道路,50,交岔路,四岔路,交叉路口,交叉路口內,柏油,乾燥,無缺陷,無障礙物,無遮蔽物,良好,行車管制號誌(附設行人專用號誌),正常,雙向禁止超車線,附標記,未繪設車道線,未繪設快慢車道分隔線,有,人與車,其他,駕駛者,闖紅燈直行,死亡0;受傷3,4,小客車(含客、貨兩用),自用,男,47,繫安全帶(使用幼童安全椅),未使用,車的狀態,向前直行中,汽車,左前車頭(身),,,無(車輛駕駛者因素),尚未發現肇事因素,否,120.498640,24.081467
2025,11,20251101,074000,A2,新北市政府警察局,新北市板橋區智樂路 / 新北市板橋區英士路,晴,有照明未開啟或故障,市區道路,50,交岔路,四岔路,交叉路口,交叉口附近,柏油,乾燥,無缺陷,無障礙物,無遮蔽物,良好,行車管制號誌(附設行人專用號誌),正常,雙向禁止超車線,無標記,車道線(無標記),未繪設快慢車道分隔線,有,車與車,其他,駕駛者,其他未依規定讓車,死亡0;受傷1,1,大客車,民營公車,男,46,繫安全帶(使用幼童安全椅),未使用,車的狀態,右轉彎,汽車,右後車尾(身),,,駕駛者,其他未依規定讓車,否,121.458213,25.022015
2025,11,20251101,074000,A2,新北市政府警察局,新北市板橋區智樂路 / 新北市板橋區英士路,晴,有照明未開啟或故障,市區道路,50,交岔路,四岔路,交叉路口,交叉口附近,柏油,乾燥,無缺陷,無障礙物,無遮蔽物,良好,行車管制號誌(附設行人專用號誌),正常,雙向禁止超車線,無標記,車道線(無標記),未繪設快慢車道分隔線,有,車與車,其他,駕駛者,其他未依規定讓車,死亡0;受傷1,2,慢車,腳踏自行車,女,51,其他(無需使用保護裝備之人),未使用,車的狀態,向前直行中,機車與自行車,前車頭,,,其他,其他不當駕車行為,否,121.458213,25.022015
2025,11,20251101,074300,A2,高雄市政府警察局,高雄市三民區鼎山街 / 高雄市三民區金山路,晴,無照明,市區道路,30,交岔路,四岔路,交叉路口,交叉路口內,柏油,乾燥,無缺陷,無障礙物,無遮蔽物,良好,無號誌,無號誌,無,無分向設施,未繪設車道線,未繪設快慢車道分隔線,無,車與車,路口交岔撞,駕駛者,無號誌路口，支線道未讓幹線道先行,死亡0;受傷2,1,機車,普通重型,女,30,戴非半罩式安全帽,未使用,車的狀態,向前直行中,機車與自行車,右側車身,,,駕駛者,無號誌路口，支線道未讓幹線道先行,否,120.320599,22.660438
2025,11,20251101,074300,A2,高雄市政府警察局,高雄市三民區鼎山街 / 高雄市三民區金山路,晴,無照明,市區道路,30,交岔路,四岔路,交叉路口,交叉路口內,柏油,乾燥,無缺陷,無障礙物,無遮蔽物,良好,無號誌,無號誌,無,無分向設施,未繪設車道線,未繪設快慢車道分隔線,無,車與車,路口交岔撞,駕駛者,無號誌路口，支線道未讓幹線道先行,死亡0;受傷2,2,機車,普通重型,男,30,戴非半罩式安全帽,未使用,車的狀態,向前直行中,機車與自行車,左側車身,,,駕駛者,未依規定減速,否,120.320599,22.660438
2025,11,20251101,074400,A2,新北市政府警察局,新北市蘆洲區復興路410-1號前0.0公尺,晴,無照明,其他,30,單路部分,直路,路段,一般車道(未劃分快慢車道),無鋪裝,乾燥,無缺陷,無障礙物,無遮蔽物,良好,無號誌,無號誌,無,無分向設施,未繪設車道線,未繪設快慢車道分隔線,有,車與車,追撞,駕駛者,觀看其他事故、活動、道路環境或車外資訊分心駕駛,死亡0;受傷2,1,機車,普通重型,女,25,不明,不明,車的狀態,插入行列,機車與自行車,前車頭,,,駕駛者,觀看其他事故、活動、道路環境或車外資訊分心駕駛,否,121.488225,25.092442
2025,11,20251101,074400,A2,新北市政府警察局,新北市蘆洲區復興路410-1號前0.0公尺,晴,無照明,其他,30,單路部分,直路,路段,一般車道(未劃分快慢車道),無鋪裝,乾燥,無缺陷,無障礙物,無遮蔽物,良好,無號誌,無號誌,無,無分向設施,未繪設車道線,未繪設快慢車道分隔線,有,車與車,追撞,駕駛者,觀看其他事故、活動、道路環境或車外資訊分心駕駛,死亡0;受傷2,2,機車,普通重型,男,23,不明,不明,車的狀態,等待(引擎未熄火),機車與自行車,後車尾,,,無(車輛駕駛者因素),尚未發現肇事因素,否,121.488225,25.092442
2025,11,20251101,074600,A2,新北市政府警察局,新北市林口區粉寮路1段 / 新北市林口區中正路,晴,有照明未開啟或故障,市區道路,50,交岔路,三岔路,交叉路口,交叉口附近,柏油,乾燥,無缺陷,無障礙物,無遮蔽物,良好,無號誌,無號誌,雙向禁止超車線,附標記,禁止變換車道線(附標記),快慢車道分隔線,有,車與車,側撞,駕駛者,有號誌路口，轉彎車未讓直行車先行,死亡0;受傷1,1,機車,普通重型,男,23,戴半罩式安全帽,未使用,車的狀態,左轉彎,機車與自行車,左側車身,,,駕駛者,有號誌路口，轉彎車未讓直行車先行,否,121.396665,25.077696
2025,11,20251101,074600,A2,新北市政府警察局,新北市林口區粉寮路1段 / 新北市林口區中正路,晴,有照明未開啟或故障,市區道路,50,交岔路,三岔路,交叉路口,交叉口附近,柏油,乾燥,無缺陷,無障礙物,無遮蔽物,良好,無號誌,無號誌,雙向禁止超車線,附標記,禁止變換車道線(附標記),快慢車道分隔線,有,車與車,側撞,駕駛者,有號誌路口，轉彎車未讓直行車先行,死亡0;受傷1,2,小客車(含客、貨兩用),自用,男,42,繫安全帶(使用幼童安全椅),未使用,車的狀態,向前直行中,汽車,右前車頭(身),,,駕駛者,未保持行車安全距離,否,121.396665,25.077696
2025,11,20251101,075300,A2,臺中市政府警察局,臺中市大里區仁德里仁化路639號前0.0公尺,晴,有照明未開啟或故障,市區道路,50,圓環廣場,其他,路段,一般車道(未劃分快慢車道),柏油,乾燥,無缺陷,無障礙物,無遮蔽物,良好,無號誌,無號誌,無,無分向設施,未繪設車道線,未繪設快慢車道分隔線,有,車與車,其他,其他,其他不當駕車行為,死亡0;受傷1,1,機車,普通重型,女,56,不明,不明,車的狀態,其他,機車與自行車,左側車身,,,其他,其他不當駕車行為,否,120.696277,24.096859
2025,11,20251101,075300,A2,臺中市政府警察局,臺中市大里區仁德里仁化路639號前0.0公尺,晴,有照明未開啟或故障,市區道路,50,圓環廣場,其他,路段,一般車道(未劃分快慢車道),柏油,乾燥,無缺陷,無障礙物,無遮蔽物,良好,無號誌,無號誌,無,無分向設施,未繪設車道線,未繪設快慢車道分隔線,有,車與車,其他,其他,其他不當駕車行為,死亡0;受傷1,2,小客車(含客、貨兩用),自用,男,26,不明,不明,車的狀態,向前直行中,汽車,右側車身,,,其他,其他不當駕車行為,否,120.696277,24.096859
2025,11,20251101,075500,A2,新北市政府警察局,新北市新莊區化成路前0.0公尺,陰,有照明未開啟或故障,市區道路,50,單路部分,直路,路段,一般車道(未劃分快慢車道),柏油,乾燥,無缺陷,無障礙物,無遮蔽物,良好,無號誌,無號誌,行車分向線,附標記,未繪設車道線,未繪設快慢車道分隔線,有,車與車,同向擦撞,駕駛者,閃避不當(慎),死亡0;受傷1,1,機車,普通重型,女,33,戴非半罩式安全帽,未使用,車的狀態,向前直行中,機車與自行車,前車頭,,,駕駛者,閃避不當(慎),否,121.465710,25.056746
2025,11,20251101,075500,A2,新北市政府警察局,新北市新莊區化成路前0.0公尺,陰,有照明未開啟或故障,市區道路,50,單路部分,直路,路段,一般車道(未劃分快慢車道),柏油,乾燥,無缺陷,無障礙物,無遮蔽物,良好,無號誌,無號誌,行車分向線,附標記,未繪設車道線,未繪設快慢車道分隔線,有,車與車,同向擦撞,駕駛者,閃避不當(慎),死亡0;受傷1,2,小客車(含客、貨兩用),自用,男,19,繫安全帶(使用幼童安全椅),未使用,車的狀態,向前直行中,汽車,右後車尾(身),,,無(車輛駕駛者因素),尚未發現肇事因素,否,121.465710,25.056746
2025,11,20251101,075500,A2,新北市政府警察局,新北市新莊區化成路前0.0公尺,陰,有照明未開啟或故障,市區道路,50,單路部分,直路,路段,一般車道(未劃分快慢車道),柏油,乾燥,無缺陷,無障礙物,無遮蔽物,良好,無號誌,無號誌,行車分向線,附標記,未繪設車道線,未繪設快慢車道分隔線,有,車與車,同向擦撞,駕駛者,閃避不當(慎),死亡0;受傷1,3,小客車(含客、貨兩用),自用,女,29,不明,未使用,車的狀態,靜止(引擎熄火),汽車,左前車頭(身),,,無(車輛駕駛者因素),尚未發現肇事因素,否,121.465710,25.056746
2025,11,20251101,075900,A2,新北市政府警察局,新北市板橋區民權路170號前0.0公尺,晴,有照明且開啟,市區道路,50,單路部分,直路,路段,一般車道(未劃分快慢車道),柏油,乾燥,無缺陷,無障礙物,無遮蔽物,良好,行車管制號誌,正常,雙向禁止超車線,無標記,未繪設車道線,未繪設快慢車道分隔線,有,車輛本身,路上翻車、摔倒,其他,其他不當駕車行為,死亡0;受傷1,1,機車,普通重型,男,26,戴半罩式安全帽,未使用,車的狀態,向前直行中,機車與自行車,右側車身,,,其他,其他不當駕車行為,否,121.480253,25.009507
2025,11,20251101,075900,A2,新北市政府警察局,新北市板橋區民權路170號前0.0公尺,晴,有照明且開啟,市區道路,50,單路部分,直路,路段,一般車道(未劃分快慢車道),柏油,乾燥,無缺陷,無障礙物,無遮蔽物,良好,行車管制號誌,正常,雙向禁止超車線,無標記,未繪設車道線,未繪設快慢車道分隔線,有,車輛本身,路上翻車、摔倒,其他,其他不當駕車行為,死亡0;受傷1,2,,,無或物(動物、堆置物),0,,,,,,,,,無(非車輛駕駛人因素),尚未發現肇事因素,否,121.480253,25.009507
2025,11,20251101,080500,A2,臺中市政府警察局,臺中市大里區金城里中興路一段288號前0.0公尺,晴,無照明,市區道路,40,交岔路,三岔路,交叉路口,交叉口附近,柏油,乾燥,無缺陷,無障礙物,無遮蔽物,良好,行車管制號誌,正常,中央分向島,窄式無柵欄,車道線(無標記),快慢車道分隔線,有,車與車,側撞,駕駛者,變換車道不當,死亡0;受傷1,1,機車,普通重型,男,19,戴半罩式安全帽,未使用,車的狀態,向左變換車道,機車與自行車,左側車身,,,駕駛者,變換車道不當,否,120.696220,24.087088
2025,11,20251101,080500,A2,臺中市政府警察局,臺中市大里區金城里中興路一段288號前0.0公尺,晴,無照明,市區道路,40,交岔路,三岔路,交叉路口,交叉口附近,柏油,乾燥,無缺陷,無障礙物,無遮蔽物,良好,行車管制號誌,正常,中央分向島,窄式無柵欄,車道線(無標記),快慢車道分隔線,有,車與車,側撞,駕駛者,變換車道不當,死亡0;受傷1,2,小客車(含客、貨兩用),自用,女,27,繫安全帶(使用幼童安全椅),未使用,車的狀態,向前直行中,汽車,右後車尾(身),,,其他,其他不當駕車行為,否,120.696220,24.087088
2025,11,20251101,080500,A2,臺中市政府警察局,臺中市大里區金城里中興路一段288號前0.0公尺,晴,無照明,市區道路,40,交岔路,三岔路,交叉路口,交叉口附近,柏油,乾燥,無缺陷,無障礙物,無遮蔽物,良好,行車管制號誌,正常,中央分向島,窄式無柵欄,車道線(無標記),快慢車道分隔線,有,車與車,側撞,駕駛者,變換車道不當,死亡0;受傷1,3,人,乘客,男,19,戴半罩式安全帽,非駕駛人,人的狀態,其他,其他,非汽、機及自行車,,,無(非車輛駕駛人因素),尚未發現肇事因素,否,120.696220,24.087088
2025,11,20251101,080700,A2,彰化縣警察局,彰化縣田中鎮中南路與中新路口,晴,有照明未開啟或故障,村里道路,50,交岔路,多岔路,交叉路口,交叉口附近,柏油,乾燥,無缺陷,無障礙物,無遮蔽物,良好,行車管制號誌,正常,雙向禁止超車線,無標記,禁止變換車道線(無標記),窄式快慢車道分隔島(附柵欄),有,車與車,側撞,駕駛者,闖紅燈右轉,死亡0;受傷3,1,機車,普通重型,女,75,戴半罩式安全帽,未使用,車的狀態,右轉彎,機車與自行車,前車頭,,,駕駛者,闖紅燈右轉,否,120.590029,23.853230
2025,11,20251101,080700,A2,彰化縣警察局,彰化縣田中鎮中南路與中新路口,晴,有照明未開啟或故障,村里道路,50,交岔路,多岔路,交叉路口,交叉口附近,柏油,乾燥,無缺陷,無障礙物,無遮蔽物,良好,行車管制號誌,正常,雙向禁止超車線,無標記,禁止變換車道線(無標記),窄式快慢車道分隔島(附柵欄),有,車與車,側撞,駕駛者,闖紅燈右轉,死亡0;受傷3,2,機車,普通重型,男,72,戴半罩式安全帽,未使用,車的狀態,向前直行中,機車與自行車,左側車身,,,無(車輛駕駛者因素),尚未發現肇事因素,否,120.590029,23.853230
2025,11,20251101,080700,A2,彰化縣警察局,彰化縣田中鎮中南路與中新路口,晴,有照明未開啟或故障,村里道路,50,交岔路,多岔路,交叉路口,交叉口附近,柏油,乾燥,無缺陷,無障礙物,無遮蔽物,良好,行車管制號誌,正常,雙向禁止超車線,無標記,禁止變換車道線(無標記),窄式快慢車道分隔島(附柵欄),有,車與車,側撞,駕駛者,闖紅燈右轉,死亡0;受傷3,3,人,乘客,女,69,戴半罩式安全帽,非駕駛人,人的狀態,其他,其他,非汽、機及自行車,,,無(非車輛駕駛人因素),尚未發現肇事因素,否,120.590029,23.853230
2025,11,20251101,080800,A2,臺北市政府警察局,臺北市士林區基河路 / 臺北市士林區基河路,晴,有照明未開啟或故障,市區道路,50,交岔路,三岔路,交叉路口,交叉口附近,柏油,乾燥,無缺陷,無障礙物,無遮蔽物,良好,無號誌,無號誌,行車分向線,無標記,車道線(無標記),未繪設快慢車道分隔線,有,車與車,其他,駕駛者,無號誌路口，支線道未讓幹線道先行,死亡0;受傷1,1,小客車(含客、貨兩用),自用,男,44,繫安全帶(使用幼童安全椅),未使用,車的狀態,左轉彎,汽車,前車頭,,,駕駛者,無號誌路口，支線道未讓幹線道先行,否,121.522251,25.090429
2025,11,20251101,080800,A2,臺北市政府警察局,臺北市士林區基河路 / 臺北市士林區基河路,晴,有照明未開啟或故障,市區道路,50,交岔路,三岔路,交叉路口,交叉口附近,柏油,乾燥,無缺陷,無障礙物,無遮蔽物,良好,無號誌,無號誌,行車分向線,無標記,車道線(無標記),未繪設快慢車道分隔線,有,車與車,其他,駕駛者,無號誌路口，支線道未讓幹線道先行,死亡0;受傷1,2,機車,普通重型,女,69,戴半罩式安全帽,未使用,車的狀態,向前直行中,機車與自行車,右側車身,,,無(車輛駕駛者因素),尚未發現肇事因素,否,121.522251,25.090429
2025,11,20251101,080800,A2,南投縣政府警察局,南投縣草屯鎮玉峰街45號,晴,有照明且開啟,市區道路,30,其他,圓環,路段,一般車道(未劃分快慢車道),柏油,乾燥,無缺陷,無障礙物,無遮蔽物,良好,無號誌,無號誌,雙向禁止超車線,無標記,車道線(無標記),未繪設快慢車道分隔線,有,車與車,同向擦撞,駕駛者,右轉彎未依規定,死亡0;受傷1,1,機車,普通重型,男,66,戴半罩式安全帽,未使用,車的狀態,右轉彎,機車與自行車,右側車身,其他,不明,駕駛者,右轉彎未依規定,否,120.686474,23.980277
2025,11,20251101,080800,A2,南投縣政府警察局,南投縣草屯鎮玉峰街45號,晴,有照明且開啟,市區道路,30,其他,圓環,路段,一般車道(未劃分快慢車道),柏油,乾燥,無缺陷,無障礙物,無遮蔽物,良好,無號誌,無號誌,雙向禁止超車線,無標記,車道線(無標記),未繪設快慢車道分隔線,有,車與車,同向擦撞,駕駛者,右轉彎未依規定,死亡0;受傷1,2,機車,普通重型,女,64,戴半罩式安全帽,未使用,車的狀態,向前直行中,機車與自行車,左側車身,其他,不明,無(車輛駕駛者因素),尚未發現肇事因素,否,120.686474,23.980277
2025,11,20251101,081000,A2,臺中市政府警察局,臺中市北屯區同榮里中清路二段 / 臺中市北屯區同榮里中清路二段,晴,無照明,市區道路,30,交岔路,四岔路,交叉路口,交叉路口內,柏油,乾燥,無缺陷,無障礙物,無遮蔽物,良好,行車管制號誌,正常,無,無分向設施,未繪設車道線,未繪設快慢車道分隔線,無,車與車,其他,駕駛者,左轉彎未依規定,死亡0;受傷1,1,機車,大型重型2(250-550C.C.),男,34,戴半罩式安全帽,未使用,車的狀態,左轉彎,機車與自行車,左側車身,,,駕駛者,左轉彎未依規定,否,120.659863,24.192921
2025,11,20251101,081000,A2,臺中市政府警察局,臺中市北屯區同榮里中清路二段 / 臺中市北屯區同榮里中清路二段,晴,無照明,市區道路,30,交岔路,四岔路,交叉路口,交叉路口內,柏油,乾燥,無缺陷,無障礙物,無遮蔽物,良好,行車管制號誌,正常,無,無分向設施,未繪設車道線,未繪設快慢車道分隔線,無,車與車,其他,駕駛者,左轉彎未依規定,死亡0;受傷1,2,機車,普通重型,男,23,戴半罩式安全帽,未使用,車的狀態,向前直行中,機車與自行車,右側車身,,,無(車輛駕駛者因素),尚未發現肇事因素,否,120.659863,24.192921
2025,11,20251101,081400,A2,臺中市政府警察局,臺中市西屯區協和里安和路3之1號前0.0公尺,晴,有照明未開啟或故障,市區道路,50,交岔路,四岔路,交叉路口,交叉路口內,柏油,乾燥,無缺陷,無障礙物,無遮蔽物,良好,無號誌,無號誌,無,無分向設施,未繪設車道線,未繪設快慢車道分隔線,無,車與車,側撞,駕駛者,無號誌路口，轉彎車未讓直行車先行,死亡0;受傷1,1,小客車(含客、貨兩用),自用,男,58,繫安全帶(使用幼童安全椅),未使用,車的狀態,左轉彎,汽車,右後車尾(身),,,駕駛者,無號誌路口，轉彎車未讓直行車先行,否,120.618081,24.162535