發生年度,發生月份,發生日期,發生時間,事故類別名稱,處理單位名稱警局層,發生地點,天候名稱,光線名稱,道路類別-第1當事者-名稱,速限-第1當事者,道路型態大類別名稱,道路型態子類別名稱,事故位置大類別名稱,事故位置子類別名稱,路面狀況-路面鋪裝名稱,路面狀況-路面狀態名稱,路面狀況-路面缺陷名稱,道路障礙-障礙物名稱,道路障礙-視距品質名稱,道路障礙-視距名稱,號誌-號誌種類名稱,號誌-號誌動作名稱,車道劃分設施-分向設施大類別名稱,車道劃分設施-分向設施子類別名稱,車道劃分設施-分道設施-快車道或一般車道間名稱,車道劃分設施-分道設施-快慢車道間名稱,車道劃分設施-分道設施-路面邊線名稱,事故類型及型態大類別名稱,事故類型及型態子類別名稱,肇因研判大類別名稱-主要,肇因研判子類別名稱-主要,死亡受傷人數,當事者順位,當事者區分-類別-大類別名稱-車種,當事者區分-類別-子類別名稱-車種,當事者屬-性-別名稱,當事者事故發生時年齡,保護裝備名稱,行動電話或電腦或其他相類功能裝置名稱,當事者行動狀態大類別名稱,當事者行動狀態子類別名稱,車輛撞擊部位大類別名稱-最初,車輛撞擊部位子類別名稱-最初,車輛撞擊部位大類別名稱-其他,車輛撞擊部位子類別名稱-其他,肇因研判大類別名稱-個別,肇因研判子類別名稱-個別,肇事逃逸類別名稱-是否肇逃,經度,緯度
2025,11,20251101,105900,A2,新竹縣政府警察局,新竹縣關西鎮東安里中豐路一段223號前0.0公尺,陰,有照明未開啟或故障,市區道路,40,交岔路,四岔路,交叉路口,交叉口附近,柏油,乾燥,無缺陷,路上有停車,無遮蔽物,良好,行車管制號誌,正常,雙向禁止超車線,無標記,未繪設車道線,未繪設快慢車道分隔線,有,車與車,追撞,其他,車輛或機械操作不當(慎),死亡0;受傷1,1,機車,普通重型,男,18,戴非半罩式安全帽,未使用,車的狀態,向前直行中,機車與自行車,前車頭,,,其他,車輛或機械操作不當(慎),否,121.178478,24.786529
2025,11,20251101,105900,A2,新竹縣政府警察局,新竹縣關西鎮東安里中豐路一段223號前0.0公尺,陰,有照明未開啟或故障,市區道路,40,交岔路,四岔路,交叉路口,交叉口附近,柏油,乾燥,無缺陷,路上有停車,無遮蔽物,良好,行車管制號誌,正常,雙向禁止超車線,無標記,未繪設車道線,未繪設快慢車道分隔線,有,車與車,追撞,其他,車輛或機械操作不當(慎),死亡0;受傷1,2,小客車(含客、貨兩用),自用,男,26,繫安全帶(使用幼童安全椅),未使用,車的狀態,等待(引擎未熄火),汽車,後車尾,,,其他,違規(臨時)停車,否,121.178478,24.786529
2025,11,20251101,110100,A2,彰化縣警察局,彰化縣大村鄉中山路一段1巷與莒光路807巷口,晴,有照明且開啟,村里道路,50,交岔路,四岔路,交叉路口,交叉路口內,柏油,乾燥,無缺陷,無障礙物,無遮蔽物,良好,無號誌,無號誌,無,無分向設施,未繪設車道線,未繪設快慢車道分隔線,有,車與車,路口交岔撞,駕駛者,未依規定減速,死亡0;受傷2,1,機車,普通重型,男,62,戴半罩式安全帽,未使用,車的狀態,向前直行中,機車與自行車,前車頭,,,駕駛者,未依規定減速,否,120.569992,23.973845
2025,11,20251101,110100,A2,彰化縣警察局,彰化縣大村鄉中山路一段1巷與莒光路807巷口,晴,有照明且開啟,村里道路,50,交岔路,四岔路,交叉路口,交叉路口內,柏油,乾燥,無缺陷,無障礙物,無遮蔽物,良好,無號誌,無號誌,無,無分向設施,未繪設車道線,未繪設快慢車道分隔線,有,車與車,路口交岔撞,駕駛者,未依規定減速,死亡0;受傷2,2,機車,普通重型,男,19,戴半罩式安全帽,未使用,車的狀態,向前直行中,機車與自行車,右側車身,,,駕駛者,未依規定減速,否,120.569992,23.973845
2025,11,20251101,110300,A2,新北市政府警察局,新北市汐止區橫科路 / 新北市汐止區橫科路,陰,無照明,市區道路,50,交岔路,四岔路,交叉路口,交叉口附近,柏油,乾燥,無缺陷,無障礙物,無遮蔽物,良好,無號誌,無號誌,雙向禁止超車線,無標記,車道線(無標記),未繪設快慢車道分隔線,無,車與車,路口交岔撞,駕駛者,無號誌路口，左方車未讓右方車先行,死亡0;受傷1,1,機車,普通重型,女,61,戴半罩式安全帽,未使用,車的狀態,起步,機車與自行車,右側車身,,,駕駛者,無號誌路口，左方車未讓右方車先行,否,121.620366,25.050093
2025,11,20251101,110300,A2,新北市政府警察局,新北市汐止區橫科路 / 新北市汐止區橫科路,陰,無照明,市區道路,50,交岔路,四岔路,交叉路口,交叉口附近,柏油,乾燥,無缺陷,無障礙物,無遮蔽物,良好,無號誌,無號誌,雙向禁止超車線,無標記,車道線(無標記),未繪設快慢車道分隔線,無,車與車,路口交岔撞,駕駛者,無號誌路口，左方車未讓右方車先行,死亡0;受傷1,2,小客車(含客、貨兩用),自用,男,39,繫安全帶(使用幼童安全椅),未使用,車的狀態,起步,汽車,前車頭,,,駕駛者,無號誌路口，支線道未讓幹線道先行,否,121.620366,25.050093
2025,11,20251101,110500,A2,臺中市政府警察局,臺中市北屯區軍功里東山路一段239-5號前0.0公尺,晴,無照明,市區道路,50,單路部分,直路,路段,一般車道(未劃分快慢車道),柏油,乾燥,無缺陷,無障礙物,無遮蔽物,良好,無號誌,無號誌,雙向禁止超車線,無標記,未繪設車道線,未繪設快慢車道分隔線,無,車與車,同向擦撞,駕駛者,未保持行車安全間隔,死亡0;受傷1,1,小客車(含客、貨兩用),自用,女,38,繫安全帶(使用幼童安全椅),未使用,車的狀態,其他,汽車,右側車身,,,駕駛者,未保持行車安全間隔,否,120.717348,24.175549
2025,11,20251101,110500,A2,臺中市政府警察局,臺中市北屯區軍功里東山路一段239-5號前0.0公尺,晴,無照明,市區道路,50,單路部分,直路,路段,一般車道(未劃分快慢車道),柏油,乾燥,無缺陷,無障礙物,無遮蔽物,良好,無號誌,無號誌,雙向禁止超車線,無標記,未繪設車道線,未繪設快慢車道分隔線,無,車與車,同向擦撞,駕駛者,未保持行車安全間隔,死亡0;受傷1,2,慢車,腳踏自行車,男,69,未戴安全帽或未繫安全帶(未使用幼童安全椅),未使用,車的狀態,向前直行中,機車與自行車,左側車身,,,無(車輛駕駛者因素),尚未發現肇事因素,否,120.717348,24.175549
2025,11,20251101,110600,A2,臺北市政府警察局,臺北市萬華區中興橋前0.0公尺,陰,有照明未開啟或故障,專用道路,30,單路部分,彎曲路及附近,路段,機車專用道,柏油,乾燥,無缺陷,無障礙物,無遮蔽物,良好,無號誌,無號誌,無,無分向設施,未繪設車道線,未繪設快慢車道分隔線,無,車輛本身,路上翻車、摔倒,駕駛者,未依規定減速,死亡0;受傷2,1,機車,普通重型,男,16,戴半罩式安全帽,未使用,車的狀態,向前直行中,機車與自行車,左側車身,,,駕駛者,未依規定減速,否,121.508750,25.051670
2025,11,20251101,110600,A2,臺北市政府警察局,臺北市萬華區中興橋前0.0公尺,陰,有照明未開啟或故障,專用道路,30,單路部分,彎曲路及附近,路段,機車專用道,柏油,乾燥,無缺陷,無障礙物,無遮蔽物,良好,無號誌,無號誌,無,無分向設施,未繪設車道線,未繪設快慢車道分隔線,無,車輛本身,路上翻車、摔倒,駕駛者,未依規定減速,死亡0;受傷2,2,,,無或物(動物、堆置物),0,,,,,,,,,無(非車輛駕駛人因素),尚未發現肇事因素,否,121.508750,25.051670
2025,11,20251101,110600,A2,臺北市政府警察局,臺北市萬華區中興橋前0.0公尺,陰,有照明未開啟或故障,專用道路,30,單路部分,彎曲路及附近,路段,機車專用道,柏油,乾燥,無缺陷,無障礙物,無遮蔽物,良好,無號誌,無號誌,無,無分向設施,未繪設車道線,未繪設快慢車道分隔線,無,車輛本身,路上翻車、摔倒,駕駛者,未依規定減速,死亡0;受傷2,3,人,乘客,男,19,其他(無需使用保護裝備之人),非駕駛人,人的狀態,其他,其他,非汽、機及自行車,,,無(非車輛駕駛人因素),尚未發現肇事因素,否,121.508750,25.051670
2025,11,20251101,111000,A2,彰化縣警察局,彰化縣溪湖鎮湖西里二溪路一段218號前0.0公尺,晴,有照明未開啟或故障,村里道路,60,交岔路,四岔路,交叉路口,交叉路口內,柏油,乾燥,無缺陷,無障礙物,無遮蔽物,良好,行車管制號誌,正常,無,無分向設施,未繪設車道線,未繪設快慢車道分隔線,無,車與車,側撞,駕駛者,左轉彎未依規定,死亡0;受傷2,1,小客車(含客、貨兩用),自用,男,65,繫安全帶(使用幼童安全椅),未使用,車的狀態,左轉彎,汽車,左前車頭(身),,,駕駛者,左轉彎未依規定,否,120.474636,23.959497
2025,11,20251101,111000,A2,彰化縣警察局,彰化縣溪湖鎮湖西里二溪路一段218號前0.0公尺,晴,有照明未開啟或故障,村里道路,60,交岔路,四岔路,交叉路口,交叉路口內,柏油,乾燥,無缺陷,無障礙物,無遮蔽物,良好,行車管制號誌,正常,無,無分向設施,未繪設車道線,未繪設快慢車道分隔線,無,車與車,側撞,駕駛者,左轉彎未依規定,死亡0;受傷2,2,機車,普通重型,女,20,戴半罩式安全帽,未使用,車的狀態,向前直行中,機車與自行車,前車頭,,,無(車輛駕駛者因素),尚未發現肇事因素,否,120.474636,23.959497
2025,11,20251101,111000,A2,彰化縣警察局,彰化縣溪湖鎮湖西里二溪路一段218號前0.0公尺,晴,有照明未開啟或故障,村里道路,60,交岔路,四岔路,交叉路口,交叉路口內,柏油,乾燥,無缺陷,無障礙物,無遮蔽物,良好,行車管制號誌,正常,無,無分向設施,未繪設車道線,未繪設快慢車道分隔線,無,車與車,側撞,駕駛者,左轉彎未依規定,死亡0;受傷2,3,人,乘客,女,16,戴半罩式安全帽,非駕駛人,不明,不明,其他,非汽、機及自行車,,,無(非車輛駕駛人因素),尚未發現肇事因素,否,120.474636,23.959497
2025,11,20251101,111500,A2,臺中市政府警察局,臺中市清水區西社里中清路九段 / 臺中市清水區西社里中華路,晴,無照明,市區道路,50,交岔路,多岔路,交叉路口,交叉路口內,柏油,乾燥,無缺陷,無障礙物,無遮蔽物,良好,行車管制號誌,正常,中央分向島,寬式(50公分以上),車道線(無標記),快慢車道分隔線,無,車與車,其他,駕駛者,違反遵行方向標誌(線),死亡0;受傷1,1,機車,普通重型,女,63,戴非半罩式安全帽,未使用,車的狀態,向前直行中,機車與自行車,左側車身,,,駕駛者,違反遵行方向標誌(線),否,120.567632,24.270249
2025,11,20251101,111500,A2,臺中市政府警察局,臺中市清水區西社里中清路九段 / 臺中市清水區西社里中華路,晴,無照明,市區道路,50,交岔路,多岔路,交叉路口,交叉路口內,柏油,乾燥,無缺陷,無障礙物,無遮蔽物,良好,行車管制號誌,正常,中央分向島,寬式(50公分以上),車道線(無標記),快慢車道分隔線,無,車與車,其他,駕駛者,違反遵行方向標誌(線),死亡0;受傷1,2,小客車(含客、貨兩用),自用,男,54,繫安全帶(使用幼童安全椅),未使用,車的狀態,向前直行中,汽車,右側車身,,,無(車輛駕駛者因素),尚未發現肇事因素,否,120.567632,24.270249
2025,11,20251101,112100,A2,新北市政府警察局,新北市板橋區大觀路3段 / 新北市板橋區大觀路3段,陰,有照明未開啟或故障,市區道路,50,交岔路,多岔路,交叉路口,交叉路口內,柏油,乾燥,無缺陷,無障礙物,無遮蔽物,良好,行車管制號誌,正常,行車分向線,無標記,車道線(無標記),未繪設快慢車道分隔線,有,車與車,其他,駕駛者,闖紅燈直行,死亡0;受傷1,1,機車,普通重型,男,62,戴非半罩式安全帽,未使用,車的狀態,向前直行中,機車與自行車,右側車身,,,駕駛者,闖紅燈直行,否,121.481624,25.008958
2025,11,20251101,112100,A2,新北市政府警察局,新北市板橋區大觀路3段 / 新北市板橋區大觀路3段,陰,有照明未開啟或故障,市區道路,50,交岔路,多岔路,交叉路口,交叉路口內,柏油,乾燥,無缺陷,無障礙物,無遮蔽物,良好,行車管制號誌,正常,行車分向線,無標記,車道線(無標記),未繪設快慢車道分隔線,有,車與車,其他,駕駛者,闖紅燈直行,死亡0;受傷1,2,小客車(含客、貨兩用),自用,男,65,繫安全帶(使用幼童安全椅),未使用,車的狀態,向前直行中,汽車,前車頭,,,無(車輛駕駛者因素),尚未發現肇事因素,否,121.481624,25.008958
2025,11,20251101,112200,A2,嘉義市政府警察局,嘉義市東區仁義里新生路 / 嘉義市東區仁義里嘉北街,晴,有照明未開啟或故障,市區道路,50,交岔路,三岔路,交叉路口,交叉路口內,柏油,乾燥,無缺陷,無障礙物,無遮蔽物,良好,行車管制號誌(附設行人專用號誌),正常,無,無分向設施,未繪設車道線,未繪設快慢車道分隔線,無,車與車,側撞,駕駛者,有號誌路口，轉彎車未讓直行車先行,死亡0;受傷1,1,小客車(含客、貨兩用),自用,女,52,繫安全帶(使用幼童安全椅),未使用,車的狀態,左轉彎,汽車,右前車頭(身),,,駕駛者,有號誌路口，轉彎車未讓直行車先行,否,120.456635,23.494181
2025,11,20251101,112200,A2,嘉義市政府警察局,嘉義市東區仁義里新生路 / 嘉義市東區仁義里嘉北街,晴,有照明未開啟或故障,市區道路,50,交岔路,三岔路,交叉路口,交叉路口內,柏油,乾燥,無缺陷,無障礙物,無遮蔽物,良好,行車管制號誌(附設行人專用號誌),正常,無,無分向設施,未繪設車道線,未繪設快慢車道分隔線,無,車與車,側撞,駕駛者,有號誌路口，轉彎車未讓直行車先行,死亡0;受傷1,2,機車,普通重型,男,26,戴非半罩式安全帽,未使用,車的狀態,向前直行中,機車與自行車,左側車身,,,其他,其他不當駕車行為,否,120.456635,23.494181
2025,11,20251101,112500,A2,彰化縣警察局,彰化縣社頭鄉仁雅村員集路二段50號前,晴,無照明,村里道路,50,單路部分,直路,路段,一般車道(未劃分快慢車道),柏油,乾燥,無缺陷,無障礙物,無遮蔽物,良好,無號誌,無號誌,行車分向線,無標記,未繪設車道線,未繪設快慢車道分隔線,有,車與車,同向擦撞,其他,相關跡證不足且無具體影像紀錄，當事人各執一詞，經分析後無法釐清肇事原因,死亡0;受傷2,1,機車,普通重型,女,35,戴半罩式安全帽,未使用,車的狀態,向前直行中,機車與自行車,前車頭,,,其他,相關跡證不足且無具體影像紀錄，當事人各執一詞，經分析後無法釐清肇事原因,否,120.588320,23.895579
2025,11,20251101,112500,A2,彰化縣警察局,彰化縣社頭鄉仁雅村員集路二段50號前,晴,無照明,村里道路,50,單路部分,直路,路段,一般車道(未劃分快慢車道),柏油,乾燥,無缺陷,無障礙物,無遮蔽物,良好,無號誌,無號誌,行車分向線,無標記,未繪設車道線,未繪設快慢車道分隔線,有,車與車,同向擦撞,其他,相關跡證不足且無具體影像紀錄，當事人各執一詞，經分析後無法釐清肇事原因,死亡0;受傷2,2,機車,普通重型,男,38,戴半罩式安全帽,未使用,車的狀態,左轉彎,機車與自行車,左側車身,,,其他,相關跡證不足且無具體影像紀錄，當事人各執一詞，經分析後無法釐清肇事原因,否,120.588320,23.895579
2025,11,20251101,112700,A2,高雄市政府警察局,高雄市大寮區大寮路 / 高雄市大寮區大智街,晴,無照明,市區道路,50,交岔路,三岔路,交叉路口,交叉路口內,柏油,乾燥,無缺陷,無障礙物,無遮蔽物,良好,行車管制號誌,正常,雙向禁止超車線,無標記,車道線(無標記),未繪設快慢車道分隔線,有,車與車,追撞,駕駛者,未保持行車安全距離,死亡0;受傷1,1,機車,普通重型,男,20,戴非半罩式安全帽,未使用,車的狀態,向前直行中,機車與自行車,前車頭,,,駕駛者,未保持行車安全距離,否,120.411835,22.591488
2025,11,20251101,112700,A2,高雄市政府警察局,高雄市大寮區大寮路 / 高雄市大寮區大智街,晴,無照明,市區道路,50,交岔路,三岔路,交叉路口,交叉路口內,柏油,乾燥,無缺陷,無障礙物,無遮蔽物,良好,行車管制號誌,正常,雙向禁止超車線,無標記,車道線(無標記),未繪設快慢車道分隔線,有,車與車,追撞,駕駛者,未保持行車安全距離,死亡0;受傷1,2,小客車(含客、貨兩用),自用,女,63,繫安全帶(使用幼童安全椅),未使用,車的狀態,迴轉或橫越道路中,汽車,後車尾,,,無(車輛駕駛者因素),尚未發現肇事因素,否,120.411835,22.591488
2025,11,20251101,112800,A2,臺中市政府警察局,臺中市大肚區蔗廍里中蔗路1-16號前0.0公尺,晴,有照明未開啟或故障,市區道路,50,交岔路,三岔路,交叉路口,交叉口附近,柏油,乾燥,無缺陷,無障礙物,無遮蔽物,良好,無號誌,無號誌,雙向禁止超車線,無標記,未繪設車道線,未繪設快慢車道分隔線,無,車與車,側撞,駕駛者,未保持行車安全間隔,死亡0;受傷1,1,小貨車,自用,男,34,繫安全帶(使用幼童安全椅),未使用,車的狀態,右轉彎,汽車,右側車身,,,駕駛者,未保持行車安全間隔,否,120.579598,24.168684
2025,11,20251101,112800,A2,臺中市政府警察局,臺中市大肚區蔗廍里中蔗路1-16號前0.0公尺,晴,有照明未開啟或故障,市區道路,50,交岔路,三岔路,交叉路口,交叉口附近,柏油,乾燥,無缺陷,無障礙物,無遮蔽物,良好,無號誌,無號誌,雙向禁止超車線,無標記,未繪設車道線,未繪設快慢車道分隔線,無,車與車,側撞,駕駛者,未保持行車安全間隔,死亡0;受傷1,2,機車,普通重型,男,64,戴半罩式安全帽,未使用,車的狀態,向前直行中,機車與自行車,左側車身,,,駕駛者,未保持行車安全距離,否,120.579598,24.168684
2025,11,20251101,112800,A2,新北市政府警察局,新北市蘆洲區重陽街89-前號前0.0公尺,陰,有照明未開啟或故障,市區道路,50,單路部分,直路,路段,一般車道(未劃分快慢車道),柏油,乾燥,無缺陷,攤位、棚架,有遮蔽物,路上停放車輛,無號誌,無號誌,無,無分向設施,車道線(無標記),未繪設快慢車道分隔線,有,人與車,對向通行中,駕駛者,起步時未注意安全,死亡0;受傷1,1,小客車(含客、貨兩用),自用,男,62,不明,不明,車的狀態,起步,汽車,左前車頭(身),,,駕駛者,起步時未注意安全,否,121.480000,25.080000
2025,11,20251101,112800,A2,新北市政府警察局,新北市蘆洲區重陽街89-前號前0.0公尺,陰,有照明未開啟或故障,市區道路,50,單路部分,直路,路段,一般車道(未劃分快慢車道),柏油,乾燥,無缺陷,攤位、棚架,有遮蔽物,路上停放車輛,無號誌,無號誌,無,無分向設施,車道線(無標記),未繪設快慢車道分隔線,有,人與車,對向通行中,駕駛者,起步時未注意安全,死亡0;受傷1,2,人,其他人,男,66,其他(無需使用保護裝備之人),非駕駛人,人的狀態,其他,其他,非汽、機及自行車,,,非駕駛者,其他引起事故之疏失或行為,否,121.480000,25.080000
2025,11,20251101,113100,A2,臺中市政府警察局,臺中市北屯區松強里昌平路二段12-14號前0.0公尺,晴,有照明未開啟或故障,市區道路,50,交岔路,三岔路,交叉路口,交叉路口內,柏油,乾燥,無缺陷,無障礙物,無遮蔽物,良好,無號誌,無號誌,無,無分向設施,未繪設車道線,未繪設快慢車道分隔線,有,車輛本身,路上翻車、摔倒,其他,其他不當駕車行為,死亡0;受傷1,1,機車,普通重型,女,36,戴半罩式安全帽,未使用,車的狀態,左轉彎,機車與自行車,左側車身,,,其他,其他不當駕車行為,否,120.688432,24.182450
2025,11,20251101,113100,A2,臺中市政府警察局,臺中市北屯區松強里昌平路二段12-14號前0.0公尺,晴,有照明未開啟或故障,市區道路,50,交岔路,三岔路,交叉路口,交叉路口內,柏油,乾燥,無缺陷,無障礙物,無遮蔽物,良好,無號誌,無號誌,無,無分向設施,未繪設車道線,未繪設快慢車道分隔線,有,車輛本身,路上翻車、摔倒,其他,其他不當駕車行為,死亡0;受傷1,2,,,無或物(動物、堆置物),0,,,,,,,,,無(非車輛駕駛人因素),尚未發現肇事因素,否,120.688432,24.182450
2025,11,20251101,113100,A2,臺中市政府警察局,臺中市北屯區松強里昌平路二段12-14號前0.0公尺,晴,有照明未開啟或故障,市區道路,50,交岔路,三岔路,交叉路口,交叉路口內,柏油,乾燥,無缺陷,無障礙物,無遮蔽物,良好,無號誌,無號誌,無,無分向設施,未繪設車道線,未繪設快慢車道分隔線,有,車輛本身,路上翻車、摔倒,其他,其他不當駕車行為,死亡0;受傷1,3,小客車(含客、貨兩用),自用,男,57,繫安全帶(使用幼童安全椅),未使用,車的狀態,向前直行中,汽車,左前車頭(身),,,無(車輛駕駛者因素),尚未發現肇事因素,否,120.688432,24.182450
2025,11,20251101,113300,A2,新北市政府警察局,新北市淡水區新市一路3段102號前0.0公尺,晴,有照明未開啟或故障,市區道路,50,單路部分,直路,路段,一般車道(未劃分快慢車道),柏油,乾燥,無缺陷,無障礙物,無遮蔽物,良好,行車管制號誌(附設行人專用號誌),正常,雙向禁止超車線,附標記,車道線(附標記),快慢車道分隔線,有,車與車,對撞,無(車輛駕駛者因素),尚未發現肇事因素,死亡0;受傷3,1,機車,普通重型,男,19,戴半罩式安全帽,未使用,車的狀態,向前直行中,機車與自行車,前車頭,,,無(車輛駕駛者因素),尚未發現肇事因素,否,121.446484,25.182957
2025,11,20251101,113300,A2,新北市政府警察局,新北市淡水區新市一路3段102號前0.0公尺,晴,有照明未開啟或故障,市區道路,50,單路部分,直路,路段,一般車道(未劃分快慢車道),柏油,乾燥,無缺陷,無障礙物,無遮蔽物,良好,行車管制號誌(附設行人專用號誌),正常,雙向禁止超車線,附標記,車道線(附標記),快慢車道分隔線,有,車與車,對撞,無(車輛駕駛者因素),尚未發現肇事因素,死亡0;受傷3,2,機車,普通重型,男,18,戴半罩式安全帽,未使用,車的狀態,插入行列,機車與自行車,後車尾,,,無(車輛駕駛者因素),尚未發現肇事因素,否,121.446484,25.182957
2025,11,20251101,113300,A2,新北市政府警察局,新北市淡水區新市一路3段102號前0.0公尺,晴,有照明未開啟或故障,市區道路,50,單路部分,直路,路段,一般車道(未劃分快慢車道),柏油,乾燥,無缺陷,無障礙物,無遮蔽物,良好,行車管制號誌(附設行人專用號誌),正常,雙向禁止超車線,附標記,車道線(附標記),快慢車道分隔線,有,車與車,對撞,無(車輛駕駛者因素),尚未發現肇事因素,死亡0;受傷3,3,人,乘客,女,19,戴半罩式安全帽,非駕駛人,不明,不明,其他,無撞擊,,,無(非車輛駕駛人因素),尚未發現肇事因素,否,121.446484,25.182957
2025,11,20251101,113400,A2,臺中市政府警察局,臺中市大雅區六寶里中清路四段747號前0.0公尺,晴,有照明且開啟,市區道路,0,圓環廣場,其他,其他,人行道,其他鋪裝,乾燥,無缺陷,無障礙物,無遮蔽物,良好,無號誌,無號誌,無,無分向設施,未繪設車道線,未繪設快慢車道分隔線,無,車與車,倒車撞,駕駛者,倒車未依規定,死亡0;受傷1,1,小客車(含客、貨兩用),自用,男,58,繫安全帶(使用幼童安全椅),未使用,車的狀態,倒車,汽車,後車尾,,,駕駛者,倒車未依規定,否,120.633080,24.237971
2025,11,20251101,113400,A2,臺中市政府警察局,臺中市大雅區六寶里中清路四段747號前0.0公尺,晴,有照明且開啟,市區道路,0,圓環廣場,其他,其他,人行道,其他鋪裝,乾燥,無缺陷,無障礙物,無遮蔽物,良好,無號誌,無號誌,無,無分向設施,未繪設車道線,未繪設快慢車道分隔線,無,車與車,倒車撞,駕駛者,倒車未依規定,死亡0;受傷1,2,機車,普通重型,女,65,戴非半罩式安全帽,未使用,車的狀態,等待(引擎未熄火),機車與自行車,右側車身,,,無(車輛駕駛者因素),尚未發現肇事因素,否,120.633080,24.237971
2025,11,20251101,113700,A2,新北市政府警察局,新北市泰山區新北大道 / 新北市泰山區貴子路,晴,有照明未開啟或故障,市區道路,60,單路部分,直路,路段,一般車道(未劃分快慢車道),柏油,乾燥,無缺陷,無障礙物,無遮蔽物,良好,無號誌,無號誌,中央分向島,寬式(50公分以上),車道線(無標記),未繪設快慢車道分隔線,有,車與車,追撞,駕駛者,未保持行車安全距離,死亡0;受傷3,1,機車,普通重型,男,18,戴半罩式安全帽,未使用,車的狀態,向前直行中,機車與自行車,前車頭,,,駕駛者,未保持行車安全距離,否,121.428940,25.039469
2025,11,20251101,113700,A2,新北市政府警察局,新北市泰山區新北大道 / 新北市泰山區貴子路,晴,有照明未開啟或故障,市區道路,60,單路部分,直路,路段,一般車道(未劃分快慢車道),柏油,乾燥,無缺陷,無障礙物,無遮蔽物,良好,無號誌,無號誌,中央分向島,寬式(50公分以上),車道線(無標記),未繪設快慢車道分隔線,有,車與車,追撞,駕駛者,未保持行車安全距離,死亡0;受傷3,2,機車,普通重型,男,50,戴半罩式安全帽,未使用,車的狀態,向前直行中,其他,不明,,,無(車輛駕駛者因素),尚未發現肇事因素,否,121.428940,25.039469
2025,11,20251101,113700,A2,新北市政府警察局,新北市泰山區新北大道 / 新北市泰山區貴子路,晴,有照明未開啟或故障,市區道路,60,單路部分,直路,路段,一般車道(未劃分快慢車道),柏油,乾燥,無缺陷,無障礙物,無遮蔽物,良好,無號誌,無號誌,中央分向島,寬式(50公分以上),車道線(無標記),未繪設快慢車道分隔線,有,車與車,追撞,駕駛者,未保持行車安全距離,死亡0;受傷3,3,人,乘客,女,46,戴半罩式安全帽,非駕駛人,不明,不明,其他,非汽、機及自行車,,,無(非車輛駕駛人因素),尚未發現肇事因素,否,121.428940,25.039469
2025,11,20251101,114500,A2,高雄市政府警察局,高雄市旗山區中正路 / 高雄市旗山區華中街,晴,無照明,市區道路,50,交岔路,三岔路,交叉路口,交叉路口內,柏油,乾燥,無缺陷,無障礙物,無遮蔽物,良好,行車管制號誌,正常,雙向禁止超車線,附標記,車道線(附標記),未繪設快慢車道分隔線,有,車與車,側撞,駕駛者,左轉彎未依規定,死亡0;受傷1,1,小客車(含客、貨兩用),自用,男,75,繫安全帶(使用幼童安全椅),未使用,車的狀態,左轉彎,汽車,右前車頭(身),,,駕駛者,左轉彎未依規定,否,120.480098,22.888398
2025,11,20251101,114500,A2,高雄市政府警察局,高雄市旗山區中正路 / 高雄市旗山區華中街,晴,無照明,市區道路,50,交岔路,三岔路,交叉路口,交叉路口內,柏油,乾燥,無缺陷,無障礙物,無遮蔽物,良好,行車管制號誌,正常,雙向禁止超車線,附標記,車道線(附標記),未繪設快慢車道分隔線,有,車與車,側撞,駕駛者,左轉彎未依規定,死亡0;受傷1,2,機車,大型重型1(550C.C.以上),男,53,戴非半罩式安全帽,未使用,車的狀態,向前直行中,機車與自行車,左側車身,,,無(車輛駕駛者因素),尚未發現肇事因素,否,120.480098,22.888398
2025,11,20251101,114500,A2,苗栗縣警察局,苗栗縣三義鄉勝興村勝興238號前路口,晴,有照明未開啟或故障,市區道路,40,交岔路,四岔路,交叉路口,交叉路口內,柏油,乾燥,無缺陷,無障礙物,無遮蔽物,良好,無號誌,無號誌,無,無分向設施,未繪設車道線,未繪設快慢車道分隔線,無,車與車,對向擦撞,駕駛者,左轉彎未依規定,死亡0;受傷1,1,小客車(含客、貨兩用),自用,女,50,繫安全帶(使用幼童安全椅),未使用,車的狀態,左轉彎,汽車,左前車頭(身),,,駕駛者,左轉彎未依規定,否,120.765208,24.400446
2025,11,20251101,114500,A2,苗栗縣警察局,苗栗縣三義鄉勝興村勝興238號前路口,晴,有照明未開啟或故障,市區道路,40,交岔路,四岔路,交叉路口,交叉路口內,柏油,乾燥,無缺陷,無障礙物,無遮蔽物,良好,無號誌,無號誌,無,無分向設施,未繪設車道線,未繪設快慢車道分隔線,無,車與車,對向擦撞,駕駛者,左轉彎未依規定,死亡0;受傷1,2,機車,普通重型,女,69,戴半罩式安全帽,未使用,車的狀態,右轉彎,機車與自行車,前車頭,,,無(車輛駕駛者因素),尚未發現肇事因素,否,120.765208,24.400446
2025,11,20251101,114800,A2,新北市政府警察局,新北市五股區疏洪一路 / 新北市五股區疏洪八路,晴,有照明且開啟,市區道路,50,交岔路,四岔路,交叉路口,交叉口附近,柏油,乾燥,無缺陷,無障礙物,無遮蔽物,良好,行車管制號誌,正常,中央分向島,寬式(50公分以上),未繪設車道線,未繪設快慢車道分隔線,有,車與車,其他,其他,其他不當駕車行為,死亡0;受傷2,1,小客車(含客、貨兩用),營業用,男,45,不明,不明,車的狀態,向右變換車道,其他,無撞擊,,,其他,其他不當駕車行為,否,121.460552,25.071373