發生年度,發生月份,發生日期,發生時間,事故類別名稱,處理單位名稱警局層,發生地點,天候名稱,光線名稱,道路類別-第1當事者-名稱,速限-第1當事者,道路型態大類別名稱,道路型態子類別名稱,事故位置大類別名稱,事故位置子類別名稱,路面狀況-路面鋪裝名稱,路面狀況-路面狀態名稱,路面狀況-路面缺陷名稱,道路障礙-障礙物名稱,道路障礙-視距品質名稱,道路障礙-視距名稱,號誌-號誌種類名稱,號誌-號誌動作名稱,車道劃分設施-分向設施大類別名稱,車道劃分設施-分向設施子類別名稱,車道劃分設施-分道設施-快車道或一般車道間名稱,車道劃分設施-分道設施-快慢車道間名稱,車道劃分設施-分道設施-路面邊線名稱,事故類型及型態大類別名稱,事故類型及型態子類別名稱,肇因研判大類別名稱-主要,肇因研判子類別名稱-主要,死亡受傷人數,當事者順位,當事者區分-類別-大類別名稱-車種,當事者區分-類別-子類別名稱-車種,當事者屬-性-別名稱,當事者事故發生時年齡,保護裝備名稱,行動電話或電腦或其他相類功能裝置名稱,當事者行動狀態大類別名稱,當事者行動狀態子類別名稱,車輛撞擊部位大類別名稱-最初,車輛撞擊部位子類別名稱-最初,車輛撞擊部位大類別名稱-其他,車輛撞擊部位子類別名稱-其他,肇因研判大類別名稱-個別,肇因研判子類別名稱-個別,肇事逃逸類別名稱-是否肇逃,經度,緯度
2025,11,20251101,114800,A2,新北市政府警察局,新北市五股區疏洪一路 / 新北市五股區疏洪八路,晴,有照明且開啟,市區道路,50,交岔路,四岔路,交叉路口,交叉口附近,柏油,乾燥,無缺陷,無障礙物,無遮蔽物,良好,行車管制號誌,正常,中央分向島,寬式(50公分以上),未繪設車道線,未繪設快慢車道分隔線,有,車與車,其他,其他,其他不當駕車行為,死亡0;受傷2,2,機車,普通重型,女,18,不明,不明,車的狀態,向前直行中,機車與自行車,前車頭,,,其他,其他不當駕車行為,否,121.460552,25.071373
2025,11,20251101,114800,A2,新北市政府警察局,新北市五股區疏洪一路 / 新北市五股區疏洪八路,晴,有照明且開啟,市區道路,50,交岔路,四岔路,交叉路口,交叉口附近,柏油,乾燥,無缺陷,無障礙物,無遮蔽物,良好,行車管制號誌,正常,中央分向島,寬式(50公分以上),未繪設車道線,未繪設快慢車道分隔線,有,車與車,其他,其他,其他不當駕車行為,死亡0;受傷2,3,機車,普通重型,男,24,不明,不明,車的狀態,向前直行中,機車與自行車,後車尾,,,無(車輛駕駛者因素),尚未發現肇事因素,否,121.460552,25.071373
2025,11,20251101,114800,A2,新北市政府警察局,新北市五股區疏洪一路 / 新北市五股區疏洪八路,晴,有照明且開啟,市區道路,50,交岔路,四岔路,交叉路口,交叉口附近,柏油,乾燥,無缺陷,無障礙物,無遮蔽物,良好,行車管制號誌,正常,中央分向島,寬式(50公分以上),未繪設車道線,未繪設快慢車道分隔線,有,車與車,其他,其他,其他不當駕車行為,死亡0;受傷2,4,人,乘客,女,23,不明,非駕駛人,人的狀態,其他,其他,非汽、機及自行車,,,無(非車輛駕駛人因素),尚未發現肇事因素,否,121.460552,25.071373
2025,11,20251101,114900,A2,臺中市政府警察局,臺中市霧峰區北柳里四德路166號前0.0公尺,晴,有照明未開啟或故障,市區道路,50,交岔路,三岔路,路段,一般車道(未劃分快慢車道),柏油,乾燥,無缺陷,無障礙物,無遮蔽物,良好,無號誌,無號誌,無,無分向設施,未繪設車道線,未繪設快慢車道分隔線,無,車輛本身,路上翻車、摔倒,其他,其他不當駕車行為,死亡0;受傷1,1,機車,普通重型,男,68,不明,不明,車的狀態,向前直行中,機車與自行車,右側車身,,,其他,其他不當駕車行為,否,120.692728,24.066137
2025,11,20251101,114900,A2,臺中市政府警察局,臺中市霧峰區北柳里四德路166號前0.0公尺,晴,有照明未開啟或故障,市區道路,50,交岔路,三岔路,路段,一般車道(未劃分快慢車道),柏油,乾燥,無缺陷,無障礙物,無遮蔽物,良好,無號誌,無號誌,無,無分向設施,未繪設車道線,未繪設快慢車道分隔線,無,車輛本身,路上翻車、摔倒,其他,其他不當駕車行為,死亡0;受傷1,2,,,無或物(動物、堆置物),0,,,,,,,,,無(非車輛駕駛人因素),尚未發現肇事因素,否,120.692728,24.066137
2025,11,20251101,115000,A2,臺中市政府警察局,臺中市太平區成功里建興路1號前0.0公尺,陰,有照明未開啟或故障,市區道路,50,單路部分,直路,路段,一般車道(未劃分快慢車道),柏油,乾燥,無缺陷,無障礙物,無遮蔽物,良好,無號誌,無號誌,雙向禁止超車線,無標記,未繪設車道線,未繪設快慢車道分隔線,有,車與車,其他,其他,開啟或關閉車門不當,死亡0;受傷1,1,小貨車,自用,男,55,繫安全帶(使用幼童安全椅),未使用,車的狀態,靜止(引擎熄火),汽車,左側車身,,,其他,開啟或關閉車門不當,否,120.723231,24.131647
2025,11,20251101,115000,A2,臺中市政府警察局,臺中市太平區成功里建興路1號前0.0公尺,陰,有照明未開啟或故障,市區道路,50,單路部分,直路,路段,一般車道(未劃分快慢車道),柏油,乾燥,無缺陷,無障礙物,無遮蔽物,良好,無號誌,無號誌,雙向禁止超車線,無標記,未繪設車道線,未繪設快慢車道分隔線,有,車與車,其他,其他,開啟或關閉車門不當,死亡0;受傷1,2,機車,普通重型,女,62,戴半罩式安全帽,未使用,車的狀態,向前直行中,機車與自行車,右側車身,,,無(車輛駕駛者因素),尚未發現肇事因素,否,120.723231,24.131647
2025,11,20251101,115030,A2,彰化縣警察局,彰化縣溪湖鎮中竹里竹福路詔安巷中竹枝右分5前,晴,有照明未開啟或故障,村里道路,30,單路部分,彎曲路及附近,路段,一般車道(未劃分快慢車道),柏油,乾燥,無缺陷,無障礙物,無遮蔽物,良好,無號誌,無號誌,無,無分向設施,未繪設車道線,未繪設快慢車道分隔線,無,車與車,對向擦撞,駕駛者,未靠右行駛,死亡0;受傷2,1,機車,普通重型,女,56,戴半罩式安全帽,未使用,車的狀態,向前直行中,機車與自行車,前車頭,機車與自行車,前車頭,駕駛者,未靠右行駛,否,120.510179,23.972092
2025,11,20251101,115030,A2,彰化縣警察局,彰化縣溪湖鎮中竹里竹福路詔安巷中竹枝右分5前,晴,有照明未開啟或故障,村里道路,30,單路部分,彎曲路及附近,路段,一般車道(未劃分快慢車道),柏油,乾燥,無缺陷,無障礙物,無遮蔽物,良好,無號誌,無號誌,無,無分向設施,未繪設車道線,未繪設快慢車道分隔線,無,車與車,對向擦撞,駕駛者,未靠右行駛,死亡0;受傷2,2,機車,普通重型,女,37,戴半罩式安全帽,未使用,車的狀態,向前直行中,機車與自行車,前車頭,機車與自行車,前車頭,無(車輛駕駛者因素),尚未發現肇事因素,否,120.510179,23.972092
2025,11,20251101,115300,A2,南投縣政府警察局,南投縣竹山鎮延平一路、集山路三段50巷口,陰,有照明未開啟或故障,市區道路,30,交岔路,四岔路,交叉路口,交叉路口內,柏油,乾燥,無缺陷,無障礙物,無遮蔽物,良好,閃光號誌,正常,雙向禁止超車線,無標記,未繪設車道線,未繪設快慢車道分隔線,有,車與車,路口交岔撞,駕駛者,起步時未注意安全,死亡0;受傷1,1,機車,普通重型,男,24,戴非半罩式安全帽,未使用,車的狀態,起步,機車與自行車,前車頭,機車與自行車,右側車身,駕駛者,起步時未注意安全,否,120.703847,23.765524
2025,11,20251101,115300,A2,南投縣政府警察局,南投縣竹山鎮延平一路、集山路三段50巷口,陰,有照明未開啟或故障,市區道路,30,交岔路,四岔路,交叉路口,交叉路口內,柏油,乾燥,無缺陷,無障礙物,無遮蔽物,良好,閃光號誌,正常,雙向禁止超車線,無標記,未繪設車道線,未繪設快慢車道分隔線,有,車與車,路口交岔撞,駕駛者,起步時未注意安全,死亡0;受傷1,2,小客車(含客、貨兩用),自用,男,36,繫安全帶(使用幼童安全椅),未使用,車的狀態,向前直行中,汽車,左後車尾(身),汽車,左後車尾(身),駕駛者,未依規定減速,否,120.703847,23.765524
2025,11,20251101,115500,A2,臺中市政府警察局,臺中市沙鹿區六路里北勢東路 / 臺中市沙鹿區六路里六路一街,晴,有照明未開啟或故障,市區道路,50,交岔路,三岔路,交叉路口,交叉路口內,柏油,乾燥,無缺陷,無障礙物,無遮蔽物,良好,無號誌,無號誌,無,無分向設施,未繪設車道線,未繪設快慢車道分隔線,無,車與車,其他,駕駛者,違反其他標誌(線)禁制,死亡0;受傷1,1,小客車(含客、貨兩用),自用,男,34,繫安全帶(使用幼童安全椅),未使用,車的狀態,右轉彎,汽車,左前車頭(身),,,駕駛者,違反其他標誌(線)禁制,否,120.579675,24.216726
2025,11,20251101,115500,A2,臺中市政府警察局,臺中市沙鹿區六路里北勢東路 / 臺中市沙鹿區六路里六路一街,晴,有照明未開啟或故障,市區道路,50,交岔路,三岔路,交叉路口,交叉路口內,柏油,乾燥,無缺陷,無障礙物,無遮蔽物,良好,無號誌,無號誌,無,無分向設施,未繪設車道線,未繪設快慢車道分隔線,無,車與車,其他,駕駛者,違反其他標誌(線)禁制,死亡0;受傷1,2,機車,普通重型,男,48,戴半罩式安全帽,未使用,車的狀態,向前直行中,機車與自行車,前車頭,,,其他,其他不當駕車行為,否,120.579675,24.216726
2025,11,20251101,115500,A2,臺中市政府警察局,臺中市沙鹿區六路里北勢東路 / 臺中市沙鹿區六路里六路一街,晴,有照明未開啟或故障,市區道路,50,交岔路,三岔路,交叉路口,交叉路口內,柏油,乾燥,無缺陷,無障礙物,無遮蔽物,良好,無號誌,無號誌,無,無分向設施,未繪設車道線,未繪設快慢車道分隔線,無,車與車,其他,駕駛者,違反其他標誌(線)禁制,死亡0;受傷1,3,小客車(含客、貨兩用),自用,男,39,不明,不明,車的狀態,靜止(引擎熄火),其他,無撞擊,,,其他,違規(臨時)停車,否,120.579675,24.216726
2025,11,20251101,115800,A2,高雄市政府警察局,高雄市大寮區鳳林三路 / 高雄市大寮區鳳林三路,晴,無照明,市區道路,30,交岔路,三岔路,交叉路口,交叉口附近,柏油,乾燥,無缺陷,無障礙物,無遮蔽物,良好,行車管制號誌,正常,無,無分向設施,未繪設車道線,未繪設快慢車道分隔線,無,車與車,同向擦撞,駕駛者,未保持行車安全間隔,死亡0;受傷1,1,小客車(含客、貨兩用),自用,女,42,繫安全帶(使用幼童安全椅),未使用,車的狀態,向前直行中,汽車,右側車身,,,駕駛者,未保持行車安全間隔,否,120.395500,22.604950
2025,11,20251101,115800,A2,高雄市政府警察局,高雄市大寮區鳳林三路 / 高雄市大寮區鳳林三路,晴,無照明,市區道路,30,交岔路,三岔路,交叉路口,交叉口附近,柏油,乾燥,無缺陷,無障礙物,無遮蔽物,良好,行車管制號誌,正常,無,無分向設施,未繪設車道線,未繪設快慢車道分隔線,無,車與車,同向擦撞,駕駛者,未保持行車安全間隔,死亡0;受傷1,2,慢車,腳踏自行車,女,15,其他(無需使用保護裝備之人),未使用,車的狀態,向前直行中,機車與自行車,左側車身,,,無(車輛駕駛者因素),尚未發現肇事因素,否,120.395500,22.604950
2025,11,20251101,115800,A2,臺中市政府警察局,臺中市神岡區圳前里圳前路前0.0公尺,晴,有照明未開啟或故障,市區道路,40,單路部分,直路,路段,一般車道(未劃分快慢車道),柏油,乾燥,無缺陷,無障礙物,無遮蔽物,良好,無號誌,無號誌,中央分向島,寬式(50公分以上),未繪設車道線,未繪設快慢車道分隔線,有,車與車,同向擦撞,駕駛者,未保持行車安全間隔,死亡0;受傷1,1,小客車(含客、貨兩用),自用,男,41,不明,不明,車的狀態,向前直行中,汽車,右前車頭(身),,,駕駛者,未保持行車安全間隔,否,120.671988,24.271121
2025,11,20251101,115800,A2,臺中市政府警察局,臺中市神岡區圳前里圳前路前0.0公尺,晴,有照明未開啟或故障,市區道路,40,單路部分,直路,路段,一般車道(未劃分快慢車道),柏油,乾燥,無缺陷,無障礙物,無遮蔽物,良好,無號誌,無號誌,中央分向島,寬式(50公分以上),未繪設車道線,未繪設快慢車道分隔線,有,車與車,同向擦撞,駕駛者,未保持行車安全間隔,死亡0;受傷1,2,機車,普通重型,女,59,不明,不明,車的狀態,向前直行中,機車與自行車,左側車身,,,無(車輛駕駛者因素),尚未發現肇事因素,否,120.671988,24.271121
2025,11,20251101,120100,A2,臺中市政府警察局,臺中市南屯區新生里永春路 / 臺中市南屯區新生里新德街,晴,有照明未開啟或故障,市區道路,50,交岔路,三岔路,交叉路口,交叉路口內,柏油,乾燥,無缺陷,無障礙物,無遮蔽物,良好,行車管制號誌,正常,無,無分向設施,未繪設車道線,未繪設快慢車道分隔線,無,車與車,側撞,駕駛者,違規超車,死亡0;受傷1,1,機車,普通重型,男,21,戴非半罩式安全帽,未使用,車的狀態,超車(含超越),機車與自行車,左側車身,,,駕駛者,違規超車,否,120.622214,24.140160
2025,11,20251101,120100,A2,臺中市政府警察局,臺中市南屯區新生里永春路 / 臺中市南屯區新生里新德街,晴,有照明未開啟或故障,市區道路,50,交岔路,三岔路,交叉路口,交叉路口內,柏油,乾燥,無缺陷,無障礙物,無遮蔽物,良好,行車管制號誌,正常,無,無分向設施,未繪設車道線,未繪設快慢車道分隔線,無,車與車,側撞,駕駛者,違規超車,死亡0;受傷1,2,小客車(含客、貨兩用),自用,男,34,繫安全帶(使用幼童安全椅),未使用,車的狀態,右轉彎,汽車,右前車頭(身),,,駕駛者,未靠右行駛,否,120.622214,24.140160
2025,11,20251101,120100,A2,嘉義市政府警察局,嘉義市西區新西里上海路 / 嘉義市西區新西里平等街,晴,有照明未開啟或故障,市區道路,50,交岔路,四岔路,交叉路口,交叉路口內,柏油,乾燥,無缺陷,無障礙物,無遮蔽物,良好,行車管制號誌,正常,無,無分向設施,未繪設車道線,未繪設快慢車道分隔線,無,車與車,路口交岔撞,其他,其他不當駕車行為,死亡0;受傷2,1,小客車(含客、貨兩用),自用,男,41,繫安全帶(使用幼童安全椅),未使用,車的狀態,向前直行中,汽車,右側車身,,,其他,其他不當駕車行為,是,120.436099,23.470168
2025,11,20251101,120100,A2,嘉義市政府警察局,嘉義市西區新西里上海路 / 嘉義市西區新西里平等街,晴,有照明未開啟或故障,市區道路,50,交岔路,四岔路,交叉路口,交叉路口內,柏油,乾燥,無缺陷,無障礙物,無遮蔽物,良好,行車管制號誌,正常,無,無分向設施,未繪設車道線,未繪設快慢車道分隔線,無,車與車,路口交岔撞,其他,其他不當駕車行為,死亡0;受傷2,2,機車,普通重型,男,42,戴非半罩式安全帽,未使用,車的狀態,等待(引擎未熄火),機車與自行車,左側車身,,,無(車輛駕駛者因素),尚未發現肇事因素,否,120.436099,23.470168
2025,11,20251101,120100,A2,嘉義市政府警察局,嘉義市西區新西里上海路 / 嘉義市西區新西里平等街,晴,有照明未開啟或故障,市區道路,50,交岔路,四岔路,交叉路口,交叉路口內,柏油,乾燥,無缺陷,無障礙物,無遮蔽物,良好,行車管制號誌,正常,無,無分向設施,未繪設車道線,未繪設快慢車道分隔線,無,車與車,路口交岔撞,其他,其他不當駕車行為,死亡0;受傷2,3,人,乘客,女,35,戴非半罩式安全帽,非駕駛人,人的狀態,不明,其他,非汽、機及自行車,,,無(非車輛駕駛人因素),尚未發現肇事因素,否,120.436099,23.470168
2025,11,20251101,120400,A2,臺中市政府警察局,臺中市東區旱溪里復興東路 / 臺中市東區旱溪里旱溪街,晴,有照明未開啟或故障,市區道路,50,交岔路,多岔路,交叉路口,交叉路口內,柏油,乾燥,無缺陷,無障礙物,無遮蔽物,良好,行車管制號誌(附設行人專用號誌),正常,無,無分向設施,未繪設車道線,未繪設快慢車道分隔線,無,車與車,其他,駕駛者,左轉彎未依規定,死亡0;受傷1,1,機車,普通重型,男,18,戴半罩式安全帽,未使用,車的狀態,左轉彎,機車與自行車,左側車身,,,駕駛者,左轉彎未依規定,否,120.694620,24.140478
2025,11,20251101,120400,A2,臺中市政府警察局,臺中市東區旱溪里復興東路 / 臺中市東區旱溪里旱溪街,晴,有照明未開啟或故障,市區道路,50,交岔路,多岔路,交叉路口,交叉路口內,柏油,乾燥,無缺陷,無障礙物,無遮蔽物,良好,行車管制號誌(附設行人專用號誌),正常,無,無分向設施,未繪設車道線,未繪設快慢車道分隔線,無,車與車,其他,駕駛者,左轉彎未依規定,死亡0;受傷1,2,小客車(含客、貨兩用),自用,男,31,繫安全帶(使用幼童安全椅),未使用,車的狀態,向前直行中,汽車,右側車身,,,無(車輛駕駛者因素),尚未發現肇事因素,否,120.694620,24.140478
2025,11,20251101,120400,A2,基隆市警察局,基隆市安樂區麥金路222號前0.0公尺,陰,有照明未開啟或故障,市區道路,50,單路部分,直路,路段,一般車道(未劃分快慢車道),柏油,乾燥,無缺陷,無障礙物,無遮蔽物,良好,行車管制號誌(附設行人專用號誌),正常,雙向禁止超車線,無標記,車道線(無標記),未繪設快慢車道分隔線,無,車與車,同向擦撞,駕駛者,恍神、緊張、心不在焉分心駕駛,死亡0;受傷1,1,半聯結車,營業用,男,33,不明,不明,車的狀態,向前直行中,汽車,右前車頭(身),,,駕駛者,恍神、緊張、心不在焉分心駕駛,否,121.722002,25.121204
2025,11,20251101,120400,A2,基隆市警察局,基隆市安樂區麥金路222號前0.0公尺,陰,有照明未開啟或故障,市區道路,50,單路部分,直路,路段,一般車道(未劃分快慢車道),柏油,乾燥,無缺陷,無障礙物,無遮蔽物,良好,行車管制號誌(附設行人專用號誌),正常,雙向禁止超車線,無標記,車道線(無標記),未繪設快慢車道分隔線,無,車與車,同向擦撞,駕駛者,恍神、緊張、心不在焉分心駕駛,死亡0;受傷1,2,機車,普通重型,男,73,不明,不明,車的狀態,向前直行中,機車與自行車,左側車身,,,無(車輛駕駛者因素),尚未發現肇事因素,否,121.722002,25.121204
2025,11,20251101,120600,A2,臺中市政府警察局,臺中市大雅區大雅里學府路347號前0.0公尺,晴,有照明未開啟或故障,市區道路,50,交岔路,四岔路,交叉路口,交叉口附近,柏油,乾燥,無缺陷,無障礙物,無遮蔽物,良好,無號誌,無號誌,雙向禁止超車線,無標記,未繪設車道線,未繪設快慢車道分隔線,有,車與車,其他,駕駛者,未依規定減速,死亡0;受傷2,1,機車,普通重型,女,41,戴非半罩式安全帽,未使用,車的狀態,向前直行中,機車與自行車,左側車身,,,駕駛者,未依規定減速,否,120.648538,24.225957
2025,11,20251101,120600,A2,臺中市政府警察局,臺中市大雅區大雅里學府路347號前0.0公尺,晴,有照明未開啟或故障,市區道路,50,交岔路,四岔路,交叉路口,交叉口附近,柏油,乾燥,無缺陷,無障礙物,無遮蔽物,良好,無號誌,無號誌,雙向禁止超車線,無標記,未繪設車道線,未繪設快慢車道分隔線,有,車與車,其他,駕駛者,未依規定減速,死亡0;受傷2,2,機車,普通重型,女,37,戴非半罩式安全帽,未使用,車的狀態,起步,其他,無撞擊,,,其他,其他不當駕車行為,否,120.648538,24.225957
2025,11,20251101,120600,A2,臺中市政府警察局,臺中市大雅區大雅里學府路347號前0.0公尺,晴,有照明未開啟或故障,市區道路,50,交岔路,四岔路,交叉路口,交叉口附近,柏油,乾燥,無缺陷,無障礙物,無遮蔽物,良好,無號誌,無號誌,雙向禁止超車線,無標記,未繪設車道線,未繪設快慢車道分隔線,有,車與車,其他,駕駛者,未依規定減速,死亡0;受傷2,3,人,乘客,男,8,戴非半罩式安全帽,非駕駛人,人的狀態,靜立(止),其他,非汽、機及自行車,,,無(非車輛駕駛人因素),尚未發現肇事因素,否,120.648538,24.225957
2025,11,20251101,120800,A2,新竹縣政府警察局,新竹縣竹東鎮惠昌街92號前,晴,無照明,市區道路,50,單路部分,直路,路段,一般車道(未劃分快慢車道),柏油,乾燥,無缺陷,無障礙物,無遮蔽物,良好,無號誌,無號誌,行車分向線,附標記,車道線(附標記),未繪設快慢車道分隔線,無,車與車,同向擦撞,其他,肇事逃逸未查獲，無法查明肇因,死亡0;受傷3,1,,,肇事逃逸尚未查獲,-1,,,,,,,,,其他,肇事逃逸未查獲，無法查明肇因,是,121.089066,24.739687
2025,11,20251101,120800,A2,新竹縣政府警察局,新竹縣竹東鎮惠昌街92號前,晴,無照明,市區道路,50,單路部分,直路,路段,一般車道(未劃分快慢車道),柏油,乾燥,無缺陷,無障礙物,無遮蔽物,良好,無號誌,無號誌,行車分向線,附標記,車道線(附標記),未繪設快慢車道分隔線,無,車與車,同向擦撞,其他,肇事逃逸未查獲，無法查明肇因,死亡0;受傷3,2,機車,普通重型,男,47,戴非半罩式安全帽,未使用,車的狀態,向前直行中,機車與自行車,後車尾,,,其他,其他不當駕車行為,否,121.089066,24.739687
2025,11,20251101,120800,A2,新竹縣政府警察局,新竹縣竹東鎮惠昌街92號前,晴,無照明,市區道路,50,單路部分,直路,路段,一般車道(未劃分快慢車道),柏油,乾燥,無缺陷,無障礙物,無遮蔽物,良好,無號誌,無號誌,行車分向線,附標記,車道線(附標記),未繪設快慢車道分隔線,無,車與車,同向擦撞,其他,肇事逃逸未查獲，無法查明肇因,死亡0;受傷3,3,機車,普通重型,女,40,戴非半罩式安全帽,未使用,車的狀態,等待(引擎未熄火),機車與自行車,後車尾,,,其他,其他不當駕車行為,否,121.089066,24.739687
2025,11,20251101,120800,A2,新竹縣政府警察局,新竹縣竹東鎮惠昌街92號前,晴,無照明,市區道路,50,單路部分,直路,路段,一般車道(未劃分快慢車道),柏油,乾燥,無缺陷,無障礙物,無遮蔽物,良好,無號誌,無號誌,行車分向線,附標記,車道線(附標記),未繪設快慢車道分隔線,無,車與車,同向擦撞,其他,肇事逃逸未查獲，無法查明肇因,死亡0;受傷3,4,機車,普通重型,女,38,戴非半罩式安全帽,未使用,車的狀態,向前直行中,機車與自行車,前車頭,,,其他,其他不當駕車行為,否,121.089066,24.739687
2025,11,20251101,120800,A2,新竹縣政府警察局,新竹縣竹東鎮惠昌街92號前,晴,無照明,市區道路,50,單路部分,直路,路段,一般車道(未劃分快慢車道),柏油,乾燥,無缺陷,無障礙物,無遮蔽物,良好,無號誌,無號誌,行車分向線,附標記,車道線(附標記),未繪設快慢車道分隔線,無,車與車,同向擦撞,其他,肇事逃逸未查獲，無法查明肇因,死亡0;受傷3,5,人,乘客,女,10,戴非半罩式安全帽,非駕駛人,不明,不明,其他,非汽、機及自行車,,,非駕駛者,其他引起事故之疏失或行為,否,121.089066,24.739687
2025,11,20251101,120800,A2,新竹縣政府警察局,新竹縣竹東鎮惠昌街92號前,晴,無照明,市區道路,50,單路部分,直路,路段,一般車道(未劃分快慢車道),柏油,乾燥,無缺陷,無障礙物,無遮蔽物,良好,無號誌,無號誌,行車分向線,附標記,車道線(附標記),未繪設快慢車道分隔線,無,車與車,同向擦撞,其他,肇事逃逸未查獲，無法查明肇因,死亡0;受傷3,6,人,乘客,女,11,戴非半罩式安全帽,非駕駛人,不明,不明,其他,非汽、機及自行車,,,非駕駛者,其他引起事故之疏失或行為,否,121.089066,24.739687
2025,11,20251101,120800,A2,新竹縣政府警察局,新竹縣竹東鎮惠昌街92號前,晴,無照明,市區道路,50,單路部分,直路,路段,一般車道(未劃分快慢車道),柏油,乾燥,無缺陷,無障礙物,無遮蔽物,良好,無號誌,無號誌,行車分向線,附標記,車道線(附標記),未繪設快慢車道分隔線,無,車與車,同向擦撞,其他,肇事逃逸未查獲，無法查明肇因,死亡0;受傷3,7,人,乘客,女,13,戴非半罩式安全帽,非駕駛人,不明,不明,其他,非汽、機及自行車,,,非駕駛者,其他引起事故之疏失或行為,否,121.089066,24.739687
2025,11,20251101,120900,A2,臺中市政府警察局,臺中市西屯區惠來里市政北七路3號前0.0公尺,晴,有照明未開啟或故障,市區道路,50,單路部分,直路,路段,一般車道(未劃分快慢車道),柏油,乾燥,無缺陷,無障礙物,無遮蔽物,良好,無號誌,無號誌,中央分向島,窄式無柵欄,車道線(無標記),未繪設快慢車道分隔線,無,車與車,側撞,駕駛者,右轉彎未依規定,死亡0;受傷1,1,小客車(含客、貨兩用),自用,男,38,繫安全帶(使用幼童安全椅),未使用,車的狀態,右轉彎,汽車,右側車身,,,駕駛者,右轉彎未依規定,否,120.644383,24.162888
2025,11,20251101,120900,A2,臺中市政府警察局,臺中市西屯區惠來里市政北七路3號前0.0公尺,晴,有照明未開啟或故障,市區道路,50,單路部分,直路,路段,一般車道(未劃分快慢車道),柏油,乾燥,無缺陷,無障礙物,無遮蔽物,良好,無號誌,無號誌,中央分向島,窄式無柵欄,車道線(無標記),未繪設快慢車道分隔線,無,車與車,側撞,駕駛者,右轉彎未依規定,死亡0;受傷1,2,機車,普通重型,女,24,戴半罩式安全帽,未使用,車的狀態,向前直行中,機車與自行車,左側車身,,,無(車輛駕駛者因素),尚未發現肇事因素,否,120.644383,24.162888
2025,11,20251101,121000,A2,新北市政府警察局,新北市新莊區中華路1段 / 新北市新莊區公園路,陰,無照明,市區道路,50,交岔路,四岔路,交叉路口,交叉路口內,柏油,乾燥,無缺陷,無障礙物,無遮蔽物,良好,行車管制號誌,正常,雙向禁止超車線,無標記,未繪設車道線,未繪設快慢車道分隔線,無,車與車,其他,駕駛者,其他未依規定讓車,死亡0;受傷1,1,機車,普通重型,女,60,戴半罩式安全帽,未使用,車的狀態,右轉彎,機車與自行車,前車頭,,,駕駛者,其他未依規定讓車,否,121.452392,25.040073
2025,11,20251101,121000,A2,新北市政府警察局,新北市新莊區中華路1段 / 新北市新莊區公園路,陰,無照明,市區道路,50,交岔路,四岔路,交叉路口,交叉路口內,柏油,乾燥,無缺陷,無障礙物,無遮蔽物,良好,行車管制號誌,正常,雙向禁止超車線,無標記,未繪設車道線,未繪設快慢車道分隔線,無,車與車,其他,駕駛者,其他未依規定讓車,死亡0;受傷1,2,慢車,電動輔助自行車,男,14,其他(無需使用保護裝備之人),未使用,車的狀態,左轉彎,機車與自行車,右側車身,,,無(車輛駕駛者因素),尚未發現肇事因素,否,121.452392,25.040073
2025,11,20251101,121000,A2,臺北市政府警察局,臺北市大安區忠孝東路4段 / 臺北市大安區敦化南路1段,雨,無照明,市區道路,30,交岔路,四岔路,交叉路口,交叉路口內,柏油,濕潤,無缺陷,無障礙物,無遮蔽物,良好,無號誌,無號誌,無,無分向設施,未繪設車道線,未繪設快慢車道分隔線,無,車與車,其他,駕駛者,無號誌路口，支線道未讓幹線道先行,死亡0;受傷2,1,機車,普通重型,男,63,不明,不明,車的狀態,向前直行中,機車與自行車,左側車身,,,駕駛者,無號誌路口，支線道未讓幹線道先行,否,121.549654,25.042593
2025,11,20251101,121000,A2,臺北市政府警察局,臺北市大安區忠孝東路4段 / 臺北市大安區敦化南路1段,雨,無照明,市區道路,30,交岔路,四岔路,交叉路口,交叉路口內,柏油,濕潤,無缺陷,無障礙物,無遮蔽物,良好,無號誌,無號誌,無,無分向設施,未繪設車道線,未繪設快慢車道分隔線,無,車與車,其他,駕駛者,無號誌路口，支線道未讓幹線道先行,死亡0;受傷2,2,機車,普通重型,男,40,不明,不明,車的狀態,向前直行中,機車與自行車,前車頭,,,無(車輛駕駛者因素),尚未發現肇事因素,否,121.549654,25.042593
2025,11,20251101,121100,A2,臺中市政府警察局,臺中市西區吉龍里忠明南路 / 臺中市西區吉龍里南屯路一段,晴,有照明且開啟,市區道路,50,交岔路,四岔路,交叉路口,交叉路口內,柏油,乾燥,無缺陷,無障礙物,無遮蔽物,良好,行車管制號誌,正常,無,無分向設施,未繪設車道線,未繪設快慢車道分隔線,有,車與車,其他,駕駛者,未保持行車安全距離,死亡0;受傷2,1,機車,普通重型,男,62,不明,不明,車的狀態,向前直行中,機車與自行車,前車頭,,,駕駛者,未保持行車安全距離,否,120.657387,24.134369
2025,11,20251101,121100,A2,臺中市政府警察局,臺中市西區吉龍里忠明南路 / 臺中市西區吉龍里南屯路一段,晴,有照明且開啟,市區道路,50,交岔路,四岔路,交叉路口,交叉路口內,柏油,乾燥,無缺陷,無障礙物,無遮蔽物,良好,行車管制號誌,正常,無,無分向設施,未繪設車道線,未繪設快慢車道分隔線,有,車與車,其他,駕駛者,未保持行車安全距離,死亡0;受傷2,2,機車,普通重型,男,20,不明,不明,車的狀態,向前直行中,機車與自行車,後車尾,,,無(車輛駕駛者因素),尚未發現肇事因素,否,120.657387,24.134369