發生年度,發生月份,發生日期,發生時間,事故類別名稱,處理單位名稱警局層,發生地點,天候名稱,光線名稱,道路類別-第1當事者-名稱,速限-第1當事者,道路型態大類別名稱,道路型態子類別名稱,事故位置大類別名稱,事故位置子類別名稱,路面狀況-路面鋪裝名稱,路面狀況-路面狀態名稱,路面狀況-路面缺陷名稱,道路障礙-障礙物名稱,道路障礙-視距品質名稱,道路障礙-視距名稱,號誌-號誌種類名稱,號誌-號誌動作名稱,車道劃分設施-分向設施大類別名稱,車道劃分設施-分向設施子類別名稱,車道劃分設施-分道設施-快車道或一般車道間名稱,車道劃分設施-分道設施-快慢車道間名稱,車道劃分設施-分道設施-路面邊線名稱,事故類型及型態大類別名稱,事故類型及型態子類別名稱,肇因研判大類別名稱-主要,肇因研判子類別名稱-主要,死亡受傷人數,當事者順位,當事者區分-類別-大類別名稱-車種,當事者區分-類別-子類別名稱-車種,當事者屬-性-別名稱,當事者事故發生時年齡,保護裝備名稱,行動電話或電腦或其他相類功能裝置名稱,當事者行動狀態大類別名稱,當事者行動狀態子類別名稱,車輛撞擊部位大類別名稱-最初,車輛撞擊部位子類別名稱-最初,車輛撞擊部位大類別名稱-其他,車輛撞擊部位子類別名稱-其他,肇因研判大類別名稱-個別,肇因研判子類別名稱-個別,肇事逃逸類別名稱-是否肇逃,經度,緯度
2025,11,20251101,121300,A2,臺中市政府警察局,臺中市北屯區新平里中清路二段 / 臺中市北屯區新平里陳平路,晴,有照明未開啟或故障,市區道路,50,交岔路,三岔路,交叉路口,交叉口附近,柏油,乾燥,無缺陷,無障礙物,無遮蔽物,良好,行車管制號誌(附設行人專用號誌),正常,無,無分向設施,未繪設車道線,未繪設快慢車道分隔線,有,車與車,追撞,駕駛者,未保持行車安全距離,死亡0;受傷1,1,機車,普通重型,女,20,戴半罩式安全帽,未使用,車的狀態,向前直行中,機車與自行車,前車頭,,,駕駛者,未保持行車安全距離,否,120.665131,24.183728
2025,11,20251101,121300,A2,臺中市政府警察局,臺中市北屯區新平里中清路二段 / 臺中市北屯區新平里陳平路,晴,有照明未開啟或故障,市區道路,50,交岔路,三岔路,交叉路口,交叉口附近,柏油,乾燥,無缺陷,無障礙物,無遮蔽物,良好,行車管制號誌(附設行人專用號誌),正常,無,無分向設施,未繪設車道線,未繪設快慢車道分隔線,有,車與車,追撞,駕駛者,未保持行車安全距離,死亡0;受傷1,2,小客車(含客、貨兩用),自用,男,41,繫安全帶(使用幼童安全椅),未使用,車的狀態,急減速或急停止,汽車,後車尾,,,無(車輛駕駛者因素),尚未發現肇事因素,否,120.665131,24.183728
2025,11,20251101,121500,A2,臺中市政府警察局,臺中市太平區長億里永祥街 / 臺中市太平區長億里長億六街,晴,有照明未開啟或故障,市區道路,50,交岔路,四岔路,交叉路口,交叉路口內,柏油,乾燥,無缺陷,無障礙物,無遮蔽物,良好,無號誌,無號誌,無,無分向設施,未繪設車道線,未繪設快慢車道分隔線,無,車與車,其他,駕駛者,其他未依規定讓車,死亡0;受傷1,1,小貨車,自用,男,35,不明,不明,車的狀態,左轉彎,汽車,前車頭,,,駕駛者,其他未依規定讓車,否,120.720802,24.114226
2025,11,20251101,121500,A2,臺中市政府警察局,臺中市太平區長億里永祥街 / 臺中市太平區長億里長億六街,晴,有照明未開啟或故障,市區道路,50,交岔路,四岔路,交叉路口,交叉路口內,柏油,乾燥,無缺陷,無障礙物,無遮蔽物,良好,無號誌,無號誌,無,無分向設施,未繪設車道線,未繪設快慢車道分隔線,無,車與車,其他,駕駛者,其他未依規定讓車,死亡0;受傷1,2,機車,普通重型,男,57,不明,不明,車的狀態,向前直行中,機車與自行車,右側車身,,,駕駛者,恍神、緊張、心不在焉分心駕駛,否,120.720802,24.114226
2025,11,20251101,121600,A2,臺中市政府警察局,臺中市神岡區社南里中山路551巷前0.0公尺,晴,有照明且開啟,市區道路,30,交岔路,三岔路,交叉路口,交叉路口內,柏油,乾燥,無缺陷,無障礙物,無遮蔽物,良好,無號誌,無號誌,無,無分向設施,未繪設車道線,未繪設快慢車道分隔線,無,車與車,側撞,駕駛者,其他未依規定讓車,死亡0;受傷1,1,機車,普通重型,女,53,戴半罩式安全帽,不明,車的狀態,左轉彎,機車與自行車,前車頭,,,駕駛者,其他未依規定讓車,否,120.683229,24.244750
2025,11,20251101,121600,A2,臺中市政府警察局,臺中市神岡區社南里中山路551巷前0.0公尺,晴,有照明且開啟,市區道路,30,交岔路,三岔路,交叉路口,交叉路口內,柏油,乾燥,無缺陷,無障礙物,無遮蔽物,良好,無號誌,無號誌,無,無分向設施,未繪設車道線,未繪設快慢車道分隔線,無,車與車,側撞,駕駛者,其他未依規定讓車,死亡0;受傷1,2,慢車,微型電動二輪車,男,15,戴半罩式安全帽,不明,車的狀態,向前直行中,機車與自行車,前車頭,,,駕駛者,閃避不當(慎),否,120.683229,24.244750
2025,11,20251101,121700,A2,臺中市政府警察局,臺中市西屯區何仁里西屯路二段126巷19號前0.0公尺,晴,有照明未開啟或故障,市區道路,30,單路部分,直路,路段,路肩、路緣,柏油,乾燥,無缺陷,無障礙物,無遮蔽物,良好,無號誌,無號誌,無,無分向設施,未繪設車道線,未繪設快慢車道分隔線,無,車與車,側撞,駕駛者,左轉彎未依規定,死亡0;受傷1,1,機車,普通重型,女,27,戴非半罩式安全帽,未使用,車的狀態,左轉彎,機車與自行車,左側車身,,,駕駛者,左轉彎未依規定,否,120.652391,24.167518
2025,11,20251101,121700,A2,臺中市政府警察局,臺中市西屯區何仁里西屯路二段126巷19號前0.0公尺,晴,有照明未開啟或故障,市區道路,30,單路部分,直路,路段,路肩、路緣,柏油,乾燥,無缺陷,無障礙物,無遮蔽物,良好,無號誌,無號誌,無,無分向設施,未繪設車道線,未繪設快慢車道分隔線,無,車與車,側撞,駕駛者,左轉彎未依規定,死亡0;受傷1,2,機車,普通重型,女,25,戴非半罩式安全帽,未使用,車的狀態,向前直行中,機車與自行車,右側車身,,,無(車輛駕駛者因素),尚未發現肇事因素,否,120.652391,24.167518
2025,11,20251101,122000,A2,高雄市政府警察局,高雄市前鎮區明鳳五街95號前0.0公尺,晴,無照明,市區道路,50,單路部分,直路,路段,一般車道(未劃分快慢車道),柏油,乾燥,無缺陷,無障礙物,無遮蔽物,良好,無號誌,無號誌,行車分向線,無標記,未繪設車道線,未繪設快慢車道分隔線,無,車與車,追撞,駕駛者,未保持行車安全距離,死亡0;受傷4,1,機車,普通重型,男,46,戴非半罩式安全帽,未使用,車的狀態,向前直行中,機車與自行車,前車頭,,,駕駛者,未保持行車安全距離,否,120.335170,22.585212
2025,11,20251101,122000,A2,高雄市政府警察局,高雄市前鎮區明鳳五街95號前0.0公尺,晴,無照明,市區道路,50,單路部分,直路,路段,一般車道(未劃分快慢車道),柏油,乾燥,無缺陷,無障礙物,無遮蔽物,良好,無號誌,無號誌,行車分向線,無標記,未繪設車道線,未繪設快慢車道分隔線,無,車與車,追撞,駕駛者,未保持行車安全距離,死亡0;受傷4,2,機車,普通重型,女,49,戴非半罩式安全帽,未使用,車的狀態,等待(引擎未熄火),機車與自行車,後車尾,,,無(車輛駕駛者因素),尚未發現肇事因素,否,120.335170,22.585212
2025,11,20251101,122000,A2,高雄市政府警察局,高雄市前鎮區明鳳五街95號前0.0公尺,晴,無照明,市區道路,50,單路部分,直路,路段,一般車道(未劃分快慢車道),柏油,乾燥,無缺陷,無障礙物,無遮蔽物,良好,無號誌,無號誌,行車分向線,無標記,未繪設車道線,未繪設快慢車道分隔線,無,車與車,追撞,駕駛者,未保持行車安全距離,死亡0;受傷4,3,人,乘客,女,44,戴非半罩式安全帽,非駕駛人,人的狀態,其他,其他,非汽、機及自行車,,,無(非車輛駕駛人因素),尚未發現肇事因素,否,120.335170,22.585212
2025,11,20251101,122000,A2,高雄市政府警察局,高雄市前鎮區明鳳五街95號前0.0公尺,晴,無照明,市區道路,50,單路部分,直路,路段,一般車道(未劃分快慢車道),柏油,乾燥,無缺陷,無障礙物,無遮蔽物,良好,無號誌,無號誌,行車分向線,無標記,未繪設車道線,未繪設快慢車道分隔線,無,車與車,追撞,駕駛者,未保持行車安全距離,死亡0;受傷4,4,人,乘客,男,5,戴非半罩式安全帽,非駕駛人,人的狀態,其他,其他,非汽、機及自行車,,,無(非車輛駕駛人因素),尚未發現肇事因素,否,120.335170,22.585212
2025,11,20251101,122000,A2,臺北市政府警察局,臺北市中正區中山南路 / 臺北市中正區信義路1段,陰,有照明未開啟或故障,市區道路,50,交岔路,多岔路,交叉路口,交叉路口內,柏油,乾燥,無缺陷,無障礙物,無遮蔽物,良好,行車管制號誌,正常,中央分向島,寬式(50公分以上),車道線(無標記),未繪設快慢車道分隔線,無,車與車,側撞,駕駛者,有號誌路口，轉彎車未讓直行車先行,死亡0;受傷1,1,機車,普通重型,男,22,戴非半罩式安全帽,未使用,車的狀態,右轉彎,機車與自行車,後車尾,,,駕駛者,有號誌路口，轉彎車未讓直行車先行,否,121.517878,25.038631
2025,11,20251101,122000,A2,臺北市政府警察局,臺北市中正區中山南路 / 臺北市中正區信義路1段,陰,有照明未開啟或故障,市區道路,50,交岔路,多岔路,交叉路口,交叉路口內,柏油,乾燥,無缺陷,無障礙物,無遮蔽物,良好,行車管制號誌,正常,中央分向島,寬式(50公分以上),車道線(無標記),未繪設快慢車道分隔線,無,車與車,側撞,駕駛者,有號誌路口，轉彎車未讓直行車先行,死亡0;受傷1,2,機車,普通重型,女,50,戴非半罩式安全帽,未使用,車的狀態,向前直行中,機車與自行車,前車頭,,,駕駛者,未保持行車安全距離,否,121.517878,25.038631
2025,11,20251101,122400,A2,臺中市政府警察局,臺中市南屯區三和里河南路四段前0.0公尺,晴,無照明,市區道路,50,交岔路,四岔路,交叉路口,機車停等區,柏油,乾燥,無缺陷,無障礙物,無遮蔽物,良好,行車管制號誌(附設行人專用號誌),正常,中央分向島,寬式(50公分以上),車道線(無標記),快慢車道分隔線,無,車與車,追撞,駕駛者,未保持行車安全距離,死亡0;受傷2,1,機車,普通重型,女,24,戴半罩式安全帽,未使用,車的狀態,向前直行中,機車與自行車,前車頭,,,駕駛者,未保持行車安全距離,否,120.637648,24.149055
2025,11,20251101,122400,A2,臺中市政府警察局,臺中市南屯區三和里河南路四段前0.0公尺,晴,無照明,市區道路,50,交岔路,四岔路,交叉路口,機車停等區,柏油,乾燥,無缺陷,無障礙物,無遮蔽物,良好,行車管制號誌(附設行人專用號誌),正常,中央分向島,寬式(50公分以上),車道線(無標記),快慢車道分隔線,無,車與車,追撞,駕駛者,未保持行車安全距離,死亡0;受傷2,2,機車,普通重型,女,35,戴半罩式安全帽,未使用,車的狀態,向前直行中,機車與自行車,後車尾,機車與自行車,前車頭,無(車輛駕駛者因素),尚未發現肇事因素,否,120.637648,24.149055
2025,11,20251101,122400,A2,臺中市政府警察局,臺中市南屯區三和里河南路四段前0.0公尺,晴,無照明,市區道路,50,交岔路,四岔路,交叉路口,機車停等區,柏油,乾燥,無缺陷,無障礙物,無遮蔽物,良好,行車管制號誌(附設行人專用號誌),正常,中央分向島,寬式(50公分以上),車道線(無標記),快慢車道分隔線,無,車與車,追撞,駕駛者,未保持行車安全距離,死亡0;受傷2,3,機車,普通重型,男,45,戴半罩式安全帽,未使用,車的狀態,向前直行中,機車與自行車,後車尾,,,無(車輛駕駛者因素),尚未發現肇事因素,否,120.637648,24.149055
2025,11,20251101,122400,A2,臺中市政府警察局,臺中市神岡區圳前里國道四號聯絡道 / 臺中市神岡區圳前里崎溝路,晴,有照明未開啟或故障,市區道路,50,交岔路,多岔路,交叉路口,交叉路口內,柏油,乾燥,無缺陷,無障礙物,無遮蔽物,良好,行車管制號誌,正常,無,無分向設施,未繪設車道線,未繪設快慢車道分隔線,無,車與車,側撞,其他,相關跡證不足且無具體影像紀錄，當事人各執一詞，經分析後無法釐清肇事原因,死亡0;受傷1,1,小貨車,自用,男,31,不明,不明,車的狀態,右轉彎,汽車,右前車頭(身),,,其他,相關跡證不足且無具體影像紀錄，當事人各執一詞，經分析後無法釐清肇事原因,否,120.665083,24.273670
2025,11,20251101,122400,A2,臺中市政府警察局,臺中市神岡區圳前里國道四號聯絡道 / 臺中市神岡區圳前里崎溝路,晴,有照明未開啟或故障,市區道路,50,交岔路,多岔路,交叉路口,交叉路口內,柏油,乾燥,無缺陷,無障礙物,無遮蔽物,良好,行車管制號誌,正常,無,無分向設施,未繪設車道線,未繪設快慢車道分隔線,無,車與車,側撞,其他,相關跡證不足且無具體影像紀錄，當事人各執一詞，經分析後無法釐清肇事原因,死亡0;受傷1,2,機車,普通重型,男,32,不明,不明,車的狀態,向前直行中,其他,無撞擊,,,其他,相關跡證不足且無具體影像紀錄，當事人各執一詞，經分析後無法釐清肇事原因,否,120.665083,24.273670
2025,11,20251101,122400,A2,臺中市政府警察局,臺中市神岡區圳前里國道四號聯絡道 / 臺中市神岡區圳前里崎溝路,晴,有照明未開啟或故障,市區道路,50,交岔路,多岔路,交叉路口,交叉路口內,柏油,乾燥,無缺陷,無障礙物,無遮蔽物,良好,行車管制號誌,正常,無,無分向設施,未繪設車道線,未繪設快慢車道分隔線,無,車與車,側撞,其他,相關跡證不足且無具體影像紀錄，當事人各執一詞，經分析後無法釐清肇事原因,死亡0;受傷1,3,人,乘客,女,32,不明,非駕駛人,人的狀態,靜立(止),其他,非汽、機及自行車,,,無(非車輛駕駛人因素),尚未發現肇事因素,否,120.665083,24.273670
2025,11,20251101,123000,A2,臺中市政府警察局,臺中市北屯區忠平里陳平路前0.0公尺,晴,有照明未開啟或故障,市區道路,50,單路部分,直路,路段,快車道,柏油,乾燥,無缺陷,無障礙物,無遮蔽物,良好,無號誌,無號誌,雙向禁止超車線,無標記,車道線(無標記),快慢車道分隔線,無,車與車,同向擦撞,駕駛者,恍神、緊張、心不在焉分心駕駛,死亡0;受傷3,1,機車,普通重型,女,20,戴非半罩式安全帽,未使用,車的狀態,向前直行中,機車與自行車,右側車身,,,駕駛者,恍神、緊張、心不在焉分心駕駛,否,120.667285,24.185147
2025,11,20251101,123000,A2,臺中市政府警察局,臺中市北屯區忠平里陳平路前0.0公尺,晴,有照明未開啟或故障,市區道路,50,單路部分,直路,路段,快車道,柏油,乾燥,無缺陷,無障礙物,無遮蔽物,良好,無號誌,無號誌,雙向禁止超車線,無標記,車道線(無標記),快慢車道分隔線,無,車與車,同向擦撞,駕駛者,恍神、緊張、心不在焉分心駕駛,死亡0;受傷3,2,機車,普通重型,女,42,戴非半罩式安全帽,未使用,車的狀態,其他,機車與自行車,左側車身,,,駕駛者,方向不定(不包括危險駕車),否,120.667285,24.185147
2025,11,20251101,123000,A2,臺中市政府警察局,臺中市北屯區忠平里陳平路前0.0公尺,晴,有照明未開啟或故障,市區道路,50,單路部分,直路,路段,快車道,柏油,乾燥,無缺陷,無障礙物,無遮蔽物,良好,無號誌,無號誌,雙向禁止超車線,無標記,車道線(無標記),快慢車道分隔線,無,車與車,同向擦撞,駕駛者,恍神、緊張、心不在焉分心駕駛,死亡0;受傷3,3,人,乘客,女,22,戴非半罩式安全帽,非駕駛人,人的狀態,其他,其他,非汽、機及自行車,,,無(非車輛駕駛人因素),尚未發現肇事因素,否,120.667285,24.185147
2025,11,20251101,123100,A2,臺中市政府警察局,臺中市豐原區三村里三和路 / 臺中市豐原區三村里弘智街,晴,有照明未開啟或故障,市區道路,50,交岔路,三岔路,交叉路口,交叉路口內,柏油,乾燥,無缺陷,無障礙物,無遮蔽物,良好,無號誌,無號誌,雙向禁止超車線,無標記,未繪設車道線,未繪設快慢車道分隔線,有,車與車,側撞,駕駛者,無號誌路口，支線道未讓幹線道先行,死亡0;受傷1,1,機車,普通重型,男,35,戴半罩式安全帽,未使用,車的狀態,左轉彎,機車與自行車,前車頭,機車與自行車,右側車身,駕駛者,無號誌路口，支線道未讓幹線道先行,否,120.701305,24.224416
2025,11,20251101,123100,A2,臺中市政府警察局,臺中市豐原區三村里三和路 / 臺中市豐原區三村里弘智街,晴,有照明未開啟或故障,市區道路,50,交岔路,三岔路,交叉路口,交叉路口內,柏油,乾燥,無缺陷,無障礙物,無遮蔽物,良好,無號誌,無號誌,雙向禁止超車線,無標記,未繪設車道線,未繪設快慢車道分隔線,有,車與車,側撞,駕駛者,無號誌路口，支線道未讓幹線道先行,死亡0;受傷1,2,機車,普通重型,男,49,戴半罩式安全帽,未使用,車的狀態,向前直行中,機車與自行車,右側車身,機車與自行車,右側車身,駕駛者,未依規定減速,否,120.701305,24.224416
2025,11,20251101,123200,A2,臺中市政府警察局,臺中市北屯區大德里中清路二段 / 臺中市北屯區大德里中清路二段,晴,無照明,市區道路,50,交岔路,四岔路,交叉路口,交叉口附近,柏油,乾燥,無缺陷,無障礙物,無遮蔽物,良好,行車管制號誌,正常,中央分向島,寬式(50公分以上),車道線(無標記),未繪設快慢車道分隔線,無,車與車,追撞,駕駛者,未保持行車安全距離,死亡0;受傷3,1,機車,普通重型,女,20,戴半罩式安全帽,未使用,車的狀態,向右變換車道,機車與自行車,前車頭,,,駕駛者,未保持行車安全距離,否,120.668779,24.178157
2025,11,20251101,123200,A2,臺中市政府警察局,臺中市北屯區大德里中清路二段 / 臺中市北屯區大德里中清路二段,晴,無照明,市區道路,50,交岔路,四岔路,交叉路口,交叉口附近,柏油,乾燥,無缺陷,無障礙物,無遮蔽物,良好,行車管制號誌,正常,中央分向島,寬式(50公分以上),車道線(無標記),未繪設快慢車道分隔線,無,車與車,追撞,駕駛者,未保持行車安全距離,死亡0;受傷3,2,小客車(含客、貨兩用),自用,女,53,繫安全帶(使用幼童安全椅),未使用,車的狀態,向前直行中,汽車,右後車尾(身),,,無(車輛駕駛者因素),尚未發現肇事因素,否,120.668779,24.178157
2025,11,20251101,123200,A2,臺中市政府警察局,臺中市北屯區大德里中清路二段 / 臺中市北屯區大德里中清路二段,晴,無照明,市區道路,50,交岔路,四岔路,交叉路口,交叉口附近,柏油,乾燥,無缺陷,無障礙物,無遮蔽物,良好,行車管制號誌,正常,中央分向島,寬式(50公分以上),車道線(無標記),未繪設快慢車道分隔線,無,車與車,追撞,駕駛者,未保持行車安全距離,死亡0;受傷3,3,機車,普通重型,男,27,戴半罩式安全帽,未使用,車的狀態,向前直行中,機車與自行車,前車頭,,,無(車輛駕駛者因素),尚未發現肇事因素,否,120.668779,24.178157
2025,11,20251101,123200,A2,臺中市政府警察局,臺中市北屯區大德里中清路二段 / 臺中市北屯區大德里中清路二段,晴,無照明,市區道路,50,交岔路,四岔路,交叉路口,交叉口附近,柏油,乾燥,無缺陷,無障礙物,無遮蔽物,良好,行車管制號誌,正常,中央分向島,寬式(50公分以上),車道線(無標記),未繪設快慢車道分隔線,無,車與車,追撞,駕駛者,未保持行車安全距離,死亡0;受傷3,4,人,乘客,男,26,戴半罩式安全帽,非駕駛人,人的狀態,其他,其他,非汽、機及自行車,,,無(非車輛駕駛人因素),尚未發現肇事因素,否,120.668779,24.178157
2025,11,20251101,123456,A2,新竹縣政府警察局,新竹縣新埔鎮中正路90號前,晴,有照明未開啟或故障,市區道路,50,單路部分,直路,路段,一般車道(未劃分快慢車道),柏油,乾燥,無缺陷,無障礙物,無遮蔽物,良好,無號誌,無號誌,雙向禁止超車線,無標記,車道線(無標記),未繪設快慢車道分隔線,有,車與車,其他,駕駛者,恍神、緊張、心不在焉分心駕駛,死亡0;受傷1,1,機車,普通重型,女,19,戴半罩式安全帽,未使用,車的狀態,向前直行中,機車與自行車,前車頭,,,駕駛者,恍神、緊張、心不在焉分心駕駛,否,121.085381,24.826392
2025,11,20251101,123456,A2,新竹縣政府警察局,新竹縣新埔鎮中正路90號前,晴,有照明未開啟或故障,市區道路,50,單路部分,直路,路段,一般車道(未劃分快慢車道),柏油,乾燥,無缺陷,無障礙物,無遮蔽物,良好,無號誌,無號誌,雙向禁止超車線,無標記,車道線(無標記),未繪設快慢車道分隔線,有,車與車,其他,駕駛者,恍神、緊張、心不在焉分心駕駛,死亡0;受傷1,2,慢車,微型電動二輪車,女,43,不明,未使用,車的狀態,靜止(引擎熄火),機車與自行車,右側車身,,,無(車輛駕駛者因素),尚未發現肇事因素,否,121.085381,24.826392
2025,11,20251101,123500,A2,高雄市政府警察局,高雄市鳳山區南昌街 / 高雄市鳳山區南昌街,晴,有照明未開啟或故障,市區道路,50,交岔路,三岔路,交叉路口,交叉口附近,柏油,乾燥,無缺陷,無障礙物,無遮蔽物,良好,無號誌,無號誌,行車分向線,無標記,車道線(無標記),未繪設快慢車道分隔線,有,車與車,對向擦撞,駕駛者,恍神、緊張、心不在焉分心駕駛,死亡0;受傷1,1,小客車(含客、貨兩用),自用,男,42,繫安全帶(使用幼童安全椅),未使用,車的狀態,向前直行中,汽車,前車頭,,,駕駛者,恍神、緊張、心不在焉分心駕駛,否,120.341430,22.602791
2025,11,20251101,123500,A2,高雄市政府警察局,高雄市鳳山區南昌街 / 高雄市鳳山區南昌街,晴,有照明未開啟或故障,市區道路,50,交岔路,三岔路,交叉路口,交叉口附近,柏油,乾燥,無缺陷,無障礙物,無遮蔽物,良好,無號誌,無號誌,行車分向線,無標記,車道線(無標記),未繪設快慢車道分隔線,有,車與車,對向擦撞,駕駛者,恍神、緊張、心不在焉分心駕駛,死亡0;受傷1,2,機車,普通重型,女,63,戴半罩式安全帽,未使用,車的狀態,向前直行中,機車與自行車,前車頭,,,駕駛者,恍神、緊張、心不在焉分心駕駛,否,120.341430,22.602791
2025,11,20251101,123700,A2,臺中市政府警察局,臺中市北區建德里國強街 / 臺中市北區建德里梅豐街,晴,有照明未開啟或故障,市區道路,50,交岔路,四岔路,交叉路口,交叉路口內,柏油,乾燥,無缺陷,無障礙物,無遮蔽物,良好,閃光號誌,正常,無,無分向設施,未繪設車道線,未繪設快慢車道分隔線,無,車與車,路口交岔撞,駕駛者,違反閃光號誌,死亡0;受傷1,1,小客車(含客、貨兩用),自用,男,58,不明,不明,車的狀態,向前直行中,汽車,左後車尾(身),,,駕駛者,違反閃光號誌,否,120.697361,24.156714
2025,11,20251101,123700,A2,臺中市政府警察局,臺中市北區建德里國強街 / 臺中市北區建德里梅豐街,晴,有照明未開啟或故障,市區道路,50,交岔路,四岔路,交叉路口,交叉路口內,柏油,乾燥,無缺陷,無障礙物,無遮蔽物,良好,閃光號誌,正常,無,無分向設施,未繪設車道線,未繪設快慢車道分隔線,無,車與車,路口交岔撞,駕駛者,違反閃光號誌,死亡0;受傷1,2,機車,普通重型,男,70,不明,不明,車的狀態,向前直行中,機車與自行車,前車頭,,,駕駛者,未依規定減速,否,120.697361,24.156714
2025,11,20251101,124000,A2,臺中市政府警察局,臺中市南區永興里美村南路251號前0.0公尺,晴,無照明,市區道路,50,單路部分,直路,路段,一般車道(未劃分快慢車道),柏油,乾燥,無缺陷,無障礙物,無遮蔽物,良好,無號誌,無號誌,雙向禁止超車線,無標記,車道線(無標記),未繪設快慢車道分隔線,無,車與車,其他,駕駛者,違反其他標誌(線)禁制,死亡0;受傷2,1,機車,普通重型,女,19,戴半罩式安全帽,未使用,車的狀態,迴轉或橫越道路中,機車與自行車,左側車身,,,駕駛者,違反其他標誌(線)禁制,否,120.666722,24.114563
2025,11,20251101,124000,A2,臺中市政府警察局,臺中市南區永興里美村南路251號前0.0公尺,晴,無照明,市區道路,50,單路部分,直路,路段,一般車道(未劃分快慢車道),柏油,乾燥,無缺陷,無障礙物,無遮蔽物,良好,無號誌,無號誌,雙向禁止超車線,無標記,車道線(無標記),未繪設快慢車道分隔線,無,車與車,其他,駕駛者,違反其他標誌(線)禁制,死亡0;受傷2,2,機車,普通輕型,女,54,戴半罩式安全帽,未使用,車的狀態,向前直行中,機車與自行車,前車頭,,,無(車輛駕駛者因素),尚未發現肇事因素,否,120.666722,24.114563
2025,11,20251101,124100,A2,臺中市政府警察局,臺中市北區新北里雙十路二段前0.0公尺,晴,無照明,市區道路,50,單路部分,直路,其他,其他,柏油,乾燥,無缺陷,無障礙物,無遮蔽物,良好,無號誌,無號誌,雙向禁止超車線,無標記,車道線(無標記),未繪設快慢車道分隔線,無,車與車,其他,駕駛者,未保持行車安全距離,死亡0;受傷1,1,機車,普通重型,男,26,不明,不明,車的狀態,向前直行中,機車與自行車,前車頭,,,駕駛者,未保持行車安全距離,否,120.687175,24.148899
2025,11,20251101,124100,A2,臺中市政府警察局,臺中市北區新北里雙十路二段前0.0公尺,晴,無照明,市區道路,50,單路部分,直路,其他,其他,柏油,乾燥,無缺陷,無障礙物,無遮蔽物,良好,無號誌,無號誌,雙向禁止超車線,無標記,車道線(無標記),未繪設快慢車道分隔線,無,車與車,其他,駕駛者,未保持行車安全距離,死亡0;受傷1,2,小客車(含客、貨兩用),自用,男,38,不明,不明,車的狀態,向前直行中,汽車,左後車尾(身),,,無(車輛駕駛者因素),尚未發現肇事因素,否,120.687175,24.148899
2025,11,20251101,124300,A2,臺中市政府警察局,臺中市南屯區大業里大昌街484號前0.0公尺,晴,有照明未開啟或故障,市區道路,50,單路部分,直路,路段,一般車道(未劃分快慢車道),柏油,乾燥,無缺陷,無障礙物,無遮蔽物,良好,無號誌,無號誌,雙向禁止超車線,無標記,車道線(無標記),未繪設快慢車道分隔線,無,車與車,其他,駕駛者,起步時未注意安全,死亡0;受傷2,1,機車,普通重型,男,29,戴非半罩式安全帽,未使用,車的狀態,起步,機車與自行車,右側車身,,,駕駛者,起步時未注意安全,否,120.652309,24.151986
2025,11,20251101,124300,A2,臺中市政府警察局,臺中市南屯區大業里大昌街484號前0.0公尺,晴,有照明未開啟或故障,市區道路,50,單路部分,直路,路段,一般車道(未劃分快慢車道),柏油,乾燥,無缺陷,無障礙物,無遮蔽物,良好,無號誌,無號誌,雙向禁止超車線,無標記,車道線(無標記),未繪設快慢車道分隔線,無,車與車,其他,駕駛者,起步時未注意安全,死亡0;受傷2,2,機車,普通重型,男,20,戴非半罩式安全帽,未使用,車的狀態,向前直行中,機車與自行車,左側車身,,,駕駛者,恍神、緊張、心不在焉分心駕駛,否,120.652309,24.151986
2025,11,20251101,124300,A2,新北市政府警察局,新北市萬里區台2線前0.0公尺,陰,有照明未開啟或故障,省道,60,單路部分,直路,路段,慢車道,柏油,乾燥,無缺陷,無障礙物,無遮蔽物,良好,無號誌,無號誌,中央分向島,窄式附柵欄,車道線(附標記),快慢車道分隔線,有,車輛本身,路上翻車、摔倒,無(車輛駕駛者因素),尚未發現肇事因素,死亡0;受傷1,1,機車,普通重型,男,44,戴半罩式安全帽,未使用,車的狀態,向前直行中,其他,無撞擊,,,無(車輛駕駛者因素),尚未發現肇事因素,否,121.694146,25.179432
2025,11,20251101,124300,A2,新北市政府警察局,新北市萬里區台2線前0.0公尺,陰,有照明未開啟或故障,省道,60,單路部分,直路,路段,慢車道,柏油,乾燥,無缺陷,無障礙物,無遮蔽物,良好,無號誌,無號誌,中央分向島,窄式附柵欄,車道線(附標記),快慢車道分隔線,有,車輛本身,路上翻車、摔倒,無(車輛駕駛者因素),尚未發現肇事因素,死亡0;受傷1,2,,,無或物(動物、堆置物),0,,,,,,,,,無(非車輛駕駛人因素),尚未發現肇事因素,否,121.694146,25.179432