發生年度,發生月份,發生日期,發生時間,事故類別名稱,處理單位名稱警局層,發生地點,天候名稱,光線名稱,道路類別-第1當事者-名稱,速限-第1當事者,道路型態大類別名稱,道路型態子類別名稱,事故位置大類別名稱,事故位置子類別名稱,路面狀況-路面鋪裝名稱,路面狀況-路面狀態名稱,路面狀況-路面缺陷名稱,道路障礙-障礙物名稱,道路障礙-視距品質名稱,道路障礙-視距名稱,號誌-號誌種類名稱,號誌-號誌動作名稱,車道劃分設施-分向設施大類別名稱,車道劃分設施-分向設施子類別名稱,車道劃分設施-分道設施-快車道或一般車道間名稱,車道劃分設施-分道設施-快慢車道間名稱,車道劃分設施-分道設施-路面邊線名稱,事故類型及型態大類別名稱,事故類型及型態子類別名稱,肇因研判大類別名稱-主要,肇因研判子類別名稱-主要,死亡受傷人數,當事者順位,當事者區分-類別-大類別名稱-車種,當事者區分-類別-子類別名稱-車種,當事者屬-性-別名稱,當事者事故發生時年齡,保護裝備名稱,行動電話或電腦或其他相類功能裝置名稱,當事者行動狀態大類別名稱,當事者行動狀態子類別名稱,車輛撞擊部位大類別名稱-最初,車輛撞擊部位子類別名稱-最初,車輛撞擊部位大類別名稱-其他,車輛撞擊部位子類別名稱-其他,肇因研判大類別名稱-個別,肇因研判子類別名稱-個別,肇事逃逸類別名稱-是否肇逃,經度,緯度
2025,11,20251101,124300,A2,新北市政府警察局,新北市萬里區台2線前0.0公尺,陰,有照明未開啟或故障,省道,60,單路部分,直路,路段,慢車道,柏油,乾燥,無缺陷,無障礙物,無遮蔽物,良好,無號誌,無號誌,中央分向島,窄式附柵欄,車道線(附標記),快慢車道分隔線,有,車輛本身,路上翻車、摔倒,無(車輛駕駛者因素),尚未發現肇事因素,死亡0;受傷1,3,小客車(含客、貨兩用),自用,男,31,繫安全帶(使用幼童安全椅),未使用,車的狀態,向左變換車道,其他,無撞擊,,,駕駛者,變換車道不當,否,121.694146,25.179432
2025,11,20251101,124400,A2,彰化縣警察局,彰化縣埔鹽鄉彰水路二段182號之1前,晴,有照明未開啟或故障,村里道路,60,單路部分,直路,路段,一般車道(未劃分快慢車道),柏油,乾燥,無缺陷,無障礙物,無遮蔽物,良好,無號誌,無號誌,中央分向島,窄式無柵欄,車道線(無標記),未繪設快慢車道分隔線,有,車與車,追撞,無(車輛駕駛者因素),尚未發現肇事因素,死亡0;受傷2,1,機車,普通重型,男,50,不明,不明,車的狀態,向前直行中,機車與自行車,後車尾,機車與自行車,後車尾,無(車輛駕駛者因素),尚未發現肇事因素,否,120.480067,24.002044
2025,11,20251101,124400,A2,彰化縣警察局,彰化縣埔鹽鄉彰水路二段182號之1前,晴,有照明未開啟或故障,村里道路,60,單路部分,直路,路段,一般車道(未劃分快慢車道),柏油,乾燥,無缺陷,無障礙物,無遮蔽物,良好,無號誌,無號誌,中央分向島,窄式無柵欄,車道線(無標記),未繪設快慢車道分隔線,有,車與車,追撞,無(車輛駕駛者因素),尚未發現肇事因素,死亡0;受傷2,2,機車,普通重型,男,22,不明,不明,車的狀態,向前直行中,機車與自行車,前車頭,機車與自行車,前車頭,無(車輛駕駛者因素),尚未發現肇事因素,否,120.480067,24.002044
2025,11,20251101,124500,A2,高雄市政府警察局,高雄市前金區七賢二路 / 高雄市前金區市中一路,晴,無照明,市區道路,50,交岔路,四岔路,交叉路口,交叉路口內,柏油,乾燥,無缺陷,無障礙物,無遮蔽物,良好,行車管制號誌,正常,雙向禁止超車線,無標記,車道線(無標記),快慢車道分隔線,無,車與車,側撞,駕駛者,左轉彎未依規定,死亡0;受傷1,1,小客車(含客、貨兩用),自用,男,39,繫安全帶(使用幼童安全椅),未使用,車的狀態,左轉彎,汽車,右後車尾(身),,,駕駛者,左轉彎未依規定,否,120.289374,22.630760
2025,11,20251101,124500,A2,高雄市政府警察局,高雄市前金區七賢二路 / 高雄市前金區市中一路,晴,無照明,市區道路,50,交岔路,四岔路,交叉路口,交叉路口內,柏油,乾燥,無缺陷,無障礙物,無遮蔽物,良好,行車管制號誌,正常,雙向禁止超車線,無標記,車道線(無標記),快慢車道分隔線,無,車與車,側撞,駕駛者,左轉彎未依規定,死亡0;受傷1,2,機車,普通重型,女,61,戴非半罩式安全帽,未使用,車的狀態,向前直行中,機車與自行車,右側車身,,,無(車輛駕駛者因素),尚未發現肇事因素,否,120.289374,22.630760
2025,11,20251101,124500,A2,臺中市政府警察局,臺中市西區忠明里中美街 / 臺中市西區忠明里中美街,晴,有照明未開啟或故障,市區道路,50,交岔路,三岔路,交叉路口,交叉路口內,柏油,乾燥,無缺陷,無障礙物,無遮蔽物,良好,無號誌,無號誌,行車分向線,無標記,車道線(無標記),未繪設快慢車道分隔線,有,車與車,其他,駕駛者,無號誌路口，轉彎車未讓直行車先行,死亡0;受傷1,1,小客車(含客、貨兩用),自用,男,66,繫安全帶(使用幼童安全椅),未使用,車的狀態,左轉彎,汽車,左前車頭(身),,,駕駛者,無號誌路口，轉彎車未讓直行車先行,否,120.660192,24.153042
2025,11,20251101,124500,A2,臺中市政府警察局,臺中市西區忠明里中美街 / 臺中市西區忠明里中美街,晴,有照明未開啟或故障,市區道路,50,交岔路,三岔路,交叉路口,交叉路口內,柏油,乾燥,無缺陷,無障礙物,無遮蔽物,良好,無號誌,無號誌,行車分向線,無標記,車道線(無標記),未繪設快慢車道分隔線,有,車與車,其他,駕駛者,無號誌路口，轉彎車未讓直行車先行,死亡0;受傷1,2,機車,普通重型,女,25,戴非半罩式安全帽,未使用,車的狀態,向前直行中,機車與自行車,前車頭,,,無(車輛駕駛者因素),尚未發現肇事因素,否,120.660192,24.153042
2025,11,20251101,124600,A2,高雄市政府警察局,高雄市三民區河堤路 / 高雄市三民區敦煌路,晴,有照明未開啟或故障,市區道路,50,交岔路,三岔路,交叉路口,交叉口附近,柏油,乾燥,無缺陷,無障礙物,無遮蔽物,良好,行車管制號誌,正常,雙向禁止超車線,無標記,未繪設車道線,快慢車道分隔線,無,車與車,側撞,駕駛者,左轉彎未依規定,死亡0;受傷3,1,機車,普通輕型,女,18,戴半罩式安全帽,未使用,車的狀態,左轉彎,機車與自行車,左側車身,,,駕駛者,左轉彎未依規定,否,120.312647,22.658122
2025,11,20251101,124600,A2,高雄市政府警察局,高雄市三民區河堤路 / 高雄市三民區敦煌路,晴,有照明未開啟或故障,市區道路,50,交岔路,三岔路,交叉路口,交叉口附近,柏油,乾燥,無缺陷,無障礙物,無遮蔽物,良好,行車管制號誌,正常,雙向禁止超車線,無標記,未繪設車道線,快慢車道分隔線,無,車與車,側撞,駕駛者,左轉彎未依規定,死亡0;受傷3,2,機車,普通重型,女,44,戴半罩式安全帽,未使用,車的狀態,向前直行中,機車與自行車,右側車身,,,無(車輛駕駛者因素),尚未發現肇事因素,否,120.312647,22.658122
2025,11,20251101,124600,A2,高雄市政府警察局,高雄市三民區河堤路 / 高雄市三民區敦煌路,晴,有照明未開啟或故障,市區道路,50,交岔路,三岔路,交叉路口,交叉口附近,柏油,乾燥,無缺陷,無障礙物,無遮蔽物,良好,行車管制號誌,正常,雙向禁止超車線,無標記,未繪設車道線,快慢車道分隔線,無,車與車,側撞,駕駛者,左轉彎未依規定,死亡0;受傷3,3,人,乘客,女,15,戴半罩式安全帽,非駕駛人,人的狀態,其他,其他,非汽、機及自行車,,,無(非車輛駕駛人因素),尚未發現肇事因素,否,120.312647,22.658122
2025,11,20251101,124900,A2,高雄市政府警察局,高雄市大寮區力行路283號前0.0公尺,晴,有照明未開啟或故障,市區道路,50,單路部分,直路,路段,一般車道(未劃分快慢車道),柏油,乾燥,無缺陷,無障礙物,無遮蔽物,良好,無號誌,無號誌,雙向禁止超車線,附標記,車道線(無標記),未繪設快慢車道分隔線,有,車與車,同向擦撞,駕駛者,未保持行車安全間隔,死亡0;受傷1,1,慢車,微型電動二輪車,女,17,戴半罩式安全帽,未使用,車的狀態,向前直行中,機車與自行車,右側車身,,,駕駛者,未保持行車安全間隔,否,120.396145,22.606701
2025,11,20251101,124900,A2,高雄市政府警察局,高雄市大寮區力行路283號前0.0公尺,晴,有照明未開啟或故障,市區道路,50,單路部分,直路,路段,一般車道(未劃分快慢車道),柏油,乾燥,無缺陷,無障礙物,無遮蔽物,良好,無號誌,無號誌,雙向禁止超車線,附標記,車道線(無標記),未繪設快慢車道分隔線,有,車與車,同向擦撞,駕駛者,未保持行車安全間隔,死亡0;受傷1,2,小客車(含客、貨兩用),自用,男,45,不明,不明,車的狀態,靜止(引擎熄火),汽車,左側車身,,,無(車輛駕駛者因素),尚未發現肇事因素,否,120.396145,22.606701
2025,11,20251101,125300,A2,臺中市政府警察局,臺中市豐原區東湳里角潭路二段131號前0.0公尺,晴,有照明未開啟或故障,市區道路,30,單路部分,彎曲路及附近,路段,一般車道(未劃分快慢車道),柏油,乾燥,無缺陷,無障礙物,無遮蔽物,良好,無號誌,無號誌,無,無分向設施,未繪設車道線,未繪設快慢車道分隔線,有,車與車,對撞,駕駛者,觀看其他事故、活動、道路環境或車外資訊分心駕駛,死亡0;受傷1,1,機車,普通重型,女,60,戴非半罩式安全帽,未使用,車的狀態,向前直行中,機車與自行車,前車頭,機車與自行車,左側車身,駕駛者,觀看其他事故、活動、道路環境或車外資訊分心駕駛,否,120.731443,24.270937
2025,11,20251101,125300,A2,臺中市政府警察局,臺中市豐原區東湳里角潭路二段131號前0.0公尺,晴,有照明未開啟或故障,市區道路,30,單路部分,彎曲路及附近,路段,一般車道(未劃分快慢車道),柏油,乾燥,無缺陷,無障礙物,無遮蔽物,良好,無號誌,無號誌,無,無分向設施,未繪設車道線,未繪設快慢車道分隔線,有,車與車,對撞,駕駛者,觀看其他事故、活動、道路環境或車外資訊分心駕駛,死亡0;受傷1,2,小客車(含客、貨兩用),自用,女,54,繫安全帶(使用幼童安全椅),未使用,車的狀態,急減速或急停止,汽車,左前車頭(身),汽車,前車頭,無(車輛駕駛者因素),尚未發現肇事因素,否,120.731443,24.270937
2025,11,20251101,125500,A2,臺中市政府警察局,臺中市西區忠明里臺灣大道二段406號前0.0公尺,晴,無照明,市區道路,30,交岔路,三岔路,交叉路口,交叉路口內,柏油,乾燥,無缺陷,無障礙物,無遮蔽物,良好,無號誌,無號誌,無,無分向設施,未繪設車道線,未繪設快慢車道分隔線,無,車與車,其他,駕駛者,起步時未注意安全,死亡0;受傷2,1,機車,普通重型,女,22,戴半罩式安全帽,未使用,車的狀態,起步,機車與自行車,前車頭,,,駕駛者,起步時未注意安全,否,120.664447,24.155284
2025,11,20251101,125500,A2,臺中市政府警察局,臺中市西區忠明里臺灣大道二段406號前0.0公尺,晴,無照明,市區道路,30,交岔路,三岔路,交叉路口,交叉路口內,柏油,乾燥,無缺陷,無障礙物,無遮蔽物,良好,無號誌,無號誌,無,無分向設施,未繪設車道線,未繪設快慢車道分隔線,無,車與車,其他,駕駛者,起步時未注意安全,死亡0;受傷2,2,機車,普通重型,男,52,戴半罩式安全帽,未使用,車的狀態,向前直行中,機車與自行車,後車尾,,,無(車輛駕駛者因素),尚未發現肇事因素,否,120.664447,24.155284
2025,11,20251101,125500,A2,臺中市政府警察局,臺中市西區忠明里臺灣大道二段406號前0.0公尺,晴,無照明,市區道路,30,交岔路,三岔路,交叉路口,交叉路口內,柏油,乾燥,無缺陷,無障礙物,無遮蔽物,良好,無號誌,無號誌,無,無分向設施,未繪設車道線,未繪設快慢車道分隔線,無,車與車,其他,駕駛者,起步時未注意安全,死亡0;受傷2,3,人,乘客,女,40,戴半罩式安全帽,非駕駛人,人的狀態,其他,其他,非汽、機及自行車,,,無(非車輛駕駛人因素),尚未發現肇事因素,否,120.664447,24.155284
2025,11,20251101,125700,A2,臺中市政府警察局,臺中市沙鹿區鹿峰里中山路590號前0.0公尺,晴,有照明未開啟或故障,市區道路,40,交岔路,四岔路,交叉路口,交叉路口內,柏油,乾燥,無缺陷,無障礙物,無遮蔽物,良好,閃光號誌,正常,中央分向島,窄式無柵欄,車道線(無標記),快慢車道分隔線,無,車與車,其他,燈光,未依規定使用燈光,死亡0;受傷1,1,機車,普通重型,女,39,戴半罩式安全帽,未使用,車的狀態,右轉彎,機車與自行車,右側車身,,,燈光,未依規定使用燈光,否,120.568041,24.253188
2025,11,20251101,125700,A2,臺中市政府警察局,臺中市沙鹿區鹿峰里中山路590號前0.0公尺,晴,有照明未開啟或故障,市區道路,40,交岔路,四岔路,交叉路口,交叉路口內,柏油,乾燥,無缺陷,無障礙物,無遮蔽物,良好,閃光號誌,正常,中央分向島,窄式無柵欄,車道線(無標記),快慢車道分隔線,無,車與車,其他,燈光,未依規定使用燈光,死亡0;受傷1,2,機車,普通重型,男,61,戴半罩式安全帽,未使用,車的狀態,向前直行中,機車與自行車,前車頭,,,無(車輛駕駛者因素),尚未發現肇事因素,否,120.568041,24.253188
2025,11,20251101,125800,A2,新北市政府警察局,新北市蘆洲區中興街88號前0.0公尺,晴,有照明且開啟,其他,40,單路部分,直路,路段,一般車道(未劃分快慢車道),柏油,乾燥,無缺陷,無障礙物,無遮蔽物,良好,無號誌,無號誌,雙向禁止超車線,無標記,車道線(附標記),快慢車道分隔線,有,車與車,其他,其他,其他不當駕車行為,死亡0;受傷1,1,小客車(含客、貨兩用),自用,男,61,繫安全帶(使用幼童安全椅),未使用,車的狀態,右轉彎,汽車,前車頭,,,其他,其他不當駕車行為,否,121.480932,25.008826
2025,11,20251101,125800,A2,新北市政府警察局,新北市蘆洲區中興街88號前0.0公尺,晴,有照明且開啟,其他,40,單路部分,直路,路段,一般車道(未劃分快慢車道),柏油,乾燥,無缺陷,無障礙物,無遮蔽物,良好,無號誌,無號誌,雙向禁止超車線,無標記,車道線(附標記),快慢車道分隔線,有,車與車,其他,其他,其他不當駕車行為,死亡0;受傷1,2,機車,普通重型,女,63,戴半罩式安全帽,未使用,車的狀態,向前直行中,機車與自行車,前車頭,,,其他,其他不當駕車行為,否,121.480932,25.008826
2025,11,20251101,130000,A2,屏東縣政府警察局,屏東縣恆春鎮墾丁路2號,晴,有照明未開啟或故障,其他,50,單路部分,直路,路段,一般車道(未劃分快慢車道),柏油,乾燥,無缺陷,無障礙物,無遮蔽物,良好,無號誌,無號誌,雙向禁止超車線,附標記,車道線(附標記),未繪設快慢車道分隔線,有,車輛本身,路上翻車、摔倒,裝載,裝載貨物不穩妥,死亡0;受傷1,1,慢車,腳踏自行車,男,-1,戴半罩式安全帽,未使用,車的狀態,向前直行中,機車與自行車,前車頭,,,裝載,裝載貨物不穩妥,否,120.806560,21.940951
2025,11,20251101,130000,A2,屏東縣政府警察局,屏東縣恆春鎮墾丁路2號,晴,有照明未開啟或故障,其他,50,單路部分,直路,路段,一般車道(未劃分快慢車道),柏油,乾燥,無缺陷,無障礙物,無遮蔽物,良好,無號誌,無號誌,雙向禁止超車線,附標記,車道線(附標記),未繪設快慢車道分隔線,有,車輛本身,路上翻車、摔倒,裝載,裝載貨物不穩妥,死亡0;受傷1,2,,,無或物(動物、堆置物),-1,,,,,,,,,無(非車輛駕駛人因素),尚未發現肇事因素,否,120.806560,21.940951
2025,11,20251101,130200,A2,臺中市政府警察局,臺中市南屯區永定里文昌街353號前0.0公尺,晴,有照明未開啟或故障,市區道路,50,單路部分,直路,路段,一般車道(未劃分快慢車道),柏油,乾燥,無缺陷,無障礙物,無遮蔽物,良好,無號誌,無號誌,雙向禁止超車線,無標記,未繪設車道線,未繪設快慢車道分隔線,無,車與車,其他,其他,其他不當駕車行為,死亡0;受傷1,1,機車,普通輕型,女,50,戴非半罩式安全帽,未使用,車的狀態,向前直行中,機車與自行車,前車頭,,,其他,其他不當駕車行為,否,120.632768,24.139371
2025,11,20251101,130200,A2,臺中市政府警察局,臺中市南屯區永定里文昌街353號前0.0公尺,晴,有照明未開啟或故障,市區道路,50,單路部分,直路,路段,一般車道(未劃分快慢車道),柏油,乾燥,無缺陷,無障礙物,無遮蔽物,良好,無號誌,無號誌,雙向禁止超車線,無標記,未繪設車道線,未繪設快慢車道分隔線,無,車與車,其他,其他,其他不當駕車行為,死亡0;受傷1,2,小貨車,自用,女,28,不明,未使用,車的狀態,靜止(引擎熄火),汽車,後車尾,,,無(車輛駕駛者因素),尚未發現肇事因素,否,120.632768,24.139371
2025,11,20251101,130459,A2,苗栗縣警察局,苗栗縣三義鄉勝興村水美259號前,晴,有照明未開啟或故障,縣道,50,交岔路,三岔路,交叉路口,交叉路口內,柏油,乾燥,無缺陷,無障礙物,無遮蔽物,良好,無號誌,無號誌,行車分向線,無標記,車道線(無標記),未繪設快慢車道分隔線,有,車與車,對向擦撞,駕駛者,無號誌路口，轉彎車未讓直行車先行,死亡0;受傷1,1,小客車(含客、貨兩用),自用,男,35,不明,未使用,車的狀態,迴轉或橫越道路中,汽車,右側車身,,,駕駛者,無號誌路口，轉彎車未讓直行車先行,否,120.762196,24.399724
2025,11,20251101,130459,A2,苗栗縣警察局,苗栗縣三義鄉勝興村水美259號前,晴,有照明未開啟或故障,縣道,50,交岔路,三岔路,交叉路口,交叉路口內,柏油,乾燥,無缺陷,無障礙物,無遮蔽物,良好,無號誌,無號誌,行車分向線,無標記,車道線(無標記),未繪設快慢車道分隔線,有,車與車,對向擦撞,駕駛者,無號誌路口，轉彎車未讓直行車先行,死亡0;受傷1,2,機車,普通重型,男,25,戴半罩式安全帽,未使用,車的狀態,向前直行中,機車與自行車,前車頭,,,無(車輛駕駛者因素),尚未發現肇事因素,否,120.762196,24.399724
2025,11,20251101,130500,A2,基隆市警察局,基隆市仁愛區忠四路 / 基隆市仁愛區孝二路,陰,有照明未開啟或故障,市區道路,50,交岔路,四岔路,交叉路口,交叉口附近,柏油,乾燥,無缺陷,無障礙物,無遮蔽物,良好,行車管制號誌(附設行人專用號誌),正常,無,無分向設施,未繪設車道線,未繪設快慢車道分隔線,有,車與車,追撞,其他,相關跡證不足且無具體影像紀錄，當事人各執一詞，經分析後無法釐清肇事原因,死亡0;受傷3,1,機車,普通重型,男,71,戴半罩式安全帽,未使用,車的狀態,向前直行中,機車與自行車,右側車身,,,其他,相關跡證不足且無具體影像紀錄，當事人各執一詞，經分析後無法釐清肇事原因,否,121.739049,25.128436
2025,11,20251101,130500,A2,基隆市警察局,基隆市仁愛區忠四路 / 基隆市仁愛區孝二路,陰,有照明未開啟或故障,市區道路,50,交岔路,四岔路,交叉路口,交叉口附近,柏油,乾燥,無缺陷,無障礙物,無遮蔽物,良好,行車管制號誌(附設行人專用號誌),正常,無,無分向設施,未繪設車道線,未繪設快慢車道分隔線,有,車與車,追撞,其他,相關跡證不足且無具體影像紀錄，當事人各執一詞，經分析後無法釐清肇事原因,死亡0;受傷3,2,機車,普通重型,男,41,戴非半罩式安全帽,未使用,車的狀態,向前直行中,機車與自行車,前車頭,,,其他,相關跡證不足且無具體影像紀錄，當事人各執一詞，經分析後無法釐清肇事原因,否,121.739049,25.128436
2025,11,20251101,130500,A2,基隆市警察局,基隆市仁愛區忠四路 / 基隆市仁愛區孝二路,陰,有照明未開啟或故障,市區道路,50,交岔路,四岔路,交叉路口,交叉口附近,柏油,乾燥,無缺陷,無障礙物,無遮蔽物,良好,行車管制號誌(附設行人專用號誌),正常,無,無分向設施,未繪設車道線,未繪設快慢車道分隔線,有,車與車,追撞,其他,相關跡證不足且無具體影像紀錄，當事人各執一詞，經分析後無法釐清肇事原因,死亡0;受傷3,3,人,乘客,男,7,戴非半罩式安全帽,非駕駛人,人的狀態,其他,其他,非汽、機及自行車,,,無(非車輛駕駛人因素),尚未發現肇事因素,否,121.739049,25.128436
2025,11,20251101,130800,A2,臺北市政府警察局,臺北市士林區德行東路 / 臺北市士林區德行東路,陰,無照明,市區道路,30,交岔路,四岔路,交叉路口,交叉路口內,柏油,乾燥,無缺陷,無障礙物,無遮蔽物,良好,無號誌,無號誌,無,無分向設施,未繪設車道線,未繪設快慢車道分隔線,有,車與車,其他,駕駛者,無號誌路口，支線道未讓幹線道先行,死亡0;受傷2,1,機車,普通重型,男,31,戴半罩式安全帽,未使用,車的狀態,向前直行中,機車與自行車,前車頭,,,駕駛者,無號誌路口，支線道未讓幹線道先行,否,121.529088,25.107977
2025,11,20251101,130800,A2,臺北市政府警察局,臺北市士林區德行東路 / 臺北市士林區德行東路,陰,無照明,市區道路,30,交岔路,四岔路,交叉路口,交叉路口內,柏油,乾燥,無缺陷,無障礙物,無遮蔽物,良好,無號誌,無號誌,無,無分向設施,未繪設車道線,未繪設快慢車道分隔線,有,車與車,其他,駕駛者,無號誌路口，支線道未讓幹線道先行,死亡0;受傷2,2,機車,普通重型,男,18,戴半罩式安全帽,未使用,車的狀態,向前直行中,機車與自行車,前車頭,,,駕駛者,未依規定減速,否,121.529088,25.107977
2025,11,20251101,130800,A2,臺北市政府警察局,臺北市士林區德行東路 / 臺北市士林區德行東路,陰,無照明,市區道路,30,交岔路,四岔路,交叉路口,交叉路口內,柏油,乾燥,無缺陷,無障礙物,無遮蔽物,良好,無號誌,無號誌,無,無分向設施,未繪設車道線,未繪設快慢車道分隔線,有,車與車,其他,駕駛者,無號誌路口，支線道未讓幹線道先行,死亡0;受傷2,3,大客車,民營公車,男,61,繫安全帶(使用幼童安全椅),未使用,車的狀態,向前直行中,汽車,左前車頭(身),,,無(車輛駕駛者因素),尚未發現肇事因素,否,121.529088,25.107977
2025,11,20251101,130800,A2,臺中市政府警察局,臺中市北屯區舊社里旱溪西路三段 / 臺中市北屯區舊社里南興一路,晴,有照明未開啟或故障,市區道路,50,交岔路,三岔路,交叉路口,交叉路口內,柏油,乾燥,無缺陷,無障礙物,無遮蔽物,良好,行車管制號誌(附設行人專用號誌),正常,無,無分向設施,未繪設車道線,未繪設快慢車道分隔線,無,車與車,側撞,燈光,未依規定使用燈光,死亡0;受傷2,1,機車,普通重型,男,18,戴非半罩式安全帽,未使用,車的狀態,左轉彎,機車與自行車,左側車身,,,燈光,未依規定使用燈光,否,120.705528,24.172686
2025,11,20251101,130800,A2,臺中市政府警察局,臺中市北屯區舊社里旱溪西路三段 / 臺中市北屯區舊社里南興一路,晴,有照明未開啟或故障,市區道路,50,交岔路,三岔路,交叉路口,交叉路口內,柏油,乾燥,無缺陷,無障礙物,無遮蔽物,良好,行車管制號誌(附設行人專用號誌),正常,無,無分向設施,未繪設車道線,未繪設快慢車道分隔線,無,車與車,側撞,燈光,未依規定使用燈光,死亡0;受傷2,2,機車,普通重型,女,56,戴半罩式安全帽,未使用,車的狀態,向前直行中,機車與自行車,右側車身,,,無(車輛駕駛者因素),尚未發現肇事因素,否,120.705528,24.172686
2025,11,20251101,130800,A2,新北市政府警察局,新北市林口區文化三路1段 / 新北市林口區忠孝三路,陰,有照明未開啟或故障,市區道路,50,交岔路,三岔路,交叉路口,交叉路口內,柏油,乾燥,無缺陷,無障礙物,無遮蔽物,良好,行車管制號誌(附設行人專用號誌),正常,中央分向島,寬式(50公分以上),車道線(無標記),快慢車道分隔線,有,車與車,追撞,其他,車輛或機械操作不當(慎),死亡0;受傷1,1,機車,普通重型,男,35,戴非半罩式安全帽,未使用,車的狀態,急減速或急停止,機車與自行車,左側車身,,,其他,車輛或機械操作不當(慎),否,121.361738,25.068930
2025,11,20251101,130800,A2,新北市政府警察局,新北市林口區文化三路1段 / 新北市林口區忠孝三路,陰,有照明未開啟或故障,市區道路,50,交岔路,三岔路,交叉路口,交叉路口內,柏油,乾燥,無缺陷,無障礙物,無遮蔽物,良好,行車管制號誌(附設行人專用號誌),正常,中央分向島,寬式(50公分以上),車道線(無標記),快慢車道分隔線,有,車與車,追撞,其他,車輛或機械操作不當(慎),死亡0;受傷1,2,機車,普通重型,男,27,戴非半罩式安全帽,未使用,車的狀態,急減速或急停止,機車與自行車,後車尾,,,無(車輛駕駛者因素),尚未發現肇事因素,否,121.361738,25.068930
2025,11,20251101,130800,A2,新北市政府警察局,新北市林口區文化三路1段 / 新北市林口區忠孝三路,陰,有照明未開啟或故障,市區道路,50,交岔路,三岔路,交叉路口,交叉路口內,柏油,乾燥,無缺陷,無障礙物,無遮蔽物,良好,行車管制號誌(附設行人專用號誌),正常,中央分向島,寬式(50公分以上),車道線(無標記),快慢車道分隔線,有,車與車,追撞,其他,車輛或機械操作不當(慎),死亡0;受傷1,3,小客車(含客、貨兩用),自用,男,40,繫安全帶(使用幼童安全椅),未使用,車的狀態,等待(引擎未熄火),其他,無撞擊,,,無(車輛駕駛者因素),尚未發現肇事因素,否,121.361738,25.068930
2025,11,20251101,130800,A2,新北市政府警察局,新北市林口區文化三路1段 / 新北市林口區忠孝三路,陰,有照明未開啟或故障,市區道路,50,交岔路,三岔路,交叉路口,交叉路口內,柏油,乾燥,無缺陷,無障礙物,無遮蔽物,良好,行車管制號誌(附設行人專用號誌),正常,中央分向島,寬式(50公分以上),車道線(無標記),快慢車道分隔線,有,車與車,追撞,其他,車輛或機械操作不當(慎),死亡0;受傷1,4,小客車(含客、貨兩用),自用,男,44,繫安全帶(使用幼童安全椅),未使用,車的狀態,向左變換車道,其他,無撞擊,,,無(車輛駕駛者因素),尚未發現肇事因素,否,121.361738,25.068930
2025,11,20251101,130800,A2,新北市政府警察局,新北市林口區文化三路1段 / 新北市林口區忠孝三路,陰,有照明未開啟或故障,市區道路,50,交岔路,三岔路,交叉路口,交叉路口內,柏油,乾燥,無缺陷,無障礙物,無遮蔽物,良好,行車管制號誌(附設行人專用號誌),正常,中央分向島,寬式(50公分以上),車道線(無標記),快慢車道分隔線,有,車與車,追撞,其他,車輛或機械操作不當(慎),死亡0;受傷1,5,機車,普通重型,女,45,戴非半罩式安全帽,未使用,車的狀態,急減速或急停止,其他,無撞擊,,,無(車輛駕駛者因素),尚未發現肇事因素,否,121.361738,25.068930
2025,11,20251101,131000,A2,高雄市政府警察局,高雄市三民區民族一路 / 高雄市三民區建國二路,晴,無照明,市區道路,50,交岔路,四岔路,交叉路口,交叉口附近,柏油,乾燥,無缺陷,無障礙物,無遮蔽物,良好,行車管制號誌,正常,無,無分向設施,車道線(無標記),未繪設快慢車道分隔線,無,車與車,同向擦撞,其他,其他不當駕車行為,死亡0;受傷4,1,機車,普通輕型,女,77,戴半罩式安全帽,未使用,車的狀態,其他,其他,不明,,,其他,其他不當駕車行為,否,120.304566,22.652116
2025,11,20251101,131000,A2,高雄市政府警察局,高雄市三民區民族一路 / 高雄市三民區建國二路,晴,無照明,市區道路,50,交岔路,四岔路,交叉路口,交叉口附近,柏油,乾燥,無缺陷,無障礙物,無遮蔽物,良好,行車管制號誌,正常,無,無分向設施,車道線(無標記),未繪設快慢車道分隔線,無,車與車,同向擦撞,其他,其他不當駕車行為,死亡0;受傷4,2,機車,普通重型,女,25,戴半罩式安全帽,未使用,車的狀態,向前直行中,機車與自行車,前車頭,,,無(車輛駕駛者因素),尚未發現肇事因素,否,120.304566,22.652116
2025,11,20251101,131000,A2,高雄市政府警察局,高雄市三民區民族一路 / 高雄市三民區建國二路,晴,無照明,市區道路,50,交岔路,四岔路,交叉路口,交叉口附近,柏油,乾燥,無缺陷,無障礙物,無遮蔽物,良好,行車管制號誌,正常,無,無分向設施,車道線(無標記),未繪設快慢車道分隔線,無,車與車,同向擦撞,其他,其他不當駕車行為,死亡0;受傷4,3,人,乘客,女,44,戴半罩式安全帽,非駕駛人,人的狀態,其他,其他,非汽、機及自行車,,,無(非車輛駕駛人因素),尚未發現肇事因素,否,120.304566,22.652116
2025,11,20251101,131000,A2,高雄市政府警察局,高雄市三民區民族一路 / 高雄市三民區建國二路,晴,無照明,市區道路,50,交岔路,四岔路,交叉路口,交叉口附近,柏油,乾燥,無缺陷,無障礙物,無遮蔽物,良好,行車管制號誌,正常,無,無分向設施,車道線(無標記),未繪設快慢車道分隔線,無,車與車,同向擦撞,其他,其他不當駕車行為,死亡0;受傷4,4,人,乘客,男,4,不明,非駕駛人,人的狀態,其他,其他,非汽、機及自行車,,,無(非車輛駕駛人因素),尚未發現肇事因素,否,120.304566,22.652116