發生年度,發生月份,發生日期,發生時間,事故類別名稱,處理單位名稱警局層,發生地點,天候名稱,光線名稱,道路類別-第1當事者-名稱,速限-第1當事者,道路型態大類別名稱,道路型態子類別名稱,事故位置大類別名稱,事故位置子類別名稱,路面狀況-路面鋪裝名稱,路面狀況-路面狀態名稱,路面狀況-路面缺陷名稱,道路障礙-障礙物名稱,道路障礙-視距品質名稱,道路障礙-視距名稱,號誌-號誌種類名稱,號誌-號誌動作名稱,車道劃分設施-分向設施大類別名稱,車道劃分設施-分向設施子類別名稱,車道劃分設施-分道設施-快車道或一般車道間名稱,車道劃分設施-分道設施-快慢車道間名稱,車道劃分設施-分道設施-路面邊線名稱,事故類型及型態大類別名稱,事故類型及型態子類別名稱,肇因研判大類別名稱-主要,肇因研判子類別名稱-主要,死亡受傷人數,當事者順位,當事者區分-類別-大類別名稱-車種,當事者區分-類別-子類別名稱-車種,當事者屬-性-別名稱,當事者事故發生時年齡,保護裝備名稱,行動電話或電腦或其他相類功能裝置名稱,當事者行動狀態大類別名稱,當事者行動狀態子類別名稱,車輛撞擊部位大類別名稱-最初,車輛撞擊部位子類別名稱-最初,車輛撞擊部位大類別名稱-其他,車輛撞擊部位子類別名稱-其他,肇因研判大類別名稱-個別,肇因研判子類別名稱-個別,肇事逃逸類別名稱-是否肇逃,經度,緯度
2025,11,20251101,131300,A2,臺中市政府警察局,臺中市西區後龍里梅川西路一段77號前0.0公尺,晴,有照明且開啟,市區道路,50,單路部分,直路,路段,一般車道(未劃分快慢車道),柏油,乾燥,無缺陷,無障礙物,無遮蔽物,良好,無號誌,無號誌,行車分向線,無標記,車道線(無標記),未繪設快慢車道分隔線,無,車與車,其他,駕駛者,變換車道不當,死亡0;受傷2,1,機車,普通重型,男,52,不明,不明,車的狀態,向左變換車道,機車與自行車,左側車身,,,駕駛者,變換車道不當,否,120.669188,24.145482
2025,11,20251101,131300,A2,臺中市政府警察局,臺中市西區後龍里梅川西路一段77號前0.0公尺,晴,有照明且開啟,市區道路,50,單路部分,直路,路段,一般車道(未劃分快慢車道),柏油,乾燥,無缺陷,無障礙物,無遮蔽物,良好,無號誌,無號誌,行車分向線,無標記,車道線(無標記),未繪設快慢車道分隔線,無,車與車,其他,駕駛者,變換車道不當,死亡0;受傷2,2,小客車(含客、貨兩用),自用,女,76,不明,不明,車的狀態,向前直行中,汽車,右側車身,,,無(車輛駕駛者因素),尚未發現肇事因素,否,120.669188,24.145482
2025,11,20251101,131300,A2,臺中市政府警察局,臺中市西區後龍里梅川西路一段77號前0.0公尺,晴,有照明且開啟,市區道路,50,單路部分,直路,路段,一般車道(未劃分快慢車道),柏油,乾燥,無缺陷,無障礙物,無遮蔽物,良好,無號誌,無號誌,行車分向線,無標記,車道線(無標記),未繪設快慢車道分隔線,無,車與車,其他,駕駛者,變換車道不當,死亡0;受傷2,3,人,乘客,女,52,不明,非駕駛人,人的狀態,其他,其他,非汽、機及自行車,,,無(非車輛駕駛人因素),尚未發現肇事因素,否,120.669188,24.145482
2025,11,20251101,131400,A2,臺中市政府警察局,臺中市北屯區平昌里文心路四段868號前0.0公尺,晴,無照明,市區道路,50,單路部分,直路,路段,一般車道(未劃分快慢車道),柏油,乾燥,無缺陷,無障礙物,無遮蔽物,良好,無號誌,無號誌,中央分向島,寬式(50公分以上),車道線(無標記),未繪設快慢車道分隔線,無,車與車,同向擦撞,駕駛者,未保持行車安全間隔,死亡0;受傷2,1,機車,普通重型,男,40,戴半罩式安全帽,未使用,車的狀態,向前直行中,機車與自行車,右側車身,,,駕駛者,未保持行車安全間隔,否,120.692256,24.171143
2025,11,20251101,131400,A2,臺中市政府警察局,臺中市北屯區平昌里文心路四段868號前0.0公尺,晴,無照明,市區道路,50,單路部分,直路,路段,一般車道(未劃分快慢車道),柏油,乾燥,無缺陷,無障礙物,無遮蔽物,良好,無號誌,無號誌,中央分向島,寬式(50公分以上),車道線(無標記),未繪設快慢車道分隔線,無,車與車,同向擦撞,駕駛者,未保持行車安全間隔,死亡0;受傷2,2,機車,普通重型,男,31,戴非半罩式安全帽,未使用,車的狀態,向前直行中,機車與自行車,左側車身,,,無(車輛駕駛者因素),尚未發現肇事因素,否,120.692256,24.171143
2025,11,20251101,131400,A2,臺中市政府警察局,臺中市北屯區平昌里文心路四段868號前0.0公尺,晴,無照明,市區道路,50,單路部分,直路,路段,一般車道(未劃分快慢車道),柏油,乾燥,無缺陷,無障礙物,無遮蔽物,良好,無號誌,無號誌,中央分向島,寬式(50公分以上),車道線(無標記),未繪設快慢車道分隔線,無,車與車,同向擦撞,駕駛者,未保持行車安全間隔,死亡0;受傷2,3,小客車(含客、貨兩用),自用,男,26,繫安全帶(使用幼童安全椅),未使用,車的狀態,倒車,汽車,左後車尾(身),,,無(車輛駕駛者因素),尚未發現肇事因素,否,120.692256,24.171143
2025,11,20251101,133100,A2,嘉義市政府警察局,嘉義市東區東興里和平路 / 嘉義市東區東興里民樂街,晴,有照明未開啟或故障,市區道路,50,交岔路,四岔路,交叉路口,交叉路口內,柏油,乾燥,無缺陷,無障礙物,無遮蔽物,良好,無號誌,無號誌,無,無分向設施,未繪設車道線,未繪設快慢車道分隔線,無,車與車,路口交岔撞,駕駛者,無號誌路口，支線道未讓幹線道先行,死亡0;受傷1,1,慢車,微型電動二輪車,男,15,戴非半罩式安全帽,未使用,車的狀態,向前直行中,機車與自行車,右側車身,,,駕駛者,無號誌路口，支線道未讓幹線道先行,否,120.456479,23.481052
2025,11,20251101,133100,A2,嘉義市政府警察局,嘉義市東區東興里和平路 / 嘉義市東區東興里民樂街,晴,有照明未開啟或故障,市區道路,50,交岔路,四岔路,交叉路口,交叉路口內,柏油,乾燥,無缺陷,無障礙物,無遮蔽物,良好,無號誌,無號誌,無,無分向設施,未繪設車道線,未繪設快慢車道分隔線,無,車與車,路口交岔撞,駕駛者,無號誌路口，支線道未讓幹線道先行,死亡0;受傷1,2,小客車(含客、貨兩用),自用,女,29,繫安全帶(使用幼童安全椅),未使用,車的狀態,向前直行中,汽車,前車頭,,,其他,其他不當駕車行為,否,120.456479,23.481052
2025,11,20251101,133100,A2,嘉義市政府警察局,嘉義市東區東興里和平路 / 嘉義市東區東興里民樂街,晴,有照明未開啟或故障,市區道路,50,交岔路,四岔路,交叉路口,交叉路口內,柏油,乾燥,無缺陷,無障礙物,無遮蔽物,良好,無號誌,無號誌,無,無分向設施,未繪設車道線,未繪設快慢車道分隔線,無,車與車,路口交岔撞,駕駛者,無號誌路口，支線道未讓幹線道先行,死亡0;受傷1,3,小客車(含客、貨兩用),自用,女,41,繫安全帶(使用幼童安全椅),未使用,車的狀態,等待(引擎未熄火),汽車,左側車身,,,無(車輛駕駛者因素),尚未發現肇事因素,否,120.456479,23.481052
2025,11,20251101,133400,A2,新北市政府警察局,新北市三重區三和路4段 / 新北市三重區自強路3段附近,晴,有照明未開啟或故障,市區道路,50,交岔路,四岔路,交叉路口,交叉口附近,柏油,乾燥,無缺陷,無障礙物,無遮蔽物,良好,行車管制號誌(附設行人專用號誌),正常,中央分向島,寬式(50公分以上),車道線(附標記),未繪設快慢車道分隔線,有,車與車,同向擦撞,駕駛者,未保持行車安全距離,死亡0;受傷3,1,機車,普通重型,男,54,戴非半罩式安全帽,未使用,車的狀態,向前直行中,機車與自行車,前車頭,,,駕駛者,未保持行車安全距離,否,121.488318,25.075639
2025,11,20251101,133400,A2,新北市政府警察局,新北市三重區三和路4段 / 新北市三重區自強路3段附近,晴,有照明未開啟或故障,市區道路,50,交岔路,四岔路,交叉路口,交叉口附近,柏油,乾燥,無缺陷,無障礙物,無遮蔽物,良好,行車管制號誌(附設行人專用號誌),正常,中央分向島,寬式(50公分以上),車道線(附標記),未繪設快慢車道分隔線,有,車與車,同向擦撞,駕駛者,未保持行車安全距離,死亡0;受傷3,2,慢車,腳踏自行車,男,54,其他(無需使用保護裝備之人),未使用,車的狀態,向前直行中,機車與自行車,後車尾,,,駕駛者,未靠右行駛,否,121.488318,25.075639
2025,11,20251101,133400,A2,新北市政府警察局,新北市三重區三和路4段 / 新北市三重區自強路3段附近,晴,有照明未開啟或故障,市區道路,50,交岔路,四岔路,交叉路口,交叉口附近,柏油,乾燥,無缺陷,無障礙物,無遮蔽物,良好,行車管制號誌(附設行人專用號誌),正常,中央分向島,寬式(50公分以上),車道線(附標記),未繪設快慢車道分隔線,有,車與車,同向擦撞,駕駛者,未保持行車安全距離,死亡0;受傷3,3,機車,普通重型,女,24,戴非半罩式安全帽,未使用,車的狀態,向前直行中,機車與自行車,前車頭,,,駕駛者,未保持行車安全距離,否,121.488318,25.075639
2025,11,20251101,133400,A2,新北市政府警察局,新北市三重區三和路4段 / 新北市三重區自強路3段附近,晴,有照明未開啟或故障,市區道路,50,交岔路,四岔路,交叉路口,交叉口附近,柏油,乾燥,無缺陷,無障礙物,無遮蔽物,良好,行車管制號誌(附設行人專用號誌),正常,中央分向島,寬式(50公分以上),車道線(附標記),未繪設快慢車道分隔線,有,車與車,同向擦撞,駕駛者,未保持行車安全距離,死亡0;受傷3,4,人,其他人,女,6,其他(無需使用保護裝備之人),非駕駛人,人的狀態,其他,其他,非汽、機及自行車,,,無(非車輛駕駛人因素),尚未發現肇事因素,否,121.488318,25.075639
2025,11,20251101,133500,A2,臺北市政府警察局,臺北市中正區和平西路1段 / 臺北市中正區重慶南路3段口,雨,有照明未開啟或故障,市區道路,50,交岔路,多岔路,交叉路口,交叉路口內,柏油,濕潤,無缺陷,無障礙物,無遮蔽物,良好,行車管制號誌,正常,中央分向島,寬式(50公分以上),車道線(無標記),未繪設快慢車道分隔線,有,車與車,其他,駕駛者,闖紅燈直行,死亡0;受傷2,1,小客車(含客、貨兩用),自用,男,65,繫安全帶(使用幼童安全椅),未使用,車的狀態,向前直行中,汽車,前車頭,,,駕駛者,闖紅燈直行,否,121.516885,25.027175
2025,11,20251101,133500,A2,臺北市政府警察局,臺北市中正區和平西路1段 / 臺北市中正區重慶南路3段口,雨,有照明未開啟或故障,市區道路,50,交岔路,多岔路,交叉路口,交叉路口內,柏油,濕潤,無缺陷,無障礙物,無遮蔽物,良好,行車管制號誌,正常,中央分向島,寬式(50公分以上),車道線(無標記),未繪設快慢車道分隔線,有,車與車,其他,駕駛者,闖紅燈直行,死亡0;受傷2,2,機車,普通重型,女,51,戴非半罩式安全帽,未使用,車的狀態,等待(引擎未熄火),機車與自行車,後車尾,,,其他,其他不當駕車行為,否,121.516885,25.027175
2025,11,20251101,133500,A2,臺北市政府警察局,臺北市中正區和平西路1段 / 臺北市中正區重慶南路3段口,雨,有照明未開啟或故障,市區道路,50,交岔路,多岔路,交叉路口,交叉路口內,柏油,濕潤,無缺陷,無障礙物,無遮蔽物,良好,行車管制號誌,正常,中央分向島,寬式(50公分以上),車道線(無標記),未繪設快慢車道分隔線,有,車與車,其他,駕駛者,闖紅燈直行,死亡0;受傷2,3,人,乘客,男,13,戴非半罩式安全帽,非駕駛人,人的狀態,其他,其他,非汽、機及自行車,,,無(非車輛駕駛人因素),尚未發現肇事因素,否,121.516885,25.027175
2025,11,20251101,133800,A2,新北市政府警察局,新北市五股區成泰路1段173號前0.0公尺,晴,無照明,市區道路,50,單路部分,直路,路段,一般車道(未劃分快慢車道),柏油,乾燥,無缺陷,無障礙物,無遮蔽物,良好,無號誌,無號誌,無,無分向設施,未繪設車道線,未繪設快慢車道分隔線,無,車與車,追撞,駕駛者,未保持行車安全距離,死亡0;受傷1,1,機車,普通重型,男,48,戴半罩式安全帽,未使用,車的狀態,向前直行中,機車與自行車,前車頭,,,駕駛者,未保持行車安全距離,否,121.481361,25.009468
2025,11,20251101,133800,A2,新北市政府警察局,新北市五股區成泰路1段173號前0.0公尺,晴,無照明,市區道路,50,單路部分,直路,路段,一般車道(未劃分快慢車道),柏油,乾燥,無缺陷,無障礙物,無遮蔽物,良好,無號誌,無號誌,無,無分向設施,未繪設車道線,未繪設快慢車道分隔線,無,車與車,追撞,駕駛者,未保持行車安全距離,死亡0;受傷1,2,機車,普通重型,女,45,戴半罩式安全帽,未使用,車的狀態,其他,機車與自行車,後車尾,,,無(車輛駕駛者因素),尚未發現肇事因素,否,121.481361,25.009468
2025,11,20251101,133800,A2,臺北市政府警察局,臺北市南港區市民大道8段 / 臺北市南港區市民大道8段,陰,無照明,市區道路,0,圓環廣場,其他,其他,人行道,柏油,濕潤,無缺陷,無障礙物,無遮蔽物,良好,無號誌,無號誌,無,無分向設施,未繪設車道線,未繪設快慢車道分隔線,無,車與車,側撞,駕駛者,其他未依規定讓車,死亡0;受傷2,1,機車,普通重型,男,47,不明,不明,車的狀態,向前直行中,機車與自行車,前車頭,,,駕駛者,其他未依規定讓車,否,121.614661,25.054410
2025,11,20251101,133800,A2,臺北市政府警察局,臺北市南港區市民大道8段 / 臺北市南港區市民大道8段,陰,無照明,市區道路,0,圓環廣場,其他,其他,人行道,柏油,濕潤,無缺陷,無障礙物,無遮蔽物,良好,無號誌,無號誌,無,無分向設施,未繪設車道線,未繪設快慢車道分隔線,無,車與車,側撞,駕駛者,其他未依規定讓車,死亡0;受傷2,2,機車,普通重型,男,47,不明,不明,車的狀態,向前直行中,機車與自行車,右側車身,,,無(車輛駕駛者因素),尚未發現肇事因素,否,121.614661,25.054410
2025,11,20251101,133900,A2,新北市政府警察局,新北市林口區仁愛路1段 / 新北市林口區興林路,陰,有照明未開啟或故障,市區道路,50,交岔路,四岔路,交叉路口,交叉口附近,柏油,乾燥,無缺陷,無障礙物,無遮蔽物,良好,行車管制號誌(附設行人專用號誌),正常,雙向禁止超車線,無標記,禁止變換車道線(無標記),快慢車道分隔線,有,車與車,追撞,駕駛者,閃避不當(慎),死亡0;受傷1,1,機車,普通重型,女,22,戴非半罩式安全帽,未使用,車的狀態,急減速或急停止,機車與自行車,右側車身,,,駕駛者,閃避不當(慎),否,121.389734,25.076574
2025,11,20251101,133900,A2,新北市政府警察局,新北市林口區仁愛路1段 / 新北市林口區興林路,陰,有照明未開啟或故障,市區道路,50,交岔路,四岔路,交叉路口,交叉口附近,柏油,乾燥,無缺陷,無障礙物,無遮蔽物,良好,行車管制號誌(附設行人專用號誌),正常,雙向禁止超車線,無標記,禁止變換車道線(無標記),快慢車道分隔線,有,車與車,追撞,駕駛者,閃避不當(慎),死亡0;受傷1,2,小客車(含客、貨兩用),自用,男,45,繫安全帶(使用幼童安全椅),未使用,車的狀態,左轉彎,汽車,右後車尾(身),,,駕駛者,左轉彎未依規定,否,121.389734,25.076574
2025,11,20251101,133900,A2,臺中市政府警察局,臺中市南區國光里國光路 / 臺中市南區國光里興大路,晴,無照明,市區道路,50,單路部分,直路,路段,一般車道(未劃分快慢車道),柏油,乾燥,無缺陷,無障礙物,無遮蔽物,良好,行車管制號誌(附設行人專用號誌),正常,中央分向島,窄式無柵欄,未繪設車道線,未繪設快慢車道分隔線,無,車與車,其他,駕駛者,未保持行車安全距離,死亡0;受傷2,1,機車,普通重型,男,19,不明,不明,車的狀態,向前直行中,機車與自行車,前車頭,,,駕駛者,未保持行車安全距離,否,120.679399,24.124070
2025,11,20251101,133900,A2,臺中市政府警察局,臺中市南區國光里國光路 / 臺中市南區國光里興大路,晴,無照明,市區道路,50,單路部分,直路,路段,一般車道(未劃分快慢車道),柏油,乾燥,無缺陷,無障礙物,無遮蔽物,良好,行車管制號誌(附設行人專用號誌),正常,中央分向島,窄式無柵欄,未繪設車道線,未繪設快慢車道分隔線,無,車與車,其他,駕駛者,未保持行車安全距離,死亡0;受傷2,2,機車,普通重型,男,33,不明,不明,車的狀態,等待(引擎未熄火),機車與自行車,後車尾,,,無(車輛駕駛者因素),尚未發現肇事因素,否,120.679399,24.124070
2025,11,20251101,134500,A2,臺中市政府警察局,臺中市西屯區永安里國安二路 / 臺中市西屯區永安里玉門路,晴,有照明未開啟或故障,市區道路,50,交岔路,三岔路,交叉路口,交叉路口內,柏油,乾燥,無缺陷,無障礙物,無遮蔽物,良好,行車管制號誌(附設行人專用號誌),正常,無,無分向設施,未繪設車道線,未繪設快慢車道分隔線,無,車與車,側撞,駕駛者,有號誌路口，轉彎車未讓直行車先行,死亡0;受傷1,1,小客車(含客、貨兩用),自用,男,40,繫安全帶(使用幼童安全椅),未使用,車的狀態,左轉彎,汽車,右側車身,,,駕駛者,有號誌路口，轉彎車未讓直行車先行,否,120.611812,24.193079
2025,11,20251101,134500,A2,臺中市政府警察局,臺中市西屯區永安里國安二路 / 臺中市西屯區永安里玉門路,晴,有照明未開啟或故障,市區道路,50,交岔路,三岔路,交叉路口,交叉路口內,柏油,乾燥,無缺陷,無障礙物,無遮蔽物,良好,行車管制號誌(附設行人專用號誌),正常,無,無分向設施,未繪設車道線,未繪設快慢車道分隔線,無,車與車,側撞,駕駛者,有號誌路口，轉彎車未讓直行車先行,死亡0;受傷1,2,機車,普通重型,男,30,戴半罩式安全帽,未使用,車的狀態,向前直行中,機車與自行車,右側車身,,,無(車輛駕駛者因素),尚未發現肇事因素,否,120.611812,24.193079
2025,11,20251101,134600,A2,臺北市政府警察局,臺北市信義區松仁路95巷20號前0.0公尺,晴,有照明未開啟或故障,鄉道,30,單路部分,直路,路段,一般車道(未劃分快慢車道),柏油,乾燥,無缺陷,無障礙物,無遮蔽物,良好,無號誌,無號誌,行車分向線,附標記,未繪設車道線,未繪設快慢車道分隔線,無,車輛本身,其他,駕駛者,違反禁止進入標誌,死亡0;受傷2,1,小客車(含客、貨兩用),自用,女,33,不明,不明,車的狀態,向前直行中,汽車,前車頭,汽車,車底,駕駛者,違反禁止進入標誌,否,121.570888,25.036551
2025,11,20251101,134600,A2,臺北市政府警察局,臺北市信義區松仁路95巷20號前0.0公尺,晴,有照明未開啟或故障,鄉道,30,單路部分,直路,路段,一般車道(未劃分快慢車道),柏油,乾燥,無缺陷,無障礙物,無遮蔽物,良好,無號誌,無號誌,行車分向線,附標記,未繪設車道線,未繪設快慢車道分隔線,無,車輛本身,其他,駕駛者,違反禁止進入標誌,死亡0;受傷2,2,,,無或物(動物、堆置物),0,,,,,,,,,無(非車輛駕駛人因素),尚未發現肇事因素,否,121.570888,25.036551
2025,11,20251101,134600,A2,臺北市政府警察局,臺北市信義區松仁路95巷20號前0.0公尺,晴,有照明未開啟或故障,鄉道,30,單路部分,直路,路段,一般車道(未劃分快慢車道),柏油,乾燥,無缺陷,無障礙物,無遮蔽物,良好,無號誌,無號誌,行車分向線,附標記,未繪設車道線,未繪設快慢車道分隔線,無,車輛本身,其他,駕駛者,違反禁止進入標誌,死亡0;受傷2,3,人,乘客,男,4,不明,非駕駛人,人的狀態,靜立(止),其他,非汽、機及自行車,,,無(非車輛駕駛人因素),尚未發現肇事因素,否,121.570888,25.036551
2025,11,20251101,135000,A2,高雄市政府警察局,高雄市鳳山區維武路1號前0.0公尺,晴,無照明,市區道路,30,單路部分,直路,路段,慢車道,其他鋪裝,乾燥,無缺陷,無障礙物,無遮蔽物,良好,無號誌,無號誌,中央分向島,寬式(50公分以上),車道線(無標記),快慢車道分隔線,有,車輛本身,衝出路外,其他,其他不當駕車行為,死亡0;受傷1,1,機車,普通重型,女,41,戴半罩式安全帽,未使用,車的狀態,向前直行中,機車與自行車,前車頭,,,其他,其他不當駕車行為,否,120.355811,22.649550
2025,11,20251101,135000,A2,高雄市政府警察局,高雄市鳳山區維武路1號前0.0公尺,晴,無照明,市區道路,30,單路部分,直路,路段,慢車道,其他鋪裝,乾燥,無缺陷,無障礙物,無遮蔽物,良好,無號誌,無號誌,中央分向島,寬式(50公分以上),車道線(無標記),快慢車道分隔線,有,車輛本身,衝出路外,其他,其他不當駕車行為,死亡0;受傷1,2,,,無或物(動物、堆置物),114,,,,,,,,,無(非車輛駕駛人因素),尚未發現肇事因素,否,120.355811,22.649550
2025,11,20251101,135100,A2,高雄市政府警察局,高雄市新興區七賢一路 / 高雄市新興區復興一路,晴,無照明,市區道路,50,交岔路,四岔路,交叉路口,交叉口附近,柏油,乾燥,無缺陷,無障礙物,無遮蔽物,良好,行車管制號誌,正常,雙向禁止超車線,無標記,車道線(無標記),未繪設快慢車道分隔線,無,車與車,其他,駕駛者,迴轉未依規定,死亡0;受傷1,1,小客車(含客、貨兩用),租賃車,男,36,繫安全帶(使用幼童安全椅),未使用,車的狀態,迴轉或橫越道路中,汽車,右側車身,,,駕駛者,迴轉未依規定,否,120.308399,22.634159
2025,11,20251101,135100,A2,高雄市政府警察局,高雄市新興區七賢一路 / 高雄市新興區復興一路,晴,無照明,市區道路,50,交岔路,四岔路,交叉路口,交叉口附近,柏油,乾燥,無缺陷,無障礙物,無遮蔽物,良好,行車管制號誌,正常,雙向禁止超車線,無標記,車道線(無標記),未繪設快慢車道分隔線,無,車與車,其他,駕駛者,迴轉未依規定,死亡0;受傷1,2,機車,普通重型,女,52,戴半罩式安全帽,未使用,車的狀態,其他,機車與自行車,前車頭,,,無(車輛駕駛者因素),尚未發現肇事因素,否,120.308399,22.634159
2025,11,20251101,135300,A2,臺中市政府警察局,臺中市大里區大明里大明路322號前0.0公尺,晴,有照明未開啟或故障,市區道路,50,單路部分,直路,路段,一般車道(未劃分快慢車道),柏油,乾燥,無缺陷,無障礙物,無遮蔽物,良好,無號誌,無號誌,雙向禁止超車線,無標記,車道線(無標記),未繪設快慢車道分隔線,無,車與車,其他,駕駛者,迴轉未依規定,死亡0;受傷1,1,機車,普通重型,女,25,戴非半罩式安全帽,未使用,車的狀態,迴轉或橫越道路中,機車與自行車,前車頭,,,駕駛者,迴轉未依規定,否,120.681429,24.115110
2025,11,20251101,135300,A2,臺中市政府警察局,臺中市大里區大明里大明路322號前0.0公尺,晴,有照明未開啟或故障,市區道路,50,單路部分,直路,路段,一般車道(未劃分快慢車道),柏油,乾燥,無缺陷,無障礙物,無遮蔽物,良好,無號誌,無號誌,雙向禁止超車線,無標記,車道線(無標記),未繪設快慢車道分隔線,無,車與車,其他,駕駛者,迴轉未依規定,死亡0;受傷1,2,機車,普通重型,男,56,戴非半罩式安全帽,未使用,車的狀態,向前直行中,機車與自行車,後車尾,,,其他,其他不當駕車行為,否,120.681429,24.115110
2025,11,20251101,135700,A2,高雄市政府警察局,高雄市甲仙區光華路110號號前0.0公尺,晴,無照明,縣道,50,單路部分,直路,路段,一般車道(未劃分快慢車道),柏油,濕潤,無缺陷,無障礙物,無遮蔽物,良好,無號誌,無號誌,無,無分向設施,車道線(無標記),未繪設快慢車道分隔線,有,車輛本身,路上翻車、摔倒,無(車輛駕駛者因素),尚未發現肇事因素,死亡0;受傷1,1,機車,普通重型,男,18,戴半罩式安全帽,未使用,車的狀態,向前直行中,機車與自行車,右側車身,機車與自行車,右側車身,無(車輛駕駛者因素),尚未發現肇事因素,否,120.559200,23.052140
2025,11,20251101,135700,A2,高雄市政府警察局,高雄市甲仙區光華路110號號前0.0公尺,晴,無照明,縣道,50,單路部分,直路,路段,一般車道(未劃分快慢車道),柏油,濕潤,無缺陷,無障礙物,無遮蔽物,良好,無號誌,無號誌,無,無分向設施,車道線(無標記),未繪設快慢車道分隔線,有,車輛本身,路上翻車、摔倒,無(車輛駕駛者因素),尚未發現肇事因素,死亡0;受傷1,2,,,無或物(動物、堆置物),114,,,,,,,,,無(非車輛駕駛人因素),尚未發現肇事因素,否,120.559200,23.052140
2025,11,20251101,135700,A2,新北市政府警察局,新北市板橋區大勇街 / 新北市板橋區大勇街,晴,無照明,市區道路,30,交岔路,四岔路,交叉路口,交叉路口內,柏油,乾燥,無缺陷,無障礙物,無遮蔽物,良好,無號誌,無號誌,無,無分向設施,車道線(無標記),未繪設快慢車道分隔線,有,車與車,路口交岔撞,駕駛者,違反其他標誌(線)禁制,死亡0;受傷1,1,小客車(含客、貨兩用),自用,男,57,繫安全帶(使用幼童安全椅),未使用,車的狀態,向前直行中,汽車,左前車頭(身),,,駕駛者,違反其他標誌(線)禁制,否,121.481388,25.009463
2025,11,20251101,135700,A2,新北市政府警察局,新北市板橋區大勇街 / 新北市板橋區大勇街,晴,無照明,市區道路,30,交岔路,四岔路,交叉路口,交叉路口內,柏油,乾燥,無缺陷,無障礙物,無遮蔽物,良好,無號誌,無號誌,無,無分向設施,車道線(無標記),未繪設快慢車道分隔線,有,車與車,路口交岔撞,駕駛者,違反其他標誌(線)禁制,死亡0;受傷1,2,機車,普通重型,女,26,戴半罩式安全帽,未使用,車的狀態,向前直行中,機車與自行車,前車頭,,,駕駛者,未依規定減速,否,121.481388,25.009463
2025,11,20251101,140006,A2,南投縣政府警察局,南投縣中寮鄉永平路217號前,晴,有照明未開啟或故障,村里道路,40,單路部分,直路,路段,一般車道(未劃分快慢車道),柏油,乾燥,無缺陷,路上有停車,有遮蔽物,建築物,無號誌,無號誌,雙向禁止超車線,無標記,車道線(無標記),未繪設快慢車道分隔線,有,車與車,其他,駕駛者,違反禁止迴轉或迴車標誌,死亡0;受傷1,1,小客車(含客、貨兩用),自用,男,75,繫安全帶(使用幼童安全椅),未使用,車的狀態,迴轉或橫越道路中,其他,無撞擊,,,駕駛者,違反禁止迴轉或迴車標誌,否,120.762763,23.878912
2025,11,20251101,140006,A2,南投縣政府警察局,南投縣中寮鄉永平路217號前,晴,有照明未開啟或故障,村里道路,40,單路部分,直路,路段,一般車道(未劃分快慢車道),柏油,乾燥,無缺陷,路上有停車,有遮蔽物,建築物,無號誌,無號誌,雙向禁止超車線,無標記,車道線(無標記),未繪設快慢車道分隔線,有,車與車,其他,駕駛者,違反禁止迴轉或迴車標誌,死亡0;受傷1,2,機車,普通重型,男,19,戴非半罩式安全帽,未使用,車的狀態,向前直行中,機車與自行車,前車頭,,,其他,車輛或機械操作不當(慎),否,120.762763,23.878912
2025,11,20251101,140006,A2,南投縣政府警察局,南投縣中寮鄉永平路217號前,晴,有照明未開啟或故障,村里道路,40,單路部分,直路,路段,一般車道(未劃分快慢車道),柏油,乾燥,無缺陷,路上有停車,有遮蔽物,建築物,無號誌,無號誌,雙向禁止超車線,無標記,車道線(無標記),未繪設快慢車道分隔線,有,車與車,其他,駕駛者,違反禁止迴轉或迴車標誌,死亡0;受傷1,3,小貨車,自用,男,65,不明,不明,不明,不明,其他,無撞擊,,,無(車輛駕駛者因素),尚未發現肇事因素,否,120.762763,23.878912
2025,11,20251101,140045,A2,彰化縣警察局,彰化縣芳苑鄉芳苑村光明路口 / 彰化縣芳苑鄉芳苑村防汛道路口,晴,無照明,鄉道,40,交岔路,多岔路,交叉路口,交叉路口內,柏油,乾燥,無缺陷,無障礙物,無遮蔽物,良好,無號誌,無號誌,行車分向線,附標記,車道線(附標記),快慢車道分隔線,有,人與車,其他,機件,其他機件失靈或故障,死亡0;受傷10,1,其他車,動力機械,男,66,不明,未使用,車的狀態,向前直行中,其他,非汽、機及自行車,,,機件,其他機件失靈或故障,否,120.315061,23.929233
2025,11,20251101,140045,A2,彰化縣警察局,彰化縣芳苑鄉芳苑村光明路口 / 彰化縣芳苑鄉芳苑村防汛道路口,晴,無照明,鄉道,40,交岔路,多岔路,交叉路口,交叉路口內,柏油,乾燥,無缺陷,無障礙物,無遮蔽物,良好,無號誌,無號誌,行車分向線,附標記,車道線(附標記),快慢車道分隔線,有,人與車,其他,機件,其他機件失靈或故障,死亡0;受傷10,2,人,乘客,女,45,其他(無需使用保護裝備之人),非駕駛人,人的狀態,其他,其他,無撞擊,,,無(非車輛駕駛人因素),尚未發現肇事因素,否,120.315061,23.929233