發生年度,發生月份,發生日期,發生時間,事故類別名稱,處理單位名稱警局層,發生地點,天候名稱,光線名稱,道路類別-第1當事者-名稱,速限-第1當事者,道路型態大類別名稱,道路型態子類別名稱,事故位置大類別名稱,事故位置子類別名稱,路面狀況-路面鋪裝名稱,路面狀況-路面狀態名稱,路面狀況-路面缺陷名稱,道路障礙-障礙物名稱,道路障礙-視距品質名稱,道路障礙-視距名稱,號誌-號誌種類名稱,號誌-號誌動作名稱,車道劃分設施-分向設施大類別名稱,車道劃分設施-分向設施子類別名稱,車道劃分設施-分道設施-快車道或一般車道間名稱,車道劃分設施-分道設施-快慢車道間名稱,車道劃分設施-分道設施-路面邊線名稱,事故類型及型態大類別名稱,事故類型及型態子類別名稱,肇因研判大類別名稱-主要,肇因研判子類別名稱-主要,死亡受傷人數,當事者順位,當事者區分-類別-大類別名稱-車種,當事者區分-類別-子類別名稱-車種,當事者屬-性-別名稱,當事者事故發生時年齡,保護裝備名稱,行動電話或電腦或其他相類功能裝置名稱,當事者行動狀態大類別名稱,當事者行動狀態子類別名稱,車輛撞擊部位大類別名稱-最初,車輛撞擊部位子類別名稱-最初,車輛撞擊部位大類別名稱-其他,車輛撞擊部位子類別名稱-其他,肇因研判大類別名稱-個別,肇因研判子類別名稱-個別,肇事逃逸類別名稱-是否肇逃,經度,緯度
2025,11,20251101,140045,A2,彰化縣警察局,彰化縣芳苑鄉芳苑村光明路口 / 彰化縣芳苑鄉芳苑村防汛道路口,晴,無照明,鄉道,40,交岔路,多岔路,交叉路口,交叉路口內,柏油,乾燥,無缺陷,無障礙物,無遮蔽物,良好,無號誌,無號誌,行車分向線,附標記,車道線(附標記),快慢車道分隔線,有,人與車,其他,機件,其他機件失靈或故障,死亡0;受傷10,3,人,乘客,男,46,其他(無需使用保護裝備之人),非駕駛人,人的狀態,其他,其他,無撞擊,,,無(非車輛駕駛人因素),尚未發現肇事因素,否,120.315061,23.929233
2025,11,20251101,140045,A2,彰化縣警察局,彰化縣芳苑鄉芳苑村光明路口 / 彰化縣芳苑鄉芳苑村防汛道路口,晴,無照明,鄉道,40,交岔路,多岔路,交叉路口,交叉路口內,柏油,乾燥,無缺陷,無障礙物,無遮蔽物,良好,無號誌,無號誌,行車分向線,附標記,車道線(附標記),快慢車道分隔線,有,人與車,其他,機件,其他機件失靈或故障,死亡0;受傷10,4,人,乘客,女,58,其他(無需使用保護裝備之人),非駕駛人,人的狀態,其他,其他,無撞擊,,,無(非車輛駕駛人因素),尚未發現肇事因素,否,120.315061,23.929233
2025,11,20251101,140045,A2,彰化縣警察局,彰化縣芳苑鄉芳苑村光明路口 / 彰化縣芳苑鄉芳苑村防汛道路口,晴,無照明,鄉道,40,交岔路,多岔路,交叉路口,交叉路口內,柏油,乾燥,無缺陷,無障礙物,無遮蔽物,良好,無號誌,無號誌,行車分向線,附標記,車道線(附標記),快慢車道分隔線,有,人與車,其他,機件,其他機件失靈或故障,死亡0;受傷10,5,人,乘客,女,59,其他(無需使用保護裝備之人),非駕駛人,人的狀態,其他,其他,無撞擊,,,無(非車輛駕駛人因素),尚未發現肇事因素,否,120.315061,23.929233
2025,11,20251101,140045,A2,彰化縣警察局,彰化縣芳苑鄉芳苑村光明路口 / 彰化縣芳苑鄉芳苑村防汛道路口,晴,無照明,鄉道,40,交岔路,多岔路,交叉路口,交叉路口內,柏油,乾燥,無缺陷,無障礙物,無遮蔽物,良好,無號誌,無號誌,行車分向線,附標記,車道線(附標記),快慢車道分隔線,有,人與車,其他,機件,其他機件失靈或故障,死亡0;受傷10,6,人,乘客,男,66,其他(無需使用保護裝備之人),非駕駛人,人的狀態,其他,其他,無撞擊,,,無(非車輛駕駛人因素),尚未發現肇事因素,否,120.315061,23.929233
2025,11,20251101,140045,A2,彰化縣警察局,彰化縣芳苑鄉芳苑村光明路口 / 彰化縣芳苑鄉芳苑村防汛道路口,晴,無照明,鄉道,40,交岔路,多岔路,交叉路口,交叉路口內,柏油,乾燥,無缺陷,無障礙物,無遮蔽物,良好,無號誌,無號誌,行車分向線,附標記,車道線(附標記),快慢車道分隔線,有,人與車,其他,機件,其他機件失靈或故障,死亡0;受傷10,7,人,乘客,女,50,其他(無需使用保護裝備之人),非駕駛人,人的狀態,其他,其他,無撞擊,,,無(非車輛駕駛人因素),尚未發現肇事因素,否,120.315061,23.929233
2025,11,20251101,140045,A2,彰化縣警察局,彰化縣芳苑鄉芳苑村光明路口 / 彰化縣芳苑鄉芳苑村防汛道路口,晴,無照明,鄉道,40,交岔路,多岔路,交叉路口,交叉路口內,柏油,乾燥,無缺陷,無障礙物,無遮蔽物,良好,無號誌,無號誌,行車分向線,附標記,車道線(附標記),快慢車道分隔線,有,人與車,其他,機件,其他機件失靈或故障,死亡0;受傷10,8,人,乘客,男,76,其他(無需使用保護裝備之人),非駕駛人,人的狀態,其他,其他,無撞擊,,,無(非車輛駕駛人因素),尚未發現肇事因素,否,120.315061,23.929233
2025,11,20251101,140045,A2,彰化縣警察局,彰化縣芳苑鄉芳苑村光明路口 / 彰化縣芳苑鄉芳苑村防汛道路口,晴,無照明,鄉道,40,交岔路,多岔路,交叉路口,交叉路口內,柏油,乾燥,無缺陷,無障礙物,無遮蔽物,良好,無號誌,無號誌,行車分向線,附標記,車道線(附標記),快慢車道分隔線,有,人與車,其他,機件,其他機件失靈或故障,死亡0;受傷10,9,人,乘客,女,70,其他(無需使用保護裝備之人),非駕駛人,人的狀態,其他,其他,非汽、機及自行車,,,無(非車輛駕駛人因素),尚未發現肇事因素,否,120.315061,23.929233
2025,11,20251101,140045,A2,彰化縣警察局,彰化縣芳苑鄉芳苑村光明路口 / 彰化縣芳苑鄉芳苑村防汛道路口,晴,無照明,鄉道,40,交岔路,多岔路,交叉路口,交叉路口內,柏油,乾燥,無缺陷,無障礙物,無遮蔽物,良好,無號誌,無號誌,行車分向線,附標記,車道線(附標記),快慢車道分隔線,有,人與車,其他,機件,其他機件失靈或故障,死亡0;受傷10,10,人,乘客,女,72,其他(無需使用保護裝備之人),非駕駛人,人的狀態,其他,其他,非汽、機及自行車,,,無(非車輛駕駛人因素),尚未發現肇事因素,否,120.315061,23.929233
2025,11,20251101,140045,A2,彰化縣警察局,彰化縣芳苑鄉芳苑村光明路口 / 彰化縣芳苑鄉芳苑村防汛道路口,晴,無照明,鄉道,40,交岔路,多岔路,交叉路口,交叉路口內,柏油,乾燥,無缺陷,無障礙物,無遮蔽物,良好,無號誌,無號誌,行車分向線,附標記,車道線(附標記),快慢車道分隔線,有,人與車,其他,機件,其他機件失靈或故障,死亡0;受傷10,11,人,乘客,男,77,其他(無需使用保護裝備之人),非駕駛人,人的狀態,其他,其他,非汽、機及自行車,,,無(非車輛駕駛人因素),尚未發現肇事因素,否,120.315061,23.929233
2025,11,20251101,140100,A2,臺中市政府警察局,臺中市豐原區民生里中山路 / 臺中市豐原區民生里中興路,晴,無照明,市區道路,50,交岔路,多岔路,交叉路口,交叉路口內,柏油,乾燥,無缺陷,無障礙物,無遮蔽物,良好,行車管制號誌,正常,雙向禁止超車線,無標記,未繪設車道線,快慢車道分隔線,無,車與車,側撞,駕駛者,有號誌路口，轉彎車未讓直行車先行,死亡0;受傷1,1,機車,普通重型,女,27,戴半罩式安全帽,不明,車的狀態,左轉彎,機車與自行車,右側車身,,,駕駛者,有號誌路口，轉彎車未讓直行車先行,否,120.715394,24.248234
2025,11,20251101,140100,A2,臺中市政府警察局,臺中市豐原區民生里中山路 / 臺中市豐原區民生里中興路,晴,無照明,市區道路,50,交岔路,多岔路,交叉路口,交叉路口內,柏油,乾燥,無缺陷,無障礙物,無遮蔽物,良好,行車管制號誌,正常,雙向禁止超車線,無標記,未繪設車道線,快慢車道分隔線,無,車與車,側撞,駕駛者,有號誌路口，轉彎車未讓直行車先行,死亡0;受傷1,2,機車,普通重型,女,22,戴半罩式安全帽,不明,車的狀態,向前直行中,機車與自行車,前車頭,,,其他,其他不當駕車行為,否,120.715394,24.248234
2025,11,20251101,140100,A2,臺中市政府警察局,臺中市豐原區民生里中山路 / 臺中市豐原區民生里中興路,晴,無照明,市區道路,50,交岔路,多岔路,交叉路口,交叉路口內,柏油,乾燥,無缺陷,無障礙物,無遮蔽物,良好,行車管制號誌,正常,雙向禁止超車線,無標記,未繪設車道線,快慢車道分隔線,無,車與車,側撞,駕駛者,有號誌路口，轉彎車未讓直行車先行,死亡0;受傷1,3,人,乘客,男,27,戴半罩式安全帽,非駕駛人,人的狀態,其他,其他,非汽、機及自行車,,,無(非車輛駕駛人因素),尚未發現肇事因素,否,120.715394,24.248234
2025,11,20251101,140400,A2,彰化縣警察局,彰化縣田中鎮中州路一段416號前0.0公尺,晴,有照明未開啟或故障,村里道路,50,單路部分,直路,路段,一般車道(未劃分快慢車道),柏油,乾燥,無缺陷,無障礙物,無遮蔽物,良好,行車管制號誌,正常,雙向禁止超車線,無標記,未繪設車道線,未繪設快慢車道分隔線,有,車與車,追撞,駕駛者,飲食、抽(點)菸、拿(撿)物品分心駕駛,死亡0;受傷1,1,小客車(含客、貨兩用),自用,男,58,不明,不明,車的狀態,向前直行中,汽車,前車頭,汽車,前車頭,駕駛者,飲食、抽(點)菸、拿(撿)物品分心駕駛,否,120.582227,23.857139
2025,11,20251101,140400,A2,彰化縣警察局,彰化縣田中鎮中州路一段416號前0.0公尺,晴,有照明未開啟或故障,村里道路,50,單路部分,直路,路段,一般車道(未劃分快慢車道),柏油,乾燥,無缺陷,無障礙物,無遮蔽物,良好,行車管制號誌,正常,雙向禁止超車線,無標記,未繪設車道線,未繪設快慢車道分隔線,有,車與車,追撞,駕駛者,飲食、抽(點)菸、拿(撿)物品分心駕駛,死亡0;受傷1,2,小客車(含客、貨兩用),自用,男,33,不明,不明,車的狀態,等待(引擎未熄火),汽車,後車尾,汽車,前車頭,無(車輛駕駛者因素),尚未發現肇事因素,否,120.582227,23.857139
2025,11,20251101,140400,A2,彰化縣警察局,彰化縣田中鎮中州路一段416號前0.0公尺,晴,有照明未開啟或故障,村里道路,50,單路部分,直路,路段,一般車道(未劃分快慢車道),柏油,乾燥,無缺陷,無障礙物,無遮蔽物,良好,行車管制號誌,正常,雙向禁止超車線,無標記,未繪設車道線,未繪設快慢車道分隔線,有,車與車,追撞,駕駛者,飲食、抽(點)菸、拿(撿)物品分心駕駛,死亡0;受傷1,3,小客車(含客、貨兩用),自用,男,45,不明,不明,車的狀態,等待(引擎未熄火),汽車,後車尾,汽車,後車尾,無(車輛駕駛者因素),尚未發現肇事因素,否,120.582227,23.857139
2025,11,20251101,140400,A2,彰化縣警察局,彰化縣田中鎮中州路一段416號前0.0公尺,晴,有照明未開啟或故障,村里道路,50,單路部分,直路,路段,一般車道(未劃分快慢車道),柏油,乾燥,無缺陷,無障礙物,無遮蔽物,良好,行車管制號誌,正常,雙向禁止超車線,無標記,未繪設車道線,未繪設快慢車道分隔線,有,車與車,追撞,駕駛者,飲食、抽(點)菸、拿(撿)物品分心駕駛,死亡0;受傷1,4,人,乘客,女,31,不明,非駕駛人,人的狀態,靜立(止),其他,非汽、機及自行車,其他,非汽、機及自行車,無(非車輛駕駛人因素),尚未發現肇事因素,否,120.582227,23.857139
2025,11,20251101,140500,A2,高雄市政府警察局,高雄市鳳山區中崙一路 / 高雄市鳳山區無名路,晴,有照明未開啟或故障,市區道路,30,交岔路,四岔路,交叉路口,交叉路口內,柏油,乾燥,無缺陷,無障礙物,無遮蔽物,良好,無號誌,無號誌,無,無分向設施,未繪設車道線,未繪設快慢車道分隔線,有,車與車,路口交岔撞,駕駛者,違反其他標誌(線)禁制,死亡0;受傷3,1,機車,普通重型,女,72,戴半罩式安全帽,未使用,車的狀態,向前直行中,機車與自行車,前車頭,,,駕駛者,違反其他標誌(線)禁制,否,120.348935,22.600611
2025,11,20251101,140500,A2,高雄市政府警察局,高雄市鳳山區中崙一路 / 高雄市鳳山區無名路,晴,有照明未開啟或故障,市區道路,30,交岔路,四岔路,交叉路口,交叉路口內,柏油,乾燥,無缺陷,無障礙物,無遮蔽物,良好,無號誌,無號誌,無,無分向設施,未繪設車道線,未繪設快慢車道分隔線,有,車與車,路口交岔撞,駕駛者,違反其他標誌(線)禁制,死亡0;受傷3,2,機車,普通重型,女,61,戴半罩式安全帽,未使用,車的狀態,向前直行中,機車與自行車,前車頭,,,駕駛者,恍神、緊張、心不在焉分心駕駛,否,120.348935,22.600611
2025,11,20251101,140500,A2,高雄市政府警察局,高雄市鳳山區中崙一路 / 高雄市鳳山區無名路,晴,有照明未開啟或故障,市區道路,30,交岔路,四岔路,交叉路口,交叉路口內,柏油,乾燥,無缺陷,無障礙物,無遮蔽物,良好,無號誌,無號誌,無,無分向設施,未繪設車道線,未繪設快慢車道分隔線,有,車與車,路口交岔撞,駕駛者,違反其他標誌(線)禁制,死亡0;受傷3,3,人,乘客,男,16,戴半罩式安全帽,非駕駛人,不明,不明,其他,無撞擊,,,無(非車輛駕駛人因素),尚未發現肇事因素,否,120.348935,22.600611
2025,11,20251101,141818,A2,彰化縣警察局,彰化縣竹塘鄉竹元村竹鹿路口 / 彰化縣竹塘鄉竹元村竹鹿路口,晴,有照明未開啟或故障,其他,40,交岔路,四岔路,交叉路口,交叉路口內,柏油,乾燥,無缺陷,無障礙物,無遮蔽物,良好,閃光號誌,正常,無,無分向設施,未繪設車道線,未繪設快慢車道分隔線,有,車與車,路口交岔撞,駕駛者,未依規定減速,死亡0;受傷2,1,小客車(含客、貨兩用),自用,女,63,不明,不明,車的狀態,向前直行中,汽車,右後車尾(身),汽車,左後車尾(身),駕駛者,未依規定減速,否,120.419457,23.862779
2025,11,20251101,141818,A2,彰化縣警察局,彰化縣竹塘鄉竹元村竹鹿路口 / 彰化縣竹塘鄉竹元村竹鹿路口,晴,有照明未開啟或故障,其他,40,交岔路,四岔路,交叉路口,交叉路口內,柏油,乾燥,無缺陷,無障礙物,無遮蔽物,良好,閃光號誌,正常,無,無分向設施,未繪設車道線,未繪設快慢車道分隔線,有,車與車,路口交岔撞,駕駛者,未依規定減速,死亡0;受傷2,2,小客車(含客、貨兩用),自用,女,34,不明,不明,車的狀態,向前直行中,汽車,前車頭,汽車,前車頭,駕駛者,違反閃光號誌,否,120.419457,23.862779
2025,11,20251101,142100,A2,臺中市政府警察局,臺中市北區育德里健行路607號前0.0公尺,晴,無照明,市區道路,50,圓環廣場,其他,其他,其他,柏油,乾燥,無缺陷,無障礙物,無遮蔽物,良好,無號誌,無號誌,雙向禁止超車線,無標記,未繪設車道線,未繪設快慢車道分隔線,無,車與車,其他,駕駛者,恍神、緊張、心不在焉分心駕駛,死亡0;受傷1,1,機車,普通重型,女,18,不明,不明,車的狀態,向前直行中,機車與自行車,左側車身,,,駕駛者,恍神、緊張、心不在焉分心駕駛,否,120.675525,24.159066
2025,11,20251101,142100,A2,臺中市政府警察局,臺中市北區育德里健行路607號前0.0公尺,晴,無照明,市區道路,50,圓環廣場,其他,其他,其他,柏油,乾燥,無缺陷,無障礙物,無遮蔽物,良好,無號誌,無號誌,雙向禁止超車線,無標記,未繪設車道線,未繪設快慢車道分隔線,無,車與車,其他,駕駛者,恍神、緊張、心不在焉分心駕駛,死亡0;受傷1,2,小客車(含客、貨兩用),自用,男,28,不明,不明,車的狀態,右轉彎,汽車,右後車尾(身),,,無(車輛駕駛者因素),尚未發現肇事因素,否,120.675525,24.159066
2025,11,20251101,142600,A2,新竹市警察局,新竹市東區高翠路137巷,晴,有照明未開啟或故障,市區道路,50,交岔路,多岔路,交叉路口,交叉路口內,柏油,乾燥,無缺陷,無障礙物,無遮蔽物,良好,行車管制號誌,正常,雙向禁止超車線,無標記,未繪設車道線,未繪設快慢車道分隔線,無,車與車,其他,駕駛者,左轉彎未依規定,死亡0;受傷1,1,小客車(含客、貨兩用),自用,女,44,不明,不明,車的狀態,左轉彎,汽車,右前車頭(身),,,駕駛者,左轉彎未依規定,否,120.988300,24.782134
2025,11,20251101,142600,A2,新竹市警察局,新竹市東區高翠路137巷,晴,有照明未開啟或故障,市區道路,50,交岔路,多岔路,交叉路口,交叉路口內,柏油,乾燥,無缺陷,無障礙物,無遮蔽物,良好,行車管制號誌,正常,雙向禁止超車線,無標記,未繪設車道線,未繪設快慢車道分隔線,無,車與車,其他,駕駛者,左轉彎未依規定,死亡0;受傷1,2,機車,普通重型,女,29,不明,不明,車的狀態,左轉彎,機車與自行車,前車頭,,,駕駛者,左轉彎未依規定,否,120.988300,24.782134
2025,11,20251101,142600,A2,高雄市政府警察局,高雄市左營區埤子頭路70號前0.0公尺,晴,無照明,市區道路,30,單路部分,直路,路段,一般車道(未劃分快慢車道),柏油,乾燥,無缺陷,無障礙物,無遮蔽物,良好,無號誌,無號誌,無,無分向設施,未繪設車道線,未繪設快慢車道分隔線,無,車與車,對撞,駕駛者,未保持行車安全間隔,死亡0;受傷1,1,機車,普通重型,男,56,戴非半罩式安全帽,未使用,車的狀態,向前直行中,機車與自行車,前車頭,,,駕駛者,未保持行車安全間隔,否,120.289255,22.682157
2025,11,20251101,142600,A2,高雄市政府警察局,高雄市左營區埤子頭路70號前0.0公尺,晴,無照明,市區道路,30,單路部分,直路,路段,一般車道(未劃分快慢車道),柏油,乾燥,無缺陷,無障礙物,無遮蔽物,良好,無號誌,無號誌,無,無分向設施,未繪設車道線,未繪設快慢車道分隔線,無,車與車,對撞,駕駛者,未保持行車安全間隔,死亡0;受傷1,2,小客車(含客、貨兩用),自用,男,26,繫安全帶(使用幼童安全椅),未使用,車的狀態,向前直行中,汽車,右前車頭(身),,,駕駛者,未保持行車安全間隔,否,120.289255,22.682157
2025,11,20251101,142600,A2,高雄市政府警察局,高雄市新興區復興一路123-5號前0.0公尺,晴,無照明,市區道路,40,單路部分,直路,路段,一般車道(未劃分快慢車道),柏油,乾燥,無缺陷,無障礙物,無遮蔽物,良好,無號誌,無號誌,行車分向線,無標記,車道線(無標記),快慢車道分隔線,無,車與車,追撞,駕駛者,未保持行車安全距離,死亡0;受傷2,1,機車,普通重型,男,22,戴非半罩式安全帽,未使用,車的狀態,向前直行中,機車與自行車,前車頭,,,駕駛者,未保持行車安全距離,否,120.308534,22.635989
2025,11,20251101,142600,A2,高雄市政府警察局,高雄市新興區復興一路123-5號前0.0公尺,晴,無照明,市區道路,40,單路部分,直路,路段,一般車道(未劃分快慢車道),柏油,乾燥,無缺陷,無障礙物,無遮蔽物,良好,無號誌,無號誌,行車分向線,無標記,車道線(無標記),快慢車道分隔線,無,車與車,追撞,駕駛者,未保持行車安全距離,死亡0;受傷2,2,機車,普通重型,男,54,戴非半罩式安全帽,未使用,車的狀態,向前直行中,機車與自行車,後車尾,,,無(車輛駕駛者因素),尚未發現肇事因素,否,120.308534,22.635989
2025,11,20251101,142700,A2,新北市政府警察局,新北市土城區裕民路 / 新北市土城區學享街,陰,有照明且開啟,市區道路,50,交岔路,四岔路,交叉路口,交叉口附近,柏油,乾燥,無缺陷,無障礙物,無遮蔽物,良好,行車管制號誌,正常,雙向禁止超車線,無標記,未繪設車道線,快慢車道分隔線,有,車與車,同向擦撞,駕駛者,恍神、緊張、心不在焉分心駕駛,死亡0;受傷1,1,小客車(含客、貨兩用),自用,男,63,繫安全帶(使用幼童安全椅),未使用,車的狀態,向前直行中,汽車,右前車頭(身),,,駕駛者,恍神、緊張、心不在焉分心駕駛,否,121.450400,24.987048
2025,11,20251101,142700,A2,新北市政府警察局,新北市土城區裕民路 / 新北市土城區學享街,陰,有照明且開啟,市區道路,50,交岔路,四岔路,交叉路口,交叉口附近,柏油,乾燥,無缺陷,無障礙物,無遮蔽物,良好,行車管制號誌,正常,雙向禁止超車線,無標記,未繪設車道線,快慢車道分隔線,有,車與車,同向擦撞,駕駛者,恍神、緊張、心不在焉分心駕駛,死亡0;受傷1,2,機車,普通重型,女,48,戴非半罩式安全帽,未使用,車的狀態,向左變換車道,機車與自行車,左側車身,,,駕駛者,變換車道不當,否,121.450400,24.987048
2025,11,20251101,142856,A2,新竹縣政府警察局,新竹縣新豐鄉建興路一段202-5號前,晴,有照明未開啟或故障,市區道路,50,單路部分,直路,路段,一般車道(未劃分快慢車道),柏油,乾燥,無缺陷,無障礙物,無遮蔽物,良好,無號誌,無號誌,行車分向線,附標記,車道線(無標記),未繪設快慢車道分隔線,有,車與車,側撞,駕駛者,違反其他標誌(線)禁制,死亡0;受傷1,1,小客車(含客、貨兩用),自用,男,51,繫安全帶(使用幼童安全椅),未使用,車的狀態,迴轉或橫越道路中,汽車,左側車身,,,駕駛者,違反其他標誌(線)禁制,否,120.994170,24.883113
2025,11,20251101,142856,A2,新竹縣政府警察局,新竹縣新豐鄉建興路一段202-5號前,晴,有照明未開啟或故障,市區道路,50,單路部分,直路,路段,一般車道(未劃分快慢車道),柏油,乾燥,無缺陷,無障礙物,無遮蔽物,良好,無號誌,無號誌,行車分向線,附標記,車道線(無標記),未繪設快慢車道分隔線,有,車與車,側撞,駕駛者,違反其他標誌(線)禁制,死亡0;受傷1,2,機車,普通重型,男,16,戴半罩式安全帽,未使用,車的狀態,向前直行中,機車與自行車,右側車身,,,駕駛者,未保持行車安全距離,否,120.994170,24.883113
2025,11,20251101,142900,A2,高雄市政府警察局,高雄市三民區澄明街 / 高雄市三民區黃興路,晴,有照明未開啟或故障,市區道路,50,交岔路,四岔路,交叉路口,交叉路口內,柏油,乾燥,無缺陷,無障礙物,無遮蔽物,良好,行車管制號誌,正常,無,無分向設施,未繪設車道線,未繪設快慢車道分隔線,無,車與車,側撞,駕駛者,右轉彎未依規定,死亡0;受傷1,1,小客車(含客、貨兩用),自用,男,68,繫安全帶(使用幼童安全椅),未使用,車的狀態,右轉彎,汽車,右前車頭(身),,,駕駛者,右轉彎未依規定,否,120.344518,22.646912
2025,11,20251101,142900,A2,高雄市政府警察局,高雄市三民區澄明街 / 高雄市三民區黃興路,晴,有照明未開啟或故障,市區道路,50,交岔路,四岔路,交叉路口,交叉路口內,柏油,乾燥,無缺陷,無障礙物,無遮蔽物,良好,行車管制號誌,正常,無,無分向設施,未繪設車道線,未繪設快慢車道分隔線,無,車與車,側撞,駕駛者,右轉彎未依規定,死亡0;受傷1,2,機車,普通重型,男,74,戴非半罩式安全帽,未使用,車的狀態,向前直行中,機車與自行車,前車頭,,,無(車輛駕駛者因素),尚未發現肇事因素,否,120.344518,22.646912
2025,11,20251101,143100,A2,高雄市政府警察局,高雄市三民區天祥一路200號前0.0公尺,晴,有照明未開啟或故障,市區道路,50,單路部分,直路,路段,一般車道(未劃分快慢車道),柏油,乾燥,無缺陷,無障礙物,無遮蔽物,良好,無號誌,無號誌,雙向禁止超車線,無標記,車道線(無標記),未繪設快慢車道分隔線,無,車與車,側撞,駕駛者,變換車道不當,死亡0;受傷2,1,小客車(含客、貨兩用),自用,女,51,繫安全帶(使用幼童安全椅),未使用,車的狀態,向左變換車道,汽車,左側車身,,,駕駛者,變換車道不當,否,120.318284,22.667907
2025,11,20251101,143100,A2,高雄市政府警察局,高雄市三民區天祥一路200號前0.0公尺,晴,有照明未開啟或故障,市區道路,50,單路部分,直路,路段,一般車道(未劃分快慢車道),柏油,乾燥,無缺陷,無障礙物,無遮蔽物,良好,無號誌,無號誌,雙向禁止超車線,無標記,車道線(無標記),未繪設快慢車道分隔線,無,車與車,側撞,駕駛者,變換車道不當,死亡0;受傷2,2,機車,普通重型,男,34,戴半罩式安全帽,未使用,車的狀態,向前直行中,機車與自行車,右側車身,,,無(車輛駕駛者因素),尚未發現肇事因素,否,120.318284,22.667907
2025,11,20251101,143200,A2,臺北市政府警察局,臺北市大同區長安西路181號前0.0公尺,晴,有照明未開啟或故障,市區道路,50,單路部分,直路,路段,一般車道(未劃分快慢車道),柏油,乾燥,無缺陷,無障礙物,無遮蔽物,良好,無號誌,無號誌,雙向禁止超車線,無標記,禁止變換車道線(無標記),未繪設快慢車道分隔線,無,車與車,其他,其他,其他不當駕車行為,死亡0;受傷2,1,慢車,電動輔助自行車,女,63,未戴安全帽或未繫安全帶(未使用幼童安全椅),不明,車的狀態,其他,機車與自行車,左側車身,,,其他,其他不當駕車行為,否,121.513474,25.051687
2025,11,20251101,143200,A2,臺北市政府警察局,臺北市大同區長安西路181號前0.0公尺,晴,有照明未開啟或故障,市區道路,50,單路部分,直路,路段,一般車道(未劃分快慢車道),柏油,乾燥,無缺陷,無障礙物,無遮蔽物,良好,無號誌,無號誌,雙向禁止超車線,無標記,禁止變換車道線(無標記),未繪設快慢車道分隔線,無,車與車,其他,其他,其他不當駕車行為,死亡0;受傷2,2,機車,大型重型2(250-550C.C.),男,20,戴非半罩式安全帽,不明,車的狀態,向前直行中,機車與自行車,右側車身,,,無(車輛駕駛者因素),尚未發現肇事因素,否,121.513474,25.051687
2025,11,20251101,143700,A2,臺中市政府警察局,臺中市大里區立仁里甲堤路328號前0.0公尺,晴,無照明,市區道路,50,交岔路,三岔路,交叉路口,交叉路口內,柏油,乾燥,無缺陷,無障礙物,無遮蔽物,良好,無號誌,無號誌,無,無分向設施,未繪設車道線,未繪設快慢車道分隔線,無,車與車,側撞,駕駛者,無號誌路口，轉彎車未讓直行車先行,死亡0;受傷1,1,小客車(含客、貨兩用),租賃車,男,36,繫安全帶(使用幼童安全椅),未使用,車的狀態,左轉彎,汽車,右側車身,,,駕駛者,無號誌路口，轉彎車未讓直行車先行,否,120.698468,24.109514
2025,11,20251101,143700,A2,臺中市政府警察局,臺中市大里區立仁里甲堤路328號前0.0公尺,晴,無照明,市區道路,50,交岔路,三岔路,交叉路口,交叉路口內,柏油,乾燥,無缺陷,無障礙物,無遮蔽物,良好,無號誌,無號誌,無,無分向設施,未繪設車道線,未繪設快慢車道分隔線,無,車與車,側撞,駕駛者,無號誌路口，轉彎車未讓直行車先行,死亡0;受傷1,2,機車,普通重型,女,19,戴半罩式安全帽,未使用,車的狀態,向前直行中,機車與自行車,前車頭,,,駕駛者,未依規定減速,否,120.698468,24.109514
2025,11,20251101,143700,A2,臺中市政府警察局,臺中市大里區立仁里甲堤路328號前0.0公尺,晴,無照明,市區道路,50,交岔路,三岔路,交叉路口,交叉路口內,柏油,乾燥,無缺陷,無障礙物,無遮蔽物,良好,無號誌,無號誌,無,無分向設施,未繪設車道線,未繪設快慢車道分隔線,無,車與車,側撞,駕駛者,無號誌路口，轉彎車未讓直行車先行,死亡0;受傷1,3,人,乘客,女,22,戴半罩式安全帽,非駕駛人,人的狀態,靜立(止),其他,非汽、機及自行車,,,無(非車輛駕駛人因素),尚未發現肇事因素,否,120.698468,24.109514
2025,11,20251101,143800,A2,臺北市政府警察局,臺北市中山區松江路 / 臺北市中山區松江路,陰,有照明未開啟或故障,市區道路,50,交岔路,三岔路,交叉路口,交叉口附近,柏油,乾燥,無缺陷,無障礙物,無遮蔽物,良好,無號誌,無號誌,中央分向島,寬式(50公分以上),未繪設車道線,未繪設快慢車道分隔線,無,車與車,側撞,駕駛者,無號誌路口，轉彎車未讓直行車先行,死亡0;受傷1,1,小客車(含客、貨兩用),租賃車,女,47,繫安全帶(使用幼童安全椅),未使用,車的狀態,右轉彎,汽車,右側車身,,,駕駛者,無號誌路口，轉彎車未讓直行車先行,否,121.533087,25.049736
2025,11,20251101,143800,A2,臺北市政府警察局,臺北市中山區松江路 / 臺北市中山區松江路,陰,有照明未開啟或故障,市區道路,50,交岔路,三岔路,交叉路口,交叉口附近,柏油,乾燥,無缺陷,無障礙物,無遮蔽物,良好,無號誌,無號誌,中央分向島,寬式(50公分以上),未繪設車道線,未繪設快慢車道分隔線,無,車與車,側撞,駕駛者,無號誌路口，轉彎車未讓直行車先行,死亡0;受傷1,2,機車,普通重型,男,25,戴非半罩式安全帽,未使用,車的狀態,向前直行中,機車與自行車,左側車身,,,無(車輛駕駛者因素),尚未發現肇事因素,否,121.533087,25.049736