發生年度,發生月份,發生日期,發生時間,事故類別名稱,處理單位名稱警局層,發生地點,天候名稱,光線名稱,道路類別-第1當事者-名稱,速限-第1當事者,道路型態大類別名稱,道路型態子類別名稱,事故位置大類別名稱,事故位置子類別名稱,路面狀況-路面鋪裝名稱,路面狀況-路面狀態名稱,路面狀況-路面缺陷名稱,道路障礙-障礙物名稱,道路障礙-視距品質名稱,道路障礙-視距名稱,號誌-號誌種類名稱,號誌-號誌動作名稱,車道劃分設施-分向設施大類別名稱,車道劃分設施-分向設施子類別名稱,車道劃分設施-分道設施-快車道或一般車道間名稱,車道劃分設施-分道設施-快慢車道間名稱,車道劃分設施-分道設施-路面邊線名稱,事故類型及型態大類別名稱,事故類型及型態子類別名稱,肇因研判大類別名稱-主要,肇因研判子類別名稱-主要,死亡受傷人數,當事者順位,當事者區分-類別-大類別名稱-車種,當事者區分-類別-子類別名稱-車種,當事者屬-性-別名稱,當事者事故發生時年齡,保護裝備名稱,行動電話或電腦或其他相類功能裝置名稱,當事者行動狀態大類別名稱,當事者行動狀態子類別名稱,車輛撞擊部位大類別名稱-最初,車輛撞擊部位子類別名稱-最初,車輛撞擊部位大類別名稱-其他,車輛撞擊部位子類別名稱-其他,肇因研判大類別名稱-個別,肇因研判子類別名稱-個別,肇事逃逸類別名稱-是否肇逃,經度,緯度
2025,11,20251101,161100,A2,彰化縣警察局,彰化縣溪湖鎮光平里員鹿路3段口 / 彰化縣溪湖鎮光平里環中街口,晴,有照明未開啟或故障,市區道路,50,交岔路,四岔路,交叉路口,交叉路口內,柏油,乾燥,無缺陷,無障礙物,無遮蔽物,良好,行車管制號誌,正常,雙向禁止超車線,無標記,未繪設車道線,未繪設快慢車道分隔線,有,車與車,其他,駕駛者,未保持行車安全間隔,死亡0;受傷1,1,機車,普通重型,男,50,戴半罩式安全帽,未使用,車的狀態,左轉彎,機車與自行車,右側車身,,,駕駛者,未保持行車安全間隔,否,120.479487,23.960061
2025,11,20251101,161100,A2,彰化縣警察局,彰化縣溪湖鎮光平里員鹿路3段口 / 彰化縣溪湖鎮光平里環中街口,晴,有照明未開啟或故障,市區道路,50,交岔路,四岔路,交叉路口,交叉路口內,柏油,乾燥,無缺陷,無障礙物,無遮蔽物,良好,行車管制號誌,正常,雙向禁止超車線,無標記,未繪設車道線,未繪設快慢車道分隔線,有,車與車,其他,駕駛者,未保持行車安全間隔,死亡0;受傷1,2,小客車(含客、貨兩用),自用,男,27,繫安全帶(使用幼童安全椅),未使用,車的狀態,左轉彎,汽車,左前車頭(身),,,無(車輛駕駛者因素),尚未發現肇事因素,否,120.479487,23.960061
2025,11,20251101,161400,A2,臺中市政府警察局,臺中市南屯區文山里忠勇路54號前0.0公尺,晴,有照明未開啟或故障,市區道路,40,單路部分,直路,路段,慢車道,柏油,乾燥,無缺陷,無障礙物,無遮蔽物,良好,無號誌,無號誌,雙向禁止超車線,無標記,未繪設車道線,快慢車道分隔線,無,車與車,側撞,其他,其他不當駕車行為,死亡0;受傷1,1,小客車(含客、貨兩用),自用,男,46,繫安全帶(使用幼童安全椅),未使用,車的狀態,右轉彎,汽車,右前車頭(身),,,其他,其他不當駕車行為,否,120.615120,24.146434
2025,11,20251101,161400,A2,臺中市政府警察局,臺中市南屯區文山里忠勇路54號前0.0公尺,晴,有照明未開啟或故障,市區道路,40,單路部分,直路,路段,慢車道,柏油,乾燥,無缺陷,無障礙物,無遮蔽物,良好,無號誌,無號誌,雙向禁止超車線,無標記,未繪設車道線,快慢車道分隔線,無,車與車,側撞,其他,其他不當駕車行為,死亡0;受傷1,2,機車,普通重型,女,35,戴非半罩式安全帽,未使用,車的狀態,向前直行中,機車與自行車,左側車身,,,其他,其他不當駕車行為,否,120.615120,24.146434
2025,11,20251101,161600,A2,新北市政府警察局,新北市三重區重陽橋機車道路前0.0公尺,陰,有照明未開啟或故障,市區道路,40,單路部分,橋樑,路段,慢車道,柏油,乾燥,無缺陷,無障礙物,無遮蔽物,良好,無號誌,無號誌,中央分向島,寬式(50公分以上),車道線(附標記),未繪設快慢車道分隔線,無,車與車,其他,駕駛者,變換車道不當,死亡0;受傷2,1,慢車,腳踏自行車,女,65,戴半罩式安全帽,未使用,車的狀態,向右變換車道,機車與自行車,後車尾,,,駕駛者,變換車道不當,否,121.500775,25.084703
2025,11,20251101,161600,A2,新北市政府警察局,新北市三重區重陽橋機車道路前0.0公尺,陰,有照明未開啟或故障,市區道路,40,單路部分,橋樑,路段,慢車道,柏油,乾燥,無缺陷,無障礙物,無遮蔽物,良好,無號誌,無號誌,中央分向島,寬式(50公分以上),車道線(附標記),未繪設快慢車道分隔線,無,車與車,其他,駕駛者,變換車道不當,死亡0;受傷2,2,機車,普通重型,男,37,戴半罩式安全帽,未使用,車的狀態,向前直行中,機車與自行車,前車頭,,,無(車輛駕駛者因素),尚未發現肇事因素,否,121.500775,25.084703
2025,11,20251101,161600,A2,臺中市政府警察局,臺中市沙鹿區興仁里沙田路46之2號前0.0公尺,晴,有照明未開啟或故障,市區道路,50,單路部分,直路,路段,慢車道,柏油,乾燥,無缺陷,無障礙物,無遮蔽物,良好,無號誌,無號誌,中央分向島,寬式(50公分以上),車道線(無標記),快慢車道分隔線,無,車與車,其他,駕駛者,停車操作時未注意安全,死亡0;受傷1,1,機車,普通重型,女,71,戴非半罩式安全帽,未使用,車的狀態,停車操作中,機車與自行車,右側車身,,,駕駛者,停車操作時未注意安全,否,120.559312,24.230490
2025,11,20251101,161600,A2,臺中市政府警察局,臺中市沙鹿區興仁里沙田路46之2號前0.0公尺,晴,有照明未開啟或故障,市區道路,50,單路部分,直路,路段,慢車道,柏油,乾燥,無缺陷,無障礙物,無遮蔽物,良好,無號誌,無號誌,中央分向島,寬式(50公分以上),車道線(無標記),快慢車道分隔線,無,車與車,其他,駕駛者,停車操作時未注意安全,死亡0;受傷1,2,機車,普通重型,女,35,戴非半罩式安全帽,未使用,車的狀態,向前直行中,機車與自行車,左側車身,,,無(車輛駕駛者因素),尚未發現肇事因素,否,120.559312,24.230490
2025,11,20251101,161900,A2,臺中市政府警察局,臺中市北區頂厝里學士路 / 臺中市北區頂厝里衛道路,晴,無照明,市區道路,50,交岔路,四岔路,交叉路口,交叉路口內,柏油,乾燥,無缺陷,無障礙物,無遮蔽物,良好,無號誌,無號誌,無,無分向設施,未繪設車道線,未繪設快慢車道分隔線,無,車與車,追撞,駕駛者,恍神、緊張、心不在焉分心駕駛,死亡0;受傷1,1,機車,普通重型,男,20,戴半罩式安全帽,未使用,車的狀態,向前直行中,機車與自行車,前車頭,,,駕駛者,恍神、緊張、心不在焉分心駕駛,否,120.680973,24.162492
2025,11,20251101,161900,A2,臺中市政府警察局,臺中市北區頂厝里學士路 / 臺中市北區頂厝里衛道路,晴,無照明,市區道路,50,交岔路,四岔路,交叉路口,交叉路口內,柏油,乾燥,無缺陷,無障礙物,無遮蔽物,良好,無號誌,無號誌,無,無分向設施,未繪設車道線,未繪設快慢車道分隔線,無,車與車,追撞,駕駛者,恍神、緊張、心不在焉分心駕駛,死亡0;受傷1,2,小客車(含客、貨兩用),自用,女,33,繫安全帶(使用幼童安全椅),未使用,車的狀態,向前直行中,汽車,後車尾,,,無(車輛駕駛者因素),尚未發現肇事因素,否,120.680973,24.162492
2025,11,20251101,163200,A2,新北市政府警察局,新北市中和區華順街103巷前0.0公尺,陰,有照明未開啟或故障,市區道路,50,圓環廣場,其他,路段,一般車道(未劃分快慢車道),柏油,乾燥,無缺陷,無障礙物,無遮蔽物,良好,無號誌,無號誌,無,無分向設施,未繪設車道線,未繪設快慢車道分隔線,有,車與車,其他,無(車輛駕駛者因素),尚未發現肇事因素,死亡0;受傷2,1,機車,普通輕型,男,79,戴半罩式安全帽,未使用,車的狀態,其他,機車與自行車,前車頭,,,無(車輛駕駛者因素),尚未發現肇事因素,否,121.465359,24.997380
2025,11,20251101,163200,A2,新北市政府警察局,新北市中和區華順街103巷前0.0公尺,陰,有照明未開啟或故障,市區道路,50,圓環廣場,其他,路段,一般車道(未劃分快慢車道),柏油,乾燥,無缺陷,無障礙物,無遮蔽物,良好,無號誌,無號誌,無,無分向設施,未繪設車道線,未繪設快慢車道分隔線,有,車與車,其他,無(車輛駕駛者因素),尚未發現肇事因素,死亡0;受傷2,2,機車,普通重型,男,20,戴半罩式安全帽,未使用,車的狀態,其他,機車與自行車,右側車身,,,無(車輛駕駛者因素),尚未發現肇事因素,否,121.465359,24.997380
2025,11,20251101,163800,A2,臺中市政府警察局,臺中市北屯區仁和里豐樂南一街 / 臺中市北屯區仁和里豐樂二街,陰,無照明,市區道路,30,交岔路,四岔路,交叉路口,交叉路口內,柏油,乾燥,無缺陷,無障礙物,無遮蔽物,良好,無號誌,無號誌,無,無分向設施,未繪設車道線,未繪設快慢車道分隔線,無,車與車,路口交岔撞,駕駛者,無號誌路口，左方車未讓右方車先行,死亡0;受傷2,1,機車,普通重型,女,58,戴半罩式安全帽,未使用,車的狀態,向前直行中,機車與自行車,右側車身,,,駕駛者,無號誌路口，左方車未讓右方車先行,否,120.678987,24.194121
2025,11,20251101,163800,A2,臺中市政府警察局,臺中市北屯區仁和里豐樂南一街 / 臺中市北屯區仁和里豐樂二街,陰,無照明,市區道路,30,交岔路,四岔路,交叉路口,交叉路口內,柏油,乾燥,無缺陷,無障礙物,無遮蔽物,良好,無號誌,無號誌,無,無分向設施,未繪設車道線,未繪設快慢車道分隔線,無,車與車,路口交岔撞,駕駛者,無號誌路口，左方車未讓右方車先行,死亡0;受傷2,2,機車,普通重型,女,20,戴半罩式安全帽,未使用,車的狀態,向前直行中,機車與自行車,前車頭,,,駕駛者,未依規定減速,否,120.678987,24.194121
2025,11,20251101,163900,A2,臺中市政府警察局,臺中市西屯區永安里都會園路 / 臺中市西屯區永安里榜文路,晴,有照明未開啟或故障,市區道路,50,交岔路,三岔路,交叉路口,交叉路口內,柏油,乾燥,無缺陷,無障礙物,無遮蔽物,良好,無號誌,無號誌,無,無分向設施,未繪設車道線,未繪設快慢車道分隔線,無,車與車,側撞,駕駛者,左轉彎未依規定,死亡0;受傷3,1,機車,普通重型,女,35,不明,不明,車的狀態,左轉彎,機車與自行車,左側車身,機車與自行車,右側車身,駕駛者,左轉彎未依規定,否,120.594797,24.196094
2025,11,20251101,163900,A2,臺中市政府警察局,臺中市西屯區永安里都會園路 / 臺中市西屯區永安里榜文路,晴,有照明未開啟或故障,市區道路,50,交岔路,三岔路,交叉路口,交叉路口內,柏油,乾燥,無缺陷,無障礙物,無遮蔽物,良好,無號誌,無號誌,無,無分向設施,未繪設車道線,未繪設快慢車道分隔線,無,車與車,側撞,駕駛者,左轉彎未依規定,死亡0;受傷3,2,機車,普通重型,男,30,不明,不明,車的狀態,向前直行中,機車與自行車,前車頭,機車與自行車,右側車身,駕駛者,恍神、緊張、心不在焉分心駕駛,否,120.594797,24.196094
2025,11,20251101,163900,A2,臺中市政府警察局,臺中市西屯區永安里都會園路 / 臺中市西屯區永安里榜文路,晴,有照明未開啟或故障,市區道路,50,交岔路,三岔路,交叉路口,交叉路口內,柏油,乾燥,無缺陷,無障礙物,無遮蔽物,良好,無號誌,無號誌,無,無分向設施,未繪設車道線,未繪設快慢車道分隔線,無,車與車,側撞,駕駛者,左轉彎未依規定,死亡0;受傷3,3,人,乘客,女,27,不明,非駕駛人,人的狀態,其他,其他,非汽、機及自行車,,,無(非車輛駕駛人因素),尚未發現肇事因素,否,120.594797,24.196094
2025,11,20251101,164200,A2,彰化縣警察局,彰化縣員林市三和里浮圳路2段口 / 彰化縣員林市三和里合作街口,晴,有照明未開啟或故障,市區道路,50,交岔路,四岔路,交叉路口,交叉路口內,柏油,乾燥,無缺陷,無障礙物,無遮蔽物,良好,無號誌,無號誌,雙向禁止超車線,無標記,未繪設車道線,未繪設快慢車道分隔線,有,車與車,路口交岔撞,駕駛者,無號誌路口，左方車未讓右方車先行,死亡0;受傷1,1,機車,普通重型,女,70,戴半罩式安全帽,未使用,車的狀態,向前直行中,機車與自行車,右側車身,,,駕駛者,無號誌路口，左方車未讓右方車先行,否,120.579967,23.966835
2025,11,20251101,164200,A2,彰化縣警察局,彰化縣員林市三和里浮圳路2段口 / 彰化縣員林市三和里合作街口,晴,有照明未開啟或故障,市區道路,50,交岔路,四岔路,交叉路口,交叉路口內,柏油,乾燥,無缺陷,無障礙物,無遮蔽物,良好,無號誌,無號誌,雙向禁止超車線,無標記,未繪設車道線,未繪設快慢車道分隔線,有,車與車,路口交岔撞,駕駛者,無號誌路口，左方車未讓右方車先行,死亡0;受傷1,2,機車,普通重型,女,60,戴半罩式安全帽,未使用,車的狀態,向前直行中,機車與自行車,前車頭,,,駕駛者,未依規定減速,否,120.579967,23.966835
2025,11,20251101,164400,A2,臺中市政府警察局,臺中市神岡區豐洲里豐洲路166號前0.0公尺,晴,有照明且開啟,市區道路,50,交岔路,三岔路,交叉路口,交叉口附近,柏油,乾燥,無缺陷,無障礙物,無遮蔽物,良好,無號誌,無號誌,雙向禁止超車線,無標記,車道線(無標記),快慢車道分隔線,無,車與車,追撞,駕駛者,未保持行車安全距離,死亡0;受傷1,1,機車,普通重型,男,28,戴半罩式安全帽,不明,車的狀態,向前直行中,機車與自行車,前車頭,,,駕駛者,未保持行車安全距離,否,120.710551,24.258650
2025,11,20251101,164400,A2,臺中市政府警察局,臺中市神岡區豐洲里豐洲路166號前0.0公尺,晴,有照明且開啟,市區道路,50,交岔路,三岔路,交叉路口,交叉口附近,柏油,乾燥,無缺陷,無障礙物,無遮蔽物,良好,無號誌,無號誌,雙向禁止超車線,無標記,車道線(無標記),快慢車道分隔線,無,車與車,追撞,駕駛者,未保持行車安全距離,死亡0;受傷1,2,小客車(含客、貨兩用),自用,男,35,不明,不明,車的狀態,其他,汽車,左後車尾(身),,,無(車輛駕駛者因素),尚未發現肇事因素,否,120.710551,24.258650
2025,11,20251101,164500,A2,嘉義縣警察局,嘉義縣太保市後潭里電杆編號N1591FA50,晴,有照明且開啟,村里道路,50,交岔路,四岔路,交叉路口,交叉口附近,柏油,乾燥,有坑洞,無障礙物,無遮蔽物,良好,無號誌,無號誌,無,無分向設施,未繪設車道線,未繪設快慢車道分隔線,有,車輛本身,路上翻車、摔倒,駕駛者,恍神、緊張、心不在焉分心駕駛,死亡0;受傷1,1,機車,普通重型,男,32,不明,不明,車的狀態,向前直行中,機車與自行車,前車頭,,,駕駛者,恍神、緊張、心不在焉分心駕駛,否,120.347888,23.459264
2025,11,20251101,164500,A2,嘉義縣警察局,嘉義縣太保市後潭里電杆編號N1591FA50,晴,有照明且開啟,村里道路,50,交岔路,四岔路,交叉路口,交叉口附近,柏油,乾燥,有坑洞,無障礙物,無遮蔽物,良好,無號誌,無號誌,無,無分向設施,未繪設車道線,未繪設快慢車道分隔線,有,車輛本身,路上翻車、摔倒,駕駛者,恍神、緊張、心不在焉分心駕駛,死亡0;受傷1,2,,,無或物(動物、堆置物),-1,,,,,,,,,無(物或動物),道路設施(備)、植栽或其他裝置，倒塌或掉(斷)落,否,120.347888,23.459264
2025,11,20251101,165000,A2,臺北市政府警察局,臺北市松山區健康路11號前0.0公尺,晴,有照明未開啟或故障,市區道路,50,單路部分,直路,路段,一般車道(未劃分快慢車道),柏油,乾燥,無缺陷,無障礙物,無遮蔽物,良好,無號誌,無號誌,雙向禁止超車線,無標記,車道線(無標記),未繪設快慢車道分隔線,無,車與車,同向擦撞,其他,其他不當駕車行為,死亡0;受傷1,1,機車,普通重型,男,59,戴非半罩式安全帽,未使用,車的狀態,向前直行中,其他,不明,,,其他,其他不當駕車行為,否,121.552614,25.053235
2025,11,20251101,165000,A2,臺北市政府警察局,臺北市松山區健康路11號前0.0公尺,晴,有照明未開啟或故障,市區道路,50,單路部分,直路,路段,一般車道(未劃分快慢車道),柏油,乾燥,無缺陷,無障礙物,無遮蔽物,良好,無號誌,無號誌,雙向禁止超車線,無標記,車道線(無標記),未繪設快慢車道分隔線,無,車與車,同向擦撞,其他,其他不當駕車行為,死亡0;受傷1,2,機車,普通重型,男,47,戴非半罩式安全帽,未使用,車的狀態,急減速或急停止,機車與自行車,右側車身,,,其他,其他不當駕車行為,否,121.552614,25.053235
2025,11,20251101,165200,A2,高雄市政府警察局,高雄市新興區仁愛一街 / 高雄市新興區復橫一路,晴,無照明,市區道路,50,交岔路,四岔路,交叉路口,交叉路口內,柏油,乾燥,無缺陷,無障礙物,無遮蔽物,良好,無號誌,無號誌,無,無分向設施,未繪設車道線,未繪設快慢車道分隔線,無,車與車,路口交岔撞,駕駛者,違反其他標誌(線)禁制,死亡0;受傷1,1,小客車(含客、貨兩用),自用,男,40,繫安全帶(使用幼童安全椅),未使用,車的狀態,向前直行中,汽車,前車頭,,,駕駛者,違反其他標誌(線)禁制,否,120.309823,22.630562
2025,11,20251101,165200,A2,高雄市政府警察局,高雄市新興區仁愛一街 / 高雄市新興區復橫一路,晴,無照明,市區道路,50,交岔路,四岔路,交叉路口,交叉路口內,柏油,乾燥,無缺陷,無障礙物,無遮蔽物,良好,無號誌,無號誌,無,無分向設施,未繪設車道線,未繪設快慢車道分隔線,無,車與車,路口交岔撞,駕駛者,違反其他標誌(線)禁制,死亡0;受傷1,2,機車,普通重型,女,55,戴半罩式安全帽,未使用,車的狀態,向前直行中,機車與自行車,右側車身,,,駕駛者,違反其他標誌(線)禁制,否,120.309823,22.630562
2025,11,20251101,165200,A2,臺中市政府警察局,臺中市北區賴興里文心路四段212-1號前0.0公尺,晴,有照明未開啟或故障,市區道路,50,單路部分,直路,路段,一般車道(未劃分快慢車道),柏油,乾燥,無缺陷,無障礙物,無遮蔽物,良好,無號誌,無號誌,中央分向島,寬式(50公分以上),車道線(附標記),未繪設快慢車道分隔線,無,車與車,追撞,駕駛者,未保持行車安全距離,死亡0;受傷3,1,機車,普通重型,男,20,戴非半罩式安全帽,未使用,車的狀態,向前直行中,機車與自行車,右側車身,,,駕駛者,未保持行車安全距離,否,120.678231,24.172900
2025,11,20251101,165200,A2,臺中市政府警察局,臺中市北區賴興里文心路四段212-1號前0.0公尺,晴,有照明未開啟或故障,市區道路,50,單路部分,直路,路段,一般車道(未劃分快慢車道),柏油,乾燥,無缺陷,無障礙物,無遮蔽物,良好,無號誌,無號誌,中央分向島,寬式(50公分以上),車道線(附標記),未繪設快慢車道分隔線,無,車與車,追撞,駕駛者,未保持行車安全距離,死亡0;受傷3,2,機車,普通重型,女,36,戴非半罩式安全帽,未使用,車的狀態,向前直行中,機車與自行車,左側車身,,,無(車輛駕駛者因素),尚未發現肇事因素,否,120.678231,24.172900
2025,11,20251101,165200,A2,臺中市政府警察局,臺中市北區賴興里文心路四段212-1號前0.0公尺,晴,有照明未開啟或故障,市區道路,50,單路部分,直路,路段,一般車道(未劃分快慢車道),柏油,乾燥,無缺陷,無障礙物,無遮蔽物,良好,無號誌,無號誌,中央分向島,寬式(50公分以上),車道線(附標記),未繪設快慢車道分隔線,無,車與車,追撞,駕駛者,未保持行車安全距離,死亡0;受傷3,3,機車,普通重型,男,33,戴非半罩式安全帽,未使用,車的狀態,向前直行中,其他,無撞擊,,,其他,其他不當駕車行為,否,120.678231,24.172900
2025,11,20251101,165200,A2,臺中市政府警察局,臺中市北區賴興里文心路四段212-1號前0.0公尺,晴,有照明未開啟或故障,市區道路,50,單路部分,直路,路段,一般車道(未劃分快慢車道),柏油,乾燥,無缺陷,無障礙物,無遮蔽物,良好,無號誌,無號誌,中央分向島,寬式(50公分以上),車道線(附標記),未繪設快慢車道分隔線,無,車與車,追撞,駕駛者,未保持行車安全距離,死亡0;受傷3,4,人,乘客,女,19,戴非半罩式安全帽,非駕駛人,人的狀態,其他,其他,非汽、機及自行車,,,無(非車輛駕駛人因素),尚未發現肇事因素,否,120.678231,24.172900
2025,11,20251101,165200,A2,臺中市政府警察局,臺中市北區賴興里文心路四段212-1號前0.0公尺,晴,有照明未開啟或故障,市區道路,50,單路部分,直路,路段,一般車道(未劃分快慢車道),柏油,乾燥,無缺陷,無障礙物,無遮蔽物,良好,無號誌,無號誌,中央分向島,寬式(50公分以上),車道線(附標記),未繪設快慢車道分隔線,無,車與車,追撞,駕駛者,未保持行車安全距離,死亡0;受傷3,5,人,乘客,女,9,戴非半罩式安全帽,非駕駛人,人的狀態,其他,其他,非汽、機及自行車,,,無(非車輛駕駛人因素),尚未發現肇事因素,否,120.678231,24.172900
2025,11,20251101,165400,A2,臺中市政府警察局,臺中市西區公平里東興路三段 / 臺中市西區公平里大業路,晴,有照明且開啟,市區道路,50,交岔路,四岔路,交叉路口,交叉路口內,柏油,乾燥,無缺陷,無障礙物,無遮蔽物,良好,行車管制號誌,正常,無,無分向設施,未繪設車道線,未繪設快慢車道分隔線,有,車與車,其他,其他,其他不當駕車行為,死亡0;受傷2,1,小客車(含客、貨兩用),自用,男,42,不明,不明,車的狀態,向右變換車道,汽車,右側車身,,,其他,其他不當駕車行為,否,120.653021,24.153588
2025,11,20251101,165400,A2,臺中市政府警察局,臺中市西區公平里東興路三段 / 臺中市西區公平里大業路,晴,有照明且開啟,市區道路,50,交岔路,四岔路,交叉路口,交叉路口內,柏油,乾燥,無缺陷,無障礙物,無遮蔽物,良好,行車管制號誌,正常,無,無分向設施,未繪設車道線,未繪設快慢車道分隔線,有,車與車,其他,其他,其他不當駕車行為,死亡0;受傷2,2,機車,普通重型,男,34,不明,不明,車的狀態,向右變換車道,機車與自行車,左側車身,,,駕駛者,未保持行車安全距離,否,120.653021,24.153588
2025,11,20251101,165400,A2,臺中市政府警察局,臺中市西區公平里東興路三段 / 臺中市西區公平里大業路,晴,有照明且開啟,市區道路,50,交岔路,四岔路,交叉路口,交叉路口內,柏油,乾燥,無缺陷,無障礙物,無遮蔽物,良好,行車管制號誌,正常,無,無分向設施,未繪設車道線,未繪設快慢車道分隔線,有,車與車,其他,其他,其他不當駕車行為,死亡0;受傷2,3,,,無或物(動物、堆置物),0,,,,,,,,,無(非車輛駕駛人因素),尚未發現肇事因素,否,120.653021,24.153588
2025,11,20251101,165400,A2,臺中市政府警察局,臺中市西區公平里東興路三段 / 臺中市西區公平里大業路,晴,有照明且開啟,市區道路,50,交岔路,四岔路,交叉路口,交叉路口內,柏油,乾燥,無缺陷,無障礙物,無遮蔽物,良好,行車管制號誌,正常,無,無分向設施,未繪設車道線,未繪設快慢車道分隔線,有,車與車,其他,其他,其他不當駕車行為,死亡0;受傷2,4,人,乘客,女,37,其他(無需使用保護裝備之人),非駕駛人,人的狀態,其他,其他,非汽、機及自行車,,,無(非車輛駕駛人因素),尚未發現肇事因素,否,120.653021,24.153588
2025,11,20251101,165500,A2,臺北市政府警察局,臺北市信義區市民大道5段 / 臺北市信義區東寧路,陰,有照明未開啟或故障,市區道路,50,交岔路,四岔路,交叉路口,交叉路口內,柏油,乾燥,無缺陷,無障礙物,無遮蔽物,良好,行車管制號誌(附設行人專用號誌),正常,中央分向島,寬式(50公分以上),車道線(無標記),未繪設快慢車道分隔線,無,車與車,其他,駕駛者,方向不定(不包括危險駕車),死亡0;受傷1,1,機車,普通重型,男,45,不明,不明,車的狀態,向右變換車道,其他,無撞擊,,,駕駛者,方向不定(不包括危險駕車),否,121.562941,25.047190
2025,11,20251101,165500,A2,臺北市政府警察局,臺北市信義區市民大道5段 / 臺北市信義區東寧路,陰,有照明未開啟或故障,市區道路,50,交岔路,四岔路,交叉路口,交叉路口內,柏油,乾燥,無缺陷,無障礙物,無遮蔽物,良好,行車管制號誌(附設行人專用號誌),正常,中央分向島,寬式(50公分以上),車道線(無標記),未繪設快慢車道分隔線,無,車與車,其他,駕駛者,方向不定(不包括危險駕車),死亡0;受傷1,2,機車,普通輕型,男,25,不明,不明,車的狀態,向前直行中,機車與自行車,右側車身,,,無(車輛駕駛者因素),尚未發現肇事因素,否,121.562941,25.047190
2025,11,20251101,165700,A2,臺中市政府警察局,臺中市南屯區三厝里向上路二段前0.0公尺,晴,有照明未開啟或故障,市區道路,50,交岔路,四岔路,交叉路口,交叉路口內,柏油,乾燥,無缺陷,無障礙物,無遮蔽物,良好,行車管制號誌,正常,無,無分向設施,未繪設車道線,未繪設快慢車道分隔線,無,車與車,其他,駕駛者,恍神、緊張、心不在焉分心駕駛,死亡0;受傷1,1,機車,普通重型,女,26,戴非半罩式安全帽,未使用,車的狀態,向前直行中,機車與自行車,左側車身,,,駕駛者,恍神、緊張、心不在焉分心駕駛,否,120.640487,24.146870
2025,11,20251101,165700,A2,臺中市政府警察局,臺中市南屯區三厝里向上路二段前0.0公尺,晴,有照明未開啟或故障,市區道路,50,交岔路,四岔路,交叉路口,交叉路口內,柏油,乾燥,無缺陷,無障礙物,無遮蔽物,良好,行車管制號誌,正常,無,無分向設施,未繪設車道線,未繪設快慢車道分隔線,無,車與車,其他,駕駛者,恍神、緊張、心不在焉分心駕駛,死亡0;受傷1,2,小客車(含客、貨兩用),自用,男,50,繫安全帶(使用幼童安全椅),未使用,車的狀態,向前直行中,汽車,後車尾,,,無(車輛駕駛者因素),尚未發現肇事因素,否,120.640487,24.146870
2025,11,20251101,170000,A2,臺中市政府警察局,臺中市太平區東和里中和街 / 臺中市太平區東和里東村八街,晴,有照明未開啟或故障,市區道路,50,交岔路,四岔路,交叉路口,交叉路口內,柏油,乾燥,無缺陷,無障礙物,無遮蔽物,良好,無號誌,無號誌,雙向禁止超車線,無標記,未繪設車道線,未繪設快慢車道分隔線,有,車與車,側撞,駕駛者,未保持行車安全距離,死亡0;受傷1,1,機車,普通重型,女,20,戴非半罩式安全帽,未使用,車的狀態,向前直行中,機車與自行車,前車頭,,,駕駛者,未保持行車安全距離,否,120.726009,24.136390
2025,11,20251101,170000,A2,臺中市政府警察局,臺中市太平區東和里中和街 / 臺中市太平區東和里東村八街,晴,有照明未開啟或故障,市區道路,50,交岔路,四岔路,交叉路口,交叉路口內,柏油,乾燥,無缺陷,無障礙物,無遮蔽物,良好,無號誌,無號誌,雙向禁止超車線,無標記,未繪設車道線,未繪設快慢車道分隔線,有,車與車,側撞,駕駛者,未保持行車安全距離,死亡0;受傷1,2,慢車,腳踏自行車,男,13,未戴安全帽或未繫安全帶(未使用幼童安全椅),未使用,車的狀態,左轉彎,機車與自行車,左側車身,,,駕駛者,左轉彎未依規定,否,120.726009,24.136390
2025,11,20251101,170000,A2,嘉義縣警察局,嘉義縣番路鄉台18線 32公里500.0公尺處,陰,無照明,省道,50,交岔路,三岔路,交叉路口,交叉路口內,柏油,乾燥,無缺陷,無障礙物,無遮蔽物,良好,閃光號誌,正常,無,無分向設施,未繪設車道線,未繪設快慢車道分隔線,無,車與車,側撞,駕駛者,違反閃光號誌,死亡0;受傷1,1,小客車(含客、貨兩用),自用,男,66,繫安全帶(使用幼童安全椅),未使用,車的狀態,左轉彎,汽車,前車頭,,,駕駛者,違反閃光號誌,否,120.585378,23.445637
2025,11,20251101,170000,A2,嘉義縣警察局,嘉義縣番路鄉台18線 32公里500.0公尺處,陰,無照明,省道,50,交岔路,三岔路,交叉路口,交叉路口內,柏油,乾燥,無缺陷,無障礙物,無遮蔽物,良好,閃光號誌,正常,無,無分向設施,未繪設車道線,未繪設快慢車道分隔線,無,車與車,側撞,駕駛者,違反閃光號誌,死亡0;受傷1,2,機車,普通重型,男,25,戴非半罩式安全帽,未使用,車的狀態,向前直行中,機車與自行車,前車頭,,,駕駛者,閃避不當(慎),否,120.585378,23.445637