發生年度,發生月份,發生日期,發生時間,事故類別名稱,處理單位名稱警局層,發生地點,天候名稱,光線名稱,道路類別-第1當事者-名稱,速限-第1當事者,道路型態大類別名稱,道路型態子類別名稱,事故位置大類別名稱,事故位置子類別名稱,路面狀況-路面鋪裝名稱,路面狀況-路面狀態名稱,路面狀況-路面缺陷名稱,道路障礙-障礙物名稱,道路障礙-視距品質名稱,道路障礙-視距名稱,號誌-號誌種類名稱,號誌-號誌動作名稱,車道劃分設施-分向設施大類別名稱,車道劃分設施-分向設施子類別名稱,車道劃分設施-分道設施-快車道或一般車道間名稱,車道劃分設施-分道設施-快慢車道間名稱,車道劃分設施-分道設施-路面邊線名稱,事故類型及型態大類別名稱,事故類型及型態子類別名稱,肇因研判大類別名稱-主要,肇因研判子類別名稱-主要,死亡受傷人數,當事者順位,當事者區分-類別-大類別名稱-車種,當事者區分-類別-子類別名稱-車種,當事者屬-性-別名稱,當事者事故發生時年齡,保護裝備名稱,行動電話或電腦或其他相類功能裝置名稱,當事者行動狀態大類別名稱,當事者行動狀態子類別名稱,車輛撞擊部位大類別名稱-最初,車輛撞擊部位子類別名稱-最初,車輛撞擊部位大類別名稱-其他,車輛撞擊部位子類別名稱-其他,肇因研判大類別名稱-個別,肇因研判子類別名稱-個別,肇事逃逸類別名稱-是否肇逃,經度,緯度
2025,11,20251101,170000,A2,高雄市政府警察局,高雄市三民區天祥一路150號前0.0公尺,晴,無照明,市區道路,50,單路部分,直路,路段,慢車道,柏油,乾燥,無缺陷,無障礙物,無遮蔽物,良好,無號誌,無號誌,行車分向線,無標記,車道線(無標記),快慢車道分隔線,無,車與車,其他,無(車輛駕駛者因素),尚未發現肇事因素,死亡0;受傷1,1,慢車,電動輔助自行車,女,65,戴非半罩式安全帽,未使用,車的狀態,向前直行中,機車與自行車,左側車身,,,無(車輛駕駛者因素),尚未發現肇事因素,否,120.318607,22.667814
2025,11,20251101,170000,A2,高雄市政府警察局,高雄市三民區天祥一路150號前0.0公尺,晴,無照明,市區道路,50,單路部分,直路,路段,慢車道,柏油,乾燥,無缺陷,無障礙物,無遮蔽物,良好,無號誌,無號誌,行車分向線,無標記,車道線(無標記),快慢車道分隔線,無,車與車,其他,無(車輛駕駛者因素),尚未發現肇事因素,死亡0;受傷1,2,小客車(含客、貨兩用),自用,男,64,繫安全帶(使用幼童安全椅),未使用,車的狀態,向右變換車道,汽車,右後車尾(身),,,駕駛者,變換車道不當,否,120.318607,22.667814
2025,11,20251101,170100,A2,臺中市政府警察局,臺中市東區泉源里建成路556號前0.0公尺,晴,有照明未開啟或故障,市區道路,50,單路部分,彎曲路及附近,路段,快車道,柏油,乾燥,無缺陷,無障礙物,無遮蔽物,良好,無號誌,無號誌,中央分向島,窄式無柵欄,車道線(無標記),快慢車道分隔線,無,車與車,追撞,其他,其他不當駕車行為,死亡0;受傷1,1,機車,普通重型,男,60,戴非半罩式安全帽,未使用,車的狀態,向前直行中,機車與自行車,前車頭,,,其他,其他不當駕車行為,否,120.693927,24.133479
2025,11,20251101,170100,A2,臺中市政府警察局,臺中市東區泉源里建成路556號前0.0公尺,晴,有照明未開啟或故障,市區道路,50,單路部分,彎曲路及附近,路段,快車道,柏油,乾燥,無缺陷,無障礙物,無遮蔽物,良好,無號誌,無號誌,中央分向島,窄式無柵欄,車道線(無標記),快慢車道分隔線,無,車與車,追撞,其他,其他不當駕車行為,死亡0;受傷1,2,小客車(含客、貨兩用),自用,男,49,繫安全帶(使用幼童安全椅),未使用,車的狀態,向前直行中,汽車,左後車尾(身),,,無(車輛駕駛者因素),尚未發現肇事因素,否,120.693927,24.133479
2025,11,20251101,170100,A2,臺中市政府警察局,臺中市太平區永平里中興路 / 臺中市太平區永平里新平路一段,晴,有照明未開啟或故障,市區道路,50,交岔路,四岔路,交叉路口,交叉路口內,柏油,乾燥,無缺陷,無障礙物,無遮蔽物,良好,行車管制號誌(附設行人專用號誌),正常,無,無分向設施,未繪設車道線,未繪設快慢車道分隔線,無,車與車,側撞,駕駛者,有號誌路口，轉彎車未讓直行車先行,死亡0;受傷1,1,小客車(含客、貨兩用),自用,男,64,繫安全帶(使用幼童安全椅),未使用,車的狀態,左轉彎,汽車,右側車身,,,駕駛者,有號誌路口，轉彎車未讓直行車先行,否,120.717918,24.128800
2025,11,20251101,170100,A2,臺中市政府警察局,臺中市太平區永平里中興路 / 臺中市太平區永平里新平路一段,晴,有照明未開啟或故障,市區道路,50,交岔路,四岔路,交叉路口,交叉路口內,柏油,乾燥,無缺陷,無障礙物,無遮蔽物,良好,行車管制號誌(附設行人專用號誌),正常,無,無分向設施,未繪設車道線,未繪設快慢車道分隔線,無,車與車,側撞,駕駛者,有號誌路口，轉彎車未讓直行車先行,死亡0;受傷1,2,機車,普通重型,男,22,戴非半罩式安全帽,未使用,車的狀態,向前直行中,機車與自行車,前車頭,,,其他,其他不當駕車行為,否,120.717918,24.128800
2025,11,20251101,170200,A2,高雄市政府警察局,高雄市大寮區鳳林三路888-1號前0.0公尺,晴,無照明,市區道路,50,單路部分,直路,路段,一般車道(未劃分快慢車道),柏油,乾燥,無缺陷,無障礙物,無遮蔽物,良好,無號誌,無號誌,雙向禁止超車線,無標記,車道線(無標記),未繪設快慢車道分隔線,有,車與車,追撞,駕駛者,未保持行車安全間隔,死亡0;受傷2,1,機車,普通重型,男,50,戴半罩式安全帽,未使用,車的狀態,向前直行中,機車與自行車,右側車身,,,駕駛者,未保持行車安全間隔,否,120.392000,22.611640
2025,11,20251101,170200,A2,高雄市政府警察局,高雄市大寮區鳳林三路888-1號前0.0公尺,晴,無照明,市區道路,50,單路部分,直路,路段,一般車道(未劃分快慢車道),柏油,乾燥,無缺陷,無障礙物,無遮蔽物,良好,無號誌,無號誌,雙向禁止超車線,無標記,車道線(無標記),未繪設快慢車道分隔線,有,車與車,追撞,駕駛者,未保持行車安全間隔,死亡0;受傷2,2,機車,普通重型,男,51,戴半罩式安全帽,未使用,車的狀態,向前直行中,機車與自行車,左側車身,,,無(車輛駕駛者因素),尚未發現肇事因素,否,120.392000,22.611640
2025,11,20251101,170200,A2,高雄市政府警察局,高雄市大寮區鳳林三路888-1號前0.0公尺,晴,無照明,市區道路,50,單路部分,直路,路段,一般車道(未劃分快慢車道),柏油,乾燥,無缺陷,無障礙物,無遮蔽物,良好,無號誌,無號誌,雙向禁止超車線,無標記,車道線(無標記),未繪設快慢車道分隔線,有,車與車,追撞,駕駛者,未保持行車安全間隔,死亡0;受傷2,3,人,乘客,男,10,戴半罩式安全帽,非駕駛人,人的狀態,其他,其他,非汽、機及自行車,,,無(非車輛駕駛人因素),尚未發現肇事因素,否,120.392000,22.611640
2025,11,20251101,170400,A2,臺北市政府警察局,臺北市中正區仁愛路1段前0.0公尺,晴,有照明未開啟或故障,市區道路,50,單路部分,直路,路段,一般車道(未劃分快慢車道),柏油,乾燥,無缺陷,無障礙物,無遮蔽物,良好,無號誌,無號誌,雙向禁止超車線,無標記,車道線(無標記),未繪設快慢車道分隔線,無,車與車,追撞,駕駛者,未保持行車安全距離,死亡0;受傷1,1,機車,普通重型,男,22,戴半罩式安全帽,未使用,車的狀態,向前直行中,機車與自行車,前車頭,,,駕駛者,未保持行車安全距離,否,121.523292,25.038662
2025,11,20251101,170400,A2,臺北市政府警察局,臺北市中正區仁愛路1段前0.0公尺,晴,有照明未開啟或故障,市區道路,50,單路部分,直路,路段,一般車道(未劃分快慢車道),柏油,乾燥,無缺陷,無障礙物,無遮蔽物,良好,無號誌,無號誌,雙向禁止超車線,無標記,車道線(無標記),未繪設快慢車道分隔線,無,車與車,追撞,駕駛者,未保持行車安全距離,死亡0;受傷1,2,小客車(含客、貨兩用),自用,女,71,繫安全帶(使用幼童安全椅),未使用,車的狀態,向前直行中,汽車,右後車尾(身),,,無(車輛駕駛者因素),尚未發現肇事因素,否,121.523292,25.038662
2025,11,20251101,170400,A2,臺北市政府警察局,臺北市中正區仁愛路1段前0.0公尺,晴,有照明未開啟或故障,市區道路,50,單路部分,直路,路段,一般車道(未劃分快慢車道),柏油,乾燥,無缺陷,無障礙物,無遮蔽物,良好,無號誌,無號誌,雙向禁止超車線,無標記,車道線(無標記),未繪設快慢車道分隔線,無,車與車,追撞,駕駛者,未保持行車安全距離,死亡0;受傷1,3,小貨車,自用,男,21,不明,未使用,車的狀態,靜止(引擎熄火),其他,無撞擊,,,其他,開啟或關閉車門不當,否,121.523292,25.038662
2025,11,20251101,170500,A2,南投縣政府警察局,南投縣埔里鎮同聲里南安路口 / 南投縣埔里鎮同聲里民生路口,陰,有照明且開啟,村里道路,50,交岔路,四岔路,交叉路口,交叉口附近,柏油,乾燥,無缺陷,無障礙物,無遮蔽物,良好,行車管制號誌,正常,無,無分向設施,未繪設車道線,未繪設快慢車道分隔線,無,車與車,側撞,駕駛者,左轉彎未依規定,死亡0;受傷1,1,小客車(含客、貨兩用),自用,男,69,繫安全帶(使用幼童安全椅),未使用,車的狀態,左轉彎,汽車,左前車頭(身),,,駕駛者,左轉彎未依規定,否,120.962726,23.959884
2025,11,20251101,170500,A2,南投縣政府警察局,南投縣埔里鎮同聲里南安路口 / 南投縣埔里鎮同聲里民生路口,陰,有照明且開啟,村里道路,50,交岔路,四岔路,交叉路口,交叉口附近,柏油,乾燥,無缺陷,無障礙物,無遮蔽物,良好,行車管制號誌,正常,無,無分向設施,未繪設車道線,未繪設快慢車道分隔線,無,車與車,側撞,駕駛者,左轉彎未依規定,死亡0;受傷1,2,機車,普通重型,女,42,戴半罩式安全帽,未使用,車的狀態,向前直行中,機車與自行車,左側車身,,,無(車輛駕駛者因素),尚未發現肇事因素,否,120.962726,23.959884
2025,11,20251101,170600,A2,高雄市政府警察局,高雄市鼓山區河西一路3號前0.0公尺,晴,有照明未開啟或故障,市區道路,50,單路部分,直路,路段,一般車道(未劃分快慢車道),柏油,乾燥,無缺陷,無障礙物,有遮蔽物,路上停放車輛,無號誌,無號誌,雙向禁止超車線,無標記,車道線(無標記),未繪設快慢車道分隔線,無,車與車,側撞,駕駛者,左轉彎未依規定,死亡0;受傷2,1,機車,普通重型,女,63,戴半罩式安全帽,未使用,車的狀態,左轉彎,機車與自行車,右側車身,,,駕駛者,左轉彎未依規定,否,120.284513,22.634632
2025,11,20251101,170600,A2,高雄市政府警察局,高雄市鼓山區河西一路3號前0.0公尺,晴,有照明未開啟或故障,市區道路,50,單路部分,直路,路段,一般車道(未劃分快慢車道),柏油,乾燥,無缺陷,無障礙物,有遮蔽物,路上停放車輛,無號誌,無號誌,雙向禁止超車線,無標記,車道線(無標記),未繪設快慢車道分隔線,無,車與車,側撞,駕駛者,左轉彎未依規定,死亡0;受傷2,2,機車,普通重型,女,50,戴半罩式安全帽,未使用,車的狀態,向前直行中,機車與自行車,前車頭,,,無(車輛駕駛者因素),尚未發現肇事因素,否,120.284513,22.634632
2025,11,20251101,170800,A2,高雄市政府警察局,高雄市大寮區捷西路 / 高雄市大寮區無名路,晴,有照明未開啟或故障,市區道路,30,交岔路,三岔路,交叉路口,交叉路口內,柏油,乾燥,無缺陷,無障礙物,無遮蔽物,良好,無號誌,無號誌,無,無分向設施,未繪設車道線,未繪設快慢車道分隔線,無,車與車,對向擦撞,駕駛者,未保持行車安全間隔,死亡0;受傷1,1,機車,普通重型,女,53,戴半罩式安全帽,未使用,車的狀態,向前直行中,機車與自行車,前車頭,,,駕駛者,未保持行車安全間隔,否,120.389593,22.627266
2025,11,20251101,170800,A2,高雄市政府警察局,高雄市大寮區捷西路 / 高雄市大寮區無名路,晴,有照明未開啟或故障,市區道路,30,交岔路,三岔路,交叉路口,交叉路口內,柏油,乾燥,無缺陷,無障礙物,無遮蔽物,良好,無號誌,無號誌,無,無分向設施,未繪設車道線,未繪設快慢車道分隔線,無,車與車,對向擦撞,駕駛者,未保持行車安全間隔,死亡0;受傷1,2,機車,普通重型,男,31,戴半罩式安全帽,未使用,車的狀態,向前直行中,機車與自行車,左側車身,,,無(車輛駕駛者因素),尚未發現肇事因素,否,120.389593,22.627266
2025,11,20251101,171000,A2,新北市政府警察局,新北市汐止區大同路2段354號前0.0公尺,晴,有照明且開啟,市區道路,50,單路部分,直路,路段,一般車道(未劃分快慢車道),柏油,乾燥,無缺陷,無障礙物,無遮蔽物,良好,行車管制號誌(附設行人專用號誌),正常,雙向禁止超車線,附標記,禁止變換車道線(附標記),快慢車道分隔線,有,車與車,追撞,無(車輛駕駛者因素),尚未發現肇事因素,死亡0;受傷1,1,機車,普通重型,男,25,戴非半罩式安全帽,未使用,車的狀態,向前直行中,機車與自行車,前車頭,,,無(車輛駕駛者因素),尚未發現肇事因素,否,121.657024,25.067111
2025,11,20251101,171000,A2,新北市政府警察局,新北市汐止區大同路2段354號前0.0公尺,晴,有照明且開啟,市區道路,50,單路部分,直路,路段,一般車道(未劃分快慢車道),柏油,乾燥,無缺陷,無障礙物,無遮蔽物,良好,行車管制號誌(附設行人專用號誌),正常,雙向禁止超車線,附標記,禁止變換車道線(附標記),快慢車道分隔線,有,車與車,追撞,無(車輛駕駛者因素),尚未發現肇事因素,死亡0;受傷1,2,小客車(含客、貨兩用),自用,男,26,繫安全帶(使用幼童安全椅),未使用,車的狀態,向前直行中,汽車,右後車尾(身),,,無(車輛駕駛者因素),尚未發現肇事因素,否,121.657024,25.067111
2025,11,20251101,171200,A2,高雄市政府警察局,高雄市岡山區岡山路464號前0.0公尺,晴,有照明未開啟或故障,市區道路,50,單路部分,直路,路段,一般車道(未劃分快慢車道),柏油,乾燥,無缺陷,無障礙物,無遮蔽物,良好,無號誌,無號誌,中央分向島,窄式無柵欄,車道線(無標記),未繪設快慢車道分隔線,有,車與車,側撞,駕駛者,多車道迴轉，未先駛入內側車道,死亡0;受傷3,1,機車,普通重型,男,81,戴非半罩式安全帽,未使用,車的狀態,迴轉或橫越道路中,機車與自行車,左側車身,,,駕駛者,多車道迴轉，未先駛入內側車道,否,120.295240,22.798105
2025,11,20251101,171200,A2,高雄市政府警察局,高雄市岡山區岡山路464號前0.0公尺,晴,有照明未開啟或故障,市區道路,50,單路部分,直路,路段,一般車道(未劃分快慢車道),柏油,乾燥,無缺陷,無障礙物,無遮蔽物,良好,無號誌,無號誌,中央分向島,窄式無柵欄,車道線(無標記),未繪設快慢車道分隔線,有,車與車,側撞,駕駛者,多車道迴轉，未先駛入內側車道,死亡0;受傷3,2,機車,普通重型,男,38,戴非半罩式安全帽,未使用,車的狀態,向前直行中,機車與自行車,前車頭,,,無(車輛駕駛者因素),尚未發現肇事因素,否,120.295240,22.798105
2025,11,20251101,171200,A2,高雄市政府警察局,高雄市岡山區岡山路464號前0.0公尺,晴,有照明未開啟或故障,市區道路,50,單路部分,直路,路段,一般車道(未劃分快慢車道),柏油,乾燥,無缺陷,無障礙物,無遮蔽物,良好,無號誌,無號誌,中央分向島,窄式無柵欄,車道線(無標記),未繪設快慢車道分隔線,有,車與車,側撞,駕駛者,多車道迴轉，未先駛入內側車道,死亡0;受傷3,3,人,乘客,女,73,戴非半罩式安全帽,非駕駛人,不明,不明,其他,非汽、機及自行車,,,無(非車輛駕駛人因素),尚未發現肇事因素,否,120.295240,22.798105
2025,11,20251101,171251,A2,彰化縣警察局,彰化縣埔鹽鄉新生路5號,晴,無照明,市區道路,60,單路部分,直路,路段,一般車道(未劃分快慢車道),柏油,乾燥,無缺陷,無障礙物,無遮蔽物,良好,閃光號誌,正常,無,無分向設施,未繪設車道線,快慢車道分隔線,有,車與車,對向擦撞,駕駛者,未依規定減速,死亡0;受傷1,1,小客車(含客、貨兩用),自用,男,52,不明,不明,車的狀態,向前直行中,汽車,左前車頭(身),,,駕駛者,未依規定減速,否,120.415820,23.992993
2025,11,20251101,171251,A2,彰化縣警察局,彰化縣埔鹽鄉新生路5號,晴,無照明,市區道路,60,單路部分,直路,路段,一般車道(未劃分快慢車道),柏油,乾燥,無缺陷,無障礙物,無遮蔽物,良好,閃光號誌,正常,無,無分向設施,未繪設車道線,快慢車道分隔線,有,車與車,對向擦撞,駕駛者,未依規定減速,死亡0;受傷1,2,機車,普通重型,男,31,不明,不明,車的狀態,向前直行中,機車與自行車,前車頭,,,駕駛者,未依規定減速,否,120.415820,23.992993
2025,11,20251101,171800,A2,臺中市政府警察局,臺中市神岡區大社里大社街 / 臺中市神岡區大社里豐社路,晴,有照明且開啟,市區道路,50,交岔路,四岔路,交叉路口,交叉口附近,柏油,乾燥,無缺陷,無障礙物,無遮蔽物,良好,行車管制號誌,正常,雙向禁止超車線,無標記,未繪設車道線,未繪設快慢車道分隔線,有,車與車,同向擦撞,其他,開啟或關閉車門不當,死亡0;受傷1,1,小客車(含客、貨兩用),自用,男,49,繫安全帶(使用幼童安全椅),未使用,車的狀態,靜止(引擎熄火),汽車,左側車身,,,其他,開啟或關閉車門不當,否,120.701074,24.251317
2025,11,20251101,171800,A2,臺中市政府警察局,臺中市神岡區大社里大社街 / 臺中市神岡區大社里豐社路,晴,有照明且開啟,市區道路,50,交岔路,四岔路,交叉路口,交叉口附近,柏油,乾燥,無缺陷,無障礙物,無遮蔽物,良好,行車管制號誌,正常,雙向禁止超車線,無標記,未繪設車道線,未繪設快慢車道分隔線,有,車與車,同向擦撞,其他,開啟或關閉車門不當,死亡0;受傷1,2,機車,普通重型,女,66,戴半罩式安全帽,未使用,車的狀態,向前直行中,機車與自行車,前車頭,,,無(車輛駕駛者因素),尚未發現肇事因素,否,120.701074,24.251317
2025,11,20251101,172200,A2,臺北市政府警察局,臺北市大安區建國南路1段 / 臺北市大安區濟南路3段,晴,有照明且開啟,市區道路,50,交岔路,三岔路,交叉路口,交叉口附近,柏油,乾燥,無缺陷,無障礙物,無遮蔽物,良好,行車管制號誌(附設行人專用號誌),正常,行車分向線,附標記,車道線(附標記),未繪設快慢車道分隔線,有,車與車,其他,駕駛者,無號誌路口，支線道未讓幹線道先行,死亡0;受傷2,1,機車,普通重型,男,66,戴半罩式安全帽,未使用,車的狀態,迴轉或橫越道路中,機車與自行車,後車尾,,,駕駛者,無號誌路口，支線道未讓幹線道先行,否,121.538054,25.040030
2025,11,20251101,172200,A2,臺北市政府警察局,臺北市大安區建國南路1段 / 臺北市大安區濟南路3段,晴,有照明且開啟,市區道路,50,交岔路,三岔路,交叉路口,交叉口附近,柏油,乾燥,無缺陷,無障礙物,無遮蔽物,良好,行車管制號誌(附設行人專用號誌),正常,行車分向線,附標記,車道線(附標記),未繪設快慢車道分隔線,有,車與車,其他,駕駛者,無號誌路口，支線道未讓幹線道先行,死亡0;受傷2,2,機車,普通重型,男,22,戴半罩式安全帽,未使用,車的狀態,向前直行中,機車與自行車,前車頭,,,駕駛者,超速駕駛,否,121.538054,25.040030
2025,11,20251101,172500,A2,臺北市政府警察局,臺北市內湖區內湖路1段629巷42號前0.0公尺,晴,有照明且開啟,市區道路,50,單路部分,直路,路段,一般車道(未劃分快慢車道),柏油,乾燥,無缺陷,無障礙物,無遮蔽物,良好,無號誌,無號誌,雙向禁止超車線,無標記,車道線(無標記),未繪設快慢車道分隔線,無,車與車,追撞,駕駛者,未保持行車安全距離,死亡0;受傷1,1,機車,普通重型,女,32,戴半罩式安全帽,未使用,車的狀態,向前直行中,機車與自行車,前車頭,,,駕駛者,未保持行車安全距離,否,121.575830,25.081463
2025,11,20251101,172500,A2,臺北市政府警察局,臺北市內湖區內湖路1段629巷42號前0.0公尺,晴,有照明且開啟,市區道路,50,單路部分,直路,路段,一般車道(未劃分快慢車道),柏油,乾燥,無缺陷,無障礙物,無遮蔽物,良好,無號誌,無號誌,雙向禁止超車線,無標記,車道線(無標記),未繪設快慢車道分隔線,無,車與車,追撞,駕駛者,未保持行車安全距離,死亡0;受傷1,2,小客車(含客、貨兩用),自用,男,30,繫安全帶(使用幼童安全椅),未使用,車的狀態,等待(引擎未熄火),汽車,後車尾,,,無(車輛駕駛者因素),尚未發現肇事因素,否,121.575830,25.081463
2025,11,20251101,172700,A2,臺中市政府警察局,臺中市西屯區惠來里臺灣大道三段190號前0.0公尺,晴,有照明且開啟,市區道路,40,交岔路,四岔路,交叉路口,交叉口附近,柏油,乾燥,無缺陷,無障礙物,無遮蔽物,良好,行車管制號誌(附設行人專用號誌),正常,中央分向島,寬式(50公分以上),車道線(無標記),寬式快慢車道分隔島(50公分以上),無,車輛本身,路上翻車、摔倒,駕駛者,恍神、緊張、心不在焉分心駕駛,死亡0;受傷1,1,機車,普通重型,男,18,不明,不明,車的狀態,向前直行中,機車與自行車,左側車身,,,駕駛者,恍神、緊張、心不在焉分心駕駛,否,120.646111,24.164752
2025,11,20251101,172700,A2,臺中市政府警察局,臺中市西屯區惠來里臺灣大道三段190號前0.0公尺,晴,有照明且開啟,市區道路,40,交岔路,四岔路,交叉路口,交叉口附近,柏油,乾燥,無缺陷,無障礙物,無遮蔽物,良好,行車管制號誌(附設行人專用號誌),正常,中央分向島,寬式(50公分以上),車道線(無標記),寬式快慢車道分隔島(50公分以上),無,車輛本身,路上翻車、摔倒,駕駛者,恍神、緊張、心不在焉分心駕駛,死亡0;受傷1,2,,,無或物(動物、堆置物),0,,,,,,,,,無(非車輛駕駛人因素),尚未發現肇事因素,否,120.646111,24.164752
2025,11,20251101,172800,A2,新北市政府警察局,新北市板橋區長安街214號前0.0公尺,陰,有照明且開啟,市區道路,50,單路部分,直路,路段,一般車道(未劃分快慢車道),柏油,乾燥,無缺陷,無障礙物,無遮蔽物,良好,無號誌,無號誌,無,無分向設施,車道線(無標記),未繪設快慢車道分隔線,無,人與車,穿越道路中,駕駛者,閃避不當(慎),死亡0;受傷1,1,機車,普通重型,男,65,戴非半罩式安全帽,未使用,車的狀態,向前直行中,機車與自行車,前車頭,,,駕駛者,閃避不當(慎),否,121.474859,25.012307
2025,11,20251101,172800,A2,新北市政府警察局,新北市板橋區長安街214號前0.0公尺,陰,有照明且開啟,市區道路,50,單路部分,直路,路段,一般車道(未劃分快慢車道),柏油,乾燥,無缺陷,無障礙物,無遮蔽物,良好,無號誌,無號誌,無,無分向設施,車道線(無標記),未繪設快慢車道分隔線,無,人與車,穿越道路中,駕駛者,閃避不當(慎),死亡0;受傷1,2,人,行人,女,84,其他(無需使用保護裝備之人),非駕駛人,人的狀態,步行,其他,非汽、機及自行車,,,非駕駛者,未依標誌或標線穿越道路,否,121.474859,25.012307
2025,11,20251101,173500,A2,嘉義市政府警察局,嘉義市西區新西里上海路 / 嘉義市西區新西里南京路,晴,有照明且開啟,市區道路,50,交岔路,三岔路,交叉路口,交叉路口內,柏油,乾燥,無缺陷,無障礙物,無遮蔽物,良好,閃光號誌,正常,無,無分向設施,未繪設車道線,未繪設快慢車道分隔線,無,車與車,路口交岔撞,駕駛者,酒醉(後)駕駛,死亡0;受傷2,1,機車,普通重型,男,60,戴非半罩式安全帽,未使用,車的狀態,向前直行中,機車與自行車,右側車身,,,駕駛者,酒醉(後)駕駛,否,120.435608,23.469783
2025,11,20251101,173500,A2,嘉義市政府警察局,嘉義市西區新西里上海路 / 嘉義市西區新西里南京路,晴,有照明且開啟,市區道路,50,交岔路,三岔路,交叉路口,交叉路口內,柏油,乾燥,無缺陷,無障礙物,無遮蔽物,良好,閃光號誌,正常,無,無分向設施,未繪設車道線,未繪設快慢車道分隔線,無,車與車,路口交岔撞,駕駛者,酒醉(後)駕駛,死亡0;受傷2,2,機車,普通重型,女,24,戴非半罩式安全帽,未使用,車的狀態,向前直行中,機車與自行車,前車頭,,,駕駛者,違反閃光號誌,否,120.435608,23.469783
2025,11,20251101,173500,A2,新北市政府警察局,新北市新莊區中環路3段 / 新北市新莊區中原路,晴,有照明且開啟,市區道路,30,交岔路,四岔路,交叉路口,交叉路口內,柏油,乾燥,無缺陷,無障礙物,無遮蔽物,良好,行車管制號誌(附設行人專用號誌),正常,中央分向島,寬式(50公分以上),車道線(無標記),未繪設快慢車道分隔線,無,車與車,其他,駕駛者,其他未依規定讓車,死亡0;受傷1,1,小客車(含客、貨兩用),自用,男,39,不明,不明,車的狀態,左轉彎,其他,無撞擊,,,駕駛者,其他未依規定讓車,否,121.442136,25.054346
2025,11,20251101,173500,A2,新北市政府警察局,新北市新莊區中環路3段 / 新北市新莊區中原路,晴,有照明且開啟,市區道路,30,交岔路,四岔路,交叉路口,交叉路口內,柏油,乾燥,無缺陷,無障礙物,無遮蔽物,良好,行車管制號誌(附設行人專用號誌),正常,中央分向島,寬式(50公分以上),車道線(無標記),未繪設快慢車道分隔線,無,車與車,其他,駕駛者,其他未依規定讓車,死亡0;受傷1,2,機車,普通重型,男,25,戴半罩式安全帽,不明,車的狀態,向前直行中,其他,無撞擊,,,其他,其他不當駕車行為,否,121.442136,25.054346
2025,11,20251101,173700,A2,臺中市政府警察局,臺中市豐原區翁明里豐勢路一段173號前0.0公尺,晴,有照明且開啟,市區道路,50,交岔路,四岔路,路段,快車道,柏油,乾燥,無缺陷,無障礙物,無遮蔽物,良好,行車管制號誌(附設行人專用號誌),正常,中央分向島,寬式(50公分以上),禁止變換車道線(無標記),快慢車道分隔線,無,車與車,側撞,駕駛者,有號誌路口，轉彎車未讓直行車先行,死亡0;受傷1,1,慢車,腳踏自行車,男,12,其他(無需使用保護裝備之人),未使用,車的狀態,左轉彎,機車與自行車,右側車身,,,駕駛者,有號誌路口，轉彎車未讓直行車先行,否,120.725208,24.254921
2025,11,20251101,173700,A2,臺中市政府警察局,臺中市豐原區翁明里豐勢路一段173號前0.0公尺,晴,有照明且開啟,市區道路,50,交岔路,四岔路,路段,快車道,柏油,乾燥,無缺陷,無障礙物,無遮蔽物,良好,行車管制號誌(附設行人專用號誌),正常,中央分向島,寬式(50公分以上),禁止變換車道線(無標記),快慢車道分隔線,無,車與車,側撞,駕駛者,有號誌路口，轉彎車未讓直行車先行,死亡0;受傷1,2,小客車(含客、貨兩用),自用,男,30,繫安全帶(使用幼童安全椅),未使用,車的狀態,向前直行中,汽車,前車頭,,,駕駛者,未依規定減速,否,120.725208,24.254921
2025,11,20251101,173800,A2,新北市政府警察局,新北市板橋區四川路2段 / 新北市板橋區德興街,風,有照明且開啟,市區道路,50,交岔路,三岔路,交叉路口,交叉路口內,柏油,乾燥,無缺陷,無障礙物,無遮蔽物,良好,行車管制號誌,正常,中央分向島,窄式無柵欄,車道線(無標記),未繪設快慢車道分隔線,有,車與車,側撞,駕駛者,其他未依規定讓車,死亡0;受傷1,1,小客車(含客、貨兩用),自用,男,48,繫安全帶(使用幼童安全椅),未使用,車的狀態,右轉彎,汽車,前車頭,,,駕駛者,其他未依規定讓車,否,121.481581,25.009347
2025,11,20251101,173800,A2,新北市政府警察局,新北市板橋區四川路2段 / 新北市板橋區德興街,風,有照明且開啟,市區道路,50,交岔路,三岔路,交叉路口,交叉路口內,柏油,乾燥,無缺陷,無障礙物,無遮蔽物,良好,行車管制號誌,正常,中央分向島,窄式無柵欄,車道線(無標記),未繪設快慢車道分隔線,有,車與車,側撞,駕駛者,其他未依規定讓車,死亡0;受傷1,2,機車,普通重型,女,38,戴半罩式安全帽,未使用,車的狀態,向前直行中,機車與自行車,前車頭,,,無(車輛駕駛者因素),尚未發現肇事因素,否,121.481581,25.009347
2025,11,20251101,174000,A2,臺北市政府警察局,臺北市文山區木柵路5段43巷前0.0公尺,陰,有照明且開啟,市區道路,30,單路部分,坡路,路段,一般車道(未劃分快慢車道),柏油,濕潤,無缺陷,無障礙物,無遮蔽物,良好,無號誌,無號誌,雙向禁止超車線,無標記,未繪設車道線,未繪設快慢車道分隔線,無,車輛本身,路上翻車、摔倒,其他,車輛或機械操作不當(慎),死亡0;受傷1,1,慢車,腳踏自行車,女,58,未戴安全帽或未繫安全帶(未使用幼童安全椅),未使用,車的狀態,向前直行中,機車與自行車,左側車身,,,其他,車輛或機械操作不當(慎),否,121.585896,25.008918