發生年度,發生月份,發生日期,發生時間,事故類別名稱,處理單位名稱警局層,發生地點,天候名稱,光線名稱,道路類別-第1當事者-名稱,速限-第1當事者,道路型態大類別名稱,道路型態子類別名稱,事故位置大類別名稱,事故位置子類別名稱,路面狀況-路面鋪裝名稱,路面狀況-路面狀態名稱,路面狀況-路面缺陷名稱,道路障礙-障礙物名稱,道路障礙-視距品質名稱,道路障礙-視距名稱,號誌-號誌種類名稱,號誌-號誌動作名稱,車道劃分設施-分向設施大類別名稱,車道劃分設施-分向設施子類別名稱,車道劃分設施-分道設施-快車道或一般車道間名稱,車道劃分設施-分道設施-快慢車道間名稱,車道劃分設施-分道設施-路面邊線名稱,事故類型及型態大類別名稱,事故類型及型態子類別名稱,肇因研判大類別名稱-主要,肇因研判子類別名稱-主要,死亡受傷人數,當事者順位,當事者區分-類別-大類別名稱-車種,當事者區分-類別-子類別名稱-車種,當事者屬-性-別名稱,當事者事故發生時年齡,保護裝備名稱,行動電話或電腦或其他相類功能裝置名稱,當事者行動狀態大類別名稱,當事者行動狀態子類別名稱,車輛撞擊部位大類別名稱-最初,車輛撞擊部位子類別名稱-最初,車輛撞擊部位大類別名稱-其他,車輛撞擊部位子類別名稱-其他,肇因研判大類別名稱-個別,肇因研判子類別名稱-個別,肇事逃逸類別名稱-是否肇逃,經度,緯度
2025,11,20251101,174000,A2,臺北市政府警察局,臺北市文山區木柵路5段43巷前0.0公尺,陰,有照明且開啟,市區道路,30,單路部分,坡路,路段,一般車道(未劃分快慢車道),柏油,濕潤,無缺陷,無障礙物,無遮蔽物,良好,無號誌,無號誌,雙向禁止超車線,無標記,未繪設車道線,未繪設快慢車道分隔線,無,車輛本身,路上翻車、摔倒,其他,車輛或機械操作不當(慎),死亡0;受傷1,2,,,無或物(動物、堆置物),0,,,,,,,,,無(非車輛駕駛人因素),尚未發現肇事因素,否,121.585896,25.008918
2025,11,20251101,174044,A2,苗栗縣警察局,苗栗縣苗栗市頭屋大橋上,陰,有照明且開啟,其他,50,單路部分,直路,路段,一般車道(未劃分快慢車道),柏油,乾燥,無缺陷,無障礙物,無遮蔽物,良好,無號誌,無號誌,行車分向線,附標記,車道線(附標記),未繪設快慢車道分隔線,有,車與車,其他,駕駛者,恍神、緊張、心不在焉分心駕駛,死亡0;受傷2,1,慢車,腳踏自行車,男,15,其他(無需使用保護裝備之人),未使用,車的狀態,向前直行中,機車與自行車,前車頭,,,駕駛者,恍神、緊張、心不在焉分心駕駛,否,120.843459,24.574751
2025,11,20251101,174044,A2,苗栗縣警察局,苗栗縣苗栗市頭屋大橋上,陰,有照明且開啟,其他,50,單路部分,直路,路段,一般車道(未劃分快慢車道),柏油,乾燥,無缺陷,無障礙物,無遮蔽物,良好,無號誌,無號誌,行車分向線,附標記,車道線(附標記),未繪設快慢車道分隔線,有,車與車,其他,駕駛者,恍神、緊張、心不在焉分心駕駛,死亡0;受傷2,2,機車,普通重型,男,40,戴半罩式安全帽,未使用,車的狀態,向前直行中,機車與自行車,後車尾,,,無(車輛駕駛者因素),尚未發現肇事因素,否,120.843459,24.574751
2025,11,20251101,174044,A2,苗栗縣警察局,苗栗縣苗栗市頭屋大橋上,陰,有照明且開啟,其他,50,單路部分,直路,路段,一般車道(未劃分快慢車道),柏油,乾燥,無缺陷,無障礙物,無遮蔽物,良好,無號誌,無號誌,行車分向線,附標記,車道線(附標記),未繪設快慢車道分隔線,有,車與車,其他,駕駛者,恍神、緊張、心不在焉分心駕駛,死亡0;受傷2,3,,,無或物(動物、堆置物),-1,,,,,,,,,無(非車輛駕駛人因素),尚未發現肇事因素,否,120.843459,24.574751
2025,11,20251101,174044,A2,苗栗縣警察局,苗栗縣苗栗市頭屋大橋上,陰,有照明且開啟,其他,50,單路部分,直路,路段,一般車道(未劃分快慢車道),柏油,乾燥,無缺陷,無障礙物,無遮蔽物,良好,無號誌,無號誌,行車分向線,附標記,車道線(附標記),未繪設快慢車道分隔線,有,車與車,其他,駕駛者,恍神、緊張、心不在焉分心駕駛,死亡0;受傷2,4,小客車(含客、貨兩用),自用,男,36,繫安全帶(使用幼童安全椅),未使用,車的狀態,急減速或急停止,汽車,後車尾,,,無(車輛駕駛者因素),尚未發現肇事因素,否,120.843459,24.574751
2025,11,20251101,174044,A2,苗栗縣警察局,苗栗縣苗栗市頭屋大橋上,陰,有照明且開啟,其他,50,單路部分,直路,路段,一般車道(未劃分快慢車道),柏油,乾燥,無缺陷,無障礙物,無遮蔽物,良好,無號誌,無號誌,行車分向線,附標記,車道線(附標記),未繪設快慢車道分隔線,有,車與車,其他,駕駛者,恍神、緊張、心不在焉分心駕駛,死亡0;受傷2,5,小客車(含客、貨兩用),自用,男,49,繫安全帶(使用幼童安全椅),未使用,車的狀態,急減速或急停止,汽車,前車頭,,,無(車輛駕駛者因素),尚未發現肇事因素,否,120.843459,24.574751
2025,11,20251101,174300,A2,新北市政府警察局,新北市八里區龍米路2段32巷前0.0公尺,晴,有照明未開啟或故障,其他,30,單路部分,直路,路段,自行車專用道,柏油,乾燥,無缺陷,無障礙物,無遮蔽物,良好,無號誌,無號誌,行車分向線,無標記,未繪設車道線,未繪設快慢車道分隔線,無,車與車,其他,無(車輛駕駛者因素),尚未發現肇事因素,死亡0;受傷2,1,慢車,腳踏自行車,男,15,不明,不明,車的狀態,向前直行中,機車與自行車,左側車身,,,無(車輛駕駛者因素),尚未發現肇事因素,否,121.449072,25.140545
2025,11,20251101,174300,A2,新北市政府警察局,新北市八里區龍米路2段32巷前0.0公尺,晴,有照明未開啟或故障,其他,30,單路部分,直路,路段,自行車專用道,柏油,乾燥,無缺陷,無障礙物,無遮蔽物,良好,無號誌,無號誌,行車分向線,無標記,未繪設車道線,未繪設快慢車道分隔線,無,車與車,其他,無(車輛駕駛者因素),尚未發現肇事因素,死亡0;受傷2,2,慢車,電動輔助自行車,男,15,不明,不明,車的狀態,向前直行中,機車與自行車,右側車身,,,無(車輛駕駛者因素),尚未發現肇事因素,否,121.449072,25.140545
2025,11,20251101,174300,A2,高雄市政府警察局,高雄市左營區自由三路 / 高雄市左營區大中二路,晴,有照明且開啟,市區道路,50,交岔路,四岔路,交叉路口,交叉口附近,柏油,乾燥,無缺陷,無障礙物,無遮蔽物,良好,行車管制號誌(附設行人專用號誌),正常,中央分向島,寬式(50公分以上),車道線(附標記),快慢車道分隔線,無,人與車,穿越道路中,無(車輛駕駛者因素),尚未發現肇事因素,死亡0;受傷1,1,小客車(含客、貨兩用),自用,男,45,繫安全帶(使用幼童安全椅),未使用,車的狀態,向前直行中,汽車,右前車頭(身),,,無(車輛駕駛者因素),尚未發現肇事因素,否,120.313504,22.679424
2025,11,20251101,174300,A2,高雄市政府警察局,高雄市左營區自由三路 / 高雄市左營區大中二路,晴,有照明且開啟,市區道路,50,交岔路,四岔路,交叉路口,交叉口附近,柏油,乾燥,無缺陷,無障礙物,無遮蔽物,良好,行車管制號誌(附設行人專用號誌),正常,中央分向島,寬式(50公分以上),車道線(附標記),快慢車道分隔線,無,人與車,穿越道路中,無(車輛駕駛者因素),尚未發現肇事因素,死亡0;受傷1,2,人,行人,女,70,其他(無需使用保護裝備之人),非駕駛人,人的狀態,步行,其他,非汽、機及自行車,,,無(非車輛駕駛人因素),尚未發現肇事因素,否,120.313504,22.679424
2025,11,20251101,174300,A2,高雄市政府警察局,高雄市左營區自由三路 / 高雄市左營區大中二路,晴,有照明且開啟,市區道路,50,交岔路,四岔路,交叉路口,交叉口附近,柏油,乾燥,無缺陷,無障礙物,無遮蔽物,良好,行車管制號誌(附設行人專用號誌),正常,中央分向島,寬式(50公分以上),車道線(附標記),快慢車道分隔線,無,人與車,穿越道路中,無(車輛駕駛者因素),尚未發現肇事因素,死亡0;受傷1,3,,,肇事逃逸尚未查獲,0,,,,,,,,,,肇事逃逸未查獲，無法查明肇因,是,120.313504,22.679424
2025,11,20251101,174700,A2,臺中市政府警察局,臺中市大雅區三和里信和路10-10號前0.0公尺,晴,有照明未開啟或故障,市區道路,30,交岔路,四岔路,交叉路口,交叉口附近,柏油,乾燥,無缺陷,無障礙物,無遮蔽物,良好,行車管制號誌,正常,無,無分向設施,未繪設車道線,未繪設快慢車道分隔線,有,車與車,對撞,駕駛者,未靠右行駛,死亡0;受傷2,1,機車,普通重型,女,38,戴非半罩式安全帽,未使用,車的狀態,向前直行中,機車與自行車,前車頭,,,駕駛者,未靠右行駛,否,120.661121,24.217113
2025,11,20251101,174700,A2,臺中市政府警察局,臺中市大雅區三和里信和路10-10號前0.0公尺,晴,有照明未開啟或故障,市區道路,30,交岔路,四岔路,交叉路口,交叉口附近,柏油,乾燥,無缺陷,無障礙物,無遮蔽物,良好,行車管制號誌,正常,無,無分向設施,未繪設車道線,未繪設快慢車道分隔線,有,車與車,對撞,駕駛者,未靠右行駛,死亡0;受傷2,2,小客車(含客、貨兩用),自用,男,23,繫安全帶(使用幼童安全椅),未使用,車的狀態,向前直行中,汽車,前車頭,,,無(車輛駕駛者因素),尚未發現肇事因素,否,120.661121,24.217113
2025,11,20251101,174700,A2,臺中市政府警察局,臺中市大雅區三和里信和路10-10號前0.0公尺,晴,有照明未開啟或故障,市區道路,30,交岔路,四岔路,交叉路口,交叉口附近,柏油,乾燥,無缺陷,無障礙物,無遮蔽物,良好,行車管制號誌,正常,無,無分向設施,未繪設車道線,未繪設快慢車道分隔線,有,車與車,對撞,駕駛者,未靠右行駛,死亡0;受傷2,3,人,乘客,男,5,戴非半罩式安全帽,非駕駛人,人的狀態,靜立(止),其他,非汽、機及自行車,,,無(非車輛駕駛人因素),尚未發現肇事因素,否,120.661121,24.217113
2025,11,20251101,174800,A2,新竹縣政府警察局,新竹縣湖口鄉安宅二街與松江二街口,晴,有照明且開啟,村里道路,30,交岔路,四岔路,交叉路口,交叉路口內,無鋪裝,乾燥,無缺陷,無障礙物,無遮蔽物,良好,無號誌,無號誌,無,無分向設施,未繪設車道線,未繪設快慢車道分隔線,有,車與車,其他,駕駛者,未依規定減速,死亡0;受傷1,1,小客車(含客、貨兩用),自用,男,21,不明,未使用,車的狀態,向前直行中,汽車,左後車尾(身),,,駕駛者,未依規定減速,否,121.031960,24.870917
2025,11,20251101,174800,A2,新竹縣政府警察局,新竹縣湖口鄉安宅二街與松江二街口,晴,有照明且開啟,村里道路,30,交岔路,四岔路,交叉路口,交叉路口內,無鋪裝,乾燥,無缺陷,無障礙物,無遮蔽物,良好,無號誌,無號誌,無,無分向設施,未繪設車道線,未繪設快慢車道分隔線,有,車與車,其他,駕駛者,未依規定減速,死亡0;受傷1,2,機車,普通重型,男,66,不明,未使用,車的狀態,向前直行中,機車與自行車,前車頭,,,駕駛者,恍神、緊張、心不在焉分心駕駛,否,121.031960,24.870917
2025,11,20251101,174800,A2,臺中市政府警察局,臺中市神岡區神岡里中正路 / 臺中市神岡區神岡里神岡路,晴,無照明,市區道路,50,交岔路,四岔路,交叉路口,交叉路口內,柏油,乾燥,無缺陷,無障礙物,無遮蔽物,良好,行車管制號誌,正常,雙向禁止超車線,無標記,車道線(無標記),快慢車道分隔線,無,車與車,同向擦撞,駕駛者,未保持行車安全距離,死亡0;受傷1,1,機車,普通重型,女,18,戴半罩式安全帽,未使用,車的狀態,向前直行中,機車與自行車,前車頭,,,駕駛者,未保持行車安全距離,否,120.658882,24.256911
2025,11,20251101,174800,A2,臺中市政府警察局,臺中市神岡區神岡里中正路 / 臺中市神岡區神岡里神岡路,晴,無照明,市區道路,50,交岔路,四岔路,交叉路口,交叉路口內,柏油,乾燥,無缺陷,無障礙物,無遮蔽物,良好,行車管制號誌,正常,雙向禁止超車線,無標記,車道線(無標記),快慢車道分隔線,無,車與車,同向擦撞,駕駛者,未保持行車安全距離,死亡0;受傷1,2,小客車(含客、貨兩用),自用,男,25,繫安全帶(使用幼童安全椅),未使用,車的狀態,等待(引擎未熄火),汽車,左後車尾(身),,,無(車輛駕駛者因素),尚未發現肇事因素,否,120.658882,24.256911
2025,11,20251101,174800,A2,臺中市政府警察局,臺中市神岡區神岡里中正路 / 臺中市神岡區神岡里神岡路,晴,無照明,市區道路,50,交岔路,四岔路,交叉路口,交叉路口內,柏油,乾燥,無缺陷,無障礙物,無遮蔽物,良好,行車管制號誌,正常,雙向禁止超車線,無標記,車道線(無標記),快慢車道分隔線,無,車與車,同向擦撞,駕駛者,未保持行車安全距離,死亡0;受傷1,3,人,乘客,女,44,戴半罩式安全帽,非駕駛人,不明,不明,其他,非汽、機及自行車,,,無(非車輛駕駛人因素),尚未發現肇事因素,否,120.658882,24.256911
2025,11,20251101,175642,A2,國道公路警察局,桃園市中壢區國道1號 60公里600.0公尺處南向內側,晴,有照明且開啟,國道,100,單路部分,直路,路段,一般車道(未劃分快慢車道),柏油,乾燥,無缺陷,無障礙物,無遮蔽物,良好,無號誌,無號誌,中央分向島,寬式(50公分以上),車道線(附標記),未繪設快慢車道分隔線,有,車與車,追撞,其他,肇事逃逸未查獲，無法查明肇因,死亡0;受傷1,1,,,肇事逃逸尚未查獲,-1,,,,,,,,,其他,肇事逃逸未查獲，無法查明肇因,是,121.227558,24.979532
2025,11,20251101,175642,A2,國道公路警察局,桃園市中壢區國道1號 60公里600.0公尺處南向內側,晴,有照明且開啟,國道,100,單路部分,直路,路段,一般車道(未劃分快慢車道),柏油,乾燥,無缺陷,無障礙物,無遮蔽物,良好,無號誌,無號誌,中央分向島,寬式(50公分以上),車道線(附標記),未繪設快慢車道分隔線,有,車與車,追撞,其他,肇事逃逸未查獲，無法查明肇因,死亡0;受傷1,2,小客車(含客、貨兩用),自用,男,32,繫安全帶(使用幼童安全椅),未使用,車的狀態,向前直行中,汽車,後車尾,,,無(車輛駕駛者因素),尚未發現肇事因素,否,121.227558,24.979532
2025,11,20251101,175700,A2,高雄市政府警察局,高雄市永安區保安路 / 高雄市永安區無名路,晴,有照明且開啟,市區道路,60,交岔路,三岔路,交叉路口,交叉口附近,柏油,乾燥,無缺陷,無障礙物,無遮蔽物,良好,無號誌,無號誌,中央分向島,窄式無柵欄,車道線(無標記),未繪設快慢車道分隔線,有,車與車,其他,駕駛者,未保持行車安全間隔,死亡0;受傷1,1,機車,普通重型,女,51,不明,不明,車的狀態,其他,其他,不明,,,駕駛者,未保持行車安全間隔,否,120.310555,22.757903
2025,11,20251101,175700,A2,高雄市政府警察局,高雄市永安區保安路 / 高雄市永安區無名路,晴,有照明且開啟,市區道路,60,交岔路,三岔路,交叉路口,交叉口附近,柏油,乾燥,無缺陷,無障礙物,無遮蔽物,良好,無號誌,無號誌,中央分向島,窄式無柵欄,車道線(無標記),未繪設快慢車道分隔線,有,車與車,其他,駕駛者,未保持行車安全間隔,死亡0;受傷1,2,小客車(含客、貨兩用),自用,女,62,繫安全帶(使用幼童安全椅),未使用,車的狀態,向前直行中,汽車,右側車身,,,無(車輛駕駛者因素),尚未發現肇事因素,否,120.310555,22.757903
2025,11,20251101,175800,A2,高雄市政府警察局,高雄市三民區民族一路 / 高雄市三民區明誠一路,晴,有照明未開啟或故障,市區道路,60,交岔路,四岔路,交叉路口,交叉路口內,柏油,乾燥,無缺陷,無障礙物,無遮蔽物,良好,行車管制號誌(附設行人專用號誌),正常,無,無分向設施,未繪設車道線,未繪設快慢車道分隔線,無,車與車,側撞,駕駛者,變換車道不當,死亡0;受傷2,1,機車,大型重型1(550C.C.以上),男,36,戴非半罩式安全帽,未使用,車的狀態,向右變換車道,機車與自行車,右側車身,,,駕駛者,變換車道不當,否,120.315668,22.659917
2025,11,20251101,175800,A2,高雄市政府警察局,高雄市三民區民族一路 / 高雄市三民區明誠一路,晴,有照明未開啟或故障,市區道路,60,交岔路,四岔路,交叉路口,交叉路口內,柏油,乾燥,無缺陷,無障礙物,無遮蔽物,良好,行車管制號誌(附設行人專用號誌),正常,無,無分向設施,未繪設車道線,未繪設快慢車道分隔線,無,車與車,側撞,駕駛者,變換車道不當,死亡0;受傷2,2,機車,普通重型,男,42,戴非半罩式安全帽,未使用,車的狀態,向前直行中,機車與自行車,前車頭,,,無(車輛駕駛者因素),尚未發現肇事因素,否,120.315668,22.659917
2025,11,20251101,175900,A2,臺中市政府警察局,臺中市豐原區南村里水源路472號前0.0公尺,晴,有照明且開啟,市區道路,40,單路部分,直路,路段,慢車道,柏油,乾燥,無缺陷,無障礙物,無遮蔽物,良好,無號誌,無號誌,雙向禁止超車線,無標記,未繪設車道線,快慢車道分隔線,無,車與車,其他,其他,其他不當駕車行為,死亡0;受傷1,1,慢車,腳踏自行車,男,16,未戴安全帽或未繫安全帶(未使用幼童安全椅),不明,車的狀態,向前直行中,機車與自行車,前車頭,,,其他,其他不當駕車行為,否,120.732728,24.255565
2025,11,20251101,175900,A2,臺中市政府警察局,臺中市豐原區南村里水源路472號前0.0公尺,晴,有照明且開啟,市區道路,40,單路部分,直路,路段,慢車道,柏油,乾燥,無缺陷,無障礙物,無遮蔽物,良好,無號誌,無號誌,雙向禁止超車線,無標記,未繪設車道線,快慢車道分隔線,無,車與車,其他,其他,其他不當駕車行為,死亡0;受傷1,2,小客車(含客、貨兩用),自用,女,48,不明,不明,車的狀態,靜止(引擎熄火),汽車,左後車尾(身),,,其他,違規(臨時)停車,否,120.732728,24.255565
2025,11,20251101,180200,A2,臺中市政府警察局,臺中市大里區內新里新光路93號前0.0公尺,晴,有照明且開啟,市區道路,50,單路部分,直路,路段,一般車道(未劃分快慢車道),柏油,乾燥,無缺陷,無障礙物,無遮蔽物,良好,無號誌,無號誌,雙向禁止超車線,無標記,車道線(無標記),快慢車道分隔線,無,車與車,追撞,駕駛者,未保持行車安全距離,死亡0;受傷1,1,慢車,腳踏自行車,男,14,戴半罩式安全帽,未使用,車的狀態,向前直行中,機車與自行車,前車頭,,,駕駛者,未保持行車安全距離,否,120.692034,24.109564
2025,11,20251101,180200,A2,臺中市政府警察局,臺中市大里區內新里新光路93號前0.0公尺,晴,有照明且開啟,市區道路,50,單路部分,直路,路段,一般車道(未劃分快慢車道),柏油,乾燥,無缺陷,無障礙物,無遮蔽物,良好,無號誌,無號誌,雙向禁止超車線,無標記,車道線(無標記),快慢車道分隔線,無,車與車,追撞,駕駛者,未保持行車安全距離,死亡0;受傷1,2,機車,普通重型,男,24,戴半罩式安全帽,未使用,車的狀態,右轉彎,機車與自行車,後車尾,,,無(車輛駕駛者因素),尚未發現肇事因素,否,120.692034,24.109564
2025,11,20251101,180300,A2,嘉義縣警察局,嘉義縣太保市梅埔里縣167線與嘉49線路口,陰,有照明且開啟,市區道路,50,交岔路,四岔路,交叉路口,交叉路口內,柏油,乾燥,無缺陷,無障礙物,無遮蔽物,良好,閃光號誌,正常,雙向禁止超車線,附標記,車道線(附標記),快慢車道分隔線,有,車與車,追撞,駕駛者,未保持行車安全距離,死亡0;受傷1,1,小貨車,自用,男,40,繫安全帶(使用幼童安全椅),未使用,車的狀態,向前直行中,汽車,前車頭,汽車,前車頭,駕駛者,未保持行車安全距離,否,120.329838,23.439128
2025,11,20251101,180300,A2,嘉義縣警察局,嘉義縣太保市梅埔里縣167線與嘉49線路口,陰,有照明且開啟,市區道路,50,交岔路,四岔路,交叉路口,交叉路口內,柏油,乾燥,無缺陷,無障礙物,無遮蔽物,良好,閃光號誌,正常,雙向禁止超車線,附標記,車道線(附標記),快慢車道分隔線,有,車與車,追撞,駕駛者,未保持行車安全距離,死亡0;受傷1,2,小客車(含客、貨兩用),自用,男,70,繫安全帶(使用幼童安全椅),未使用,車的狀態,等待(引擎未熄火),汽車,後車尾,汽車,前車頭,無(車輛駕駛者因素),尚未發現肇事因素,否,120.329838,23.439128
2025,11,20251101,180300,A2,嘉義縣警察局,嘉義縣太保市梅埔里縣167線與嘉49線路口,陰,有照明且開啟,市區道路,50,交岔路,四岔路,交叉路口,交叉路口內,柏油,乾燥,無缺陷,無障礙物,無遮蔽物,良好,閃光號誌,正常,雙向禁止超車線,附標記,車道線(附標記),快慢車道分隔線,有,車與車,追撞,駕駛者,未保持行車安全距離,死亡0;受傷1,3,小客車(含客、貨兩用),自用,男,60,繫安全帶(使用幼童安全椅),未使用,車的狀態,等待(引擎未熄火),汽車,後車尾,汽車,後車尾,無(車輛駕駛者因素),尚未發現肇事因素,否,120.329838,23.439128
2025,11,20251101,180300,A2,嘉義縣警察局,嘉義縣太保市梅埔里縣167線與嘉49線路口,陰,有照明且開啟,市區道路,50,交岔路,四岔路,交叉路口,交叉路口內,柏油,乾燥,無缺陷,無障礙物,無遮蔽物,良好,閃光號誌,正常,雙向禁止超車線,附標記,車道線(附標記),快慢車道分隔線,有,車與車,追撞,駕駛者,未保持行車安全距離,死亡0;受傷1,4,人,乘客,男,11,繫安全帶(使用幼童安全椅),非駕駛人,人的狀態,其他,其他,無撞擊,其他,無撞擊,無(非車輛駕駛人因素),尚未發現肇事因素,否,120.329838,23.439128
2025,11,20251101,180300,A2,新北市政府警察局,新北市新店區北宜路2段 / 新北市新店區竹林路,晴,有照明且開啟,市區道路,50,交岔路,三岔路,交叉路口,交叉路口內,柏油,乾燥,無缺陷,無障礙物,無遮蔽物,良好,行車管制號誌,正常,雙向禁止超車線,無標記,未繪設車道線,未繪設快慢車道分隔線,無,車與車,其他,駕駛者,方向不定(不包括危險駕車),死亡0;受傷2,1,小客車(含客、貨兩用),自用,男,54,繫安全帶(使用幼童安全椅),未使用,車的狀態,其他,汽車,左前車頭(身),,,駕駛者,方向不定(不包括危險駕車),否,121.550078,24.951995
2025,11,20251101,180300,A2,新北市政府警察局,新北市新店區北宜路2段 / 新北市新店區竹林路,晴,有照明且開啟,市區道路,50,交岔路,三岔路,交叉路口,交叉路口內,柏油,乾燥,無缺陷,無障礙物,無遮蔽物,良好,行車管制號誌,正常,雙向禁止超車線,無標記,未繪設車道線,未繪設快慢車道分隔線,無,車與車,其他,駕駛者,方向不定(不包括危險駕車),死亡0;受傷2,2,機車,普通重型,女,57,戴半罩式安全帽,未使用,車的狀態,向前直行中,機車與自行車,右側車身,,,無(車輛駕駛者因素),尚未發現肇事因素,否,121.550078,24.951995
2025,11,20251101,180300,A2,新北市政府警察局,新北市新店區北宜路2段 / 新北市新店區竹林路,晴,有照明且開啟,市區道路,50,交岔路,三岔路,交叉路口,交叉路口內,柏油,乾燥,無缺陷,無障礙物,無遮蔽物,良好,行車管制號誌,正常,雙向禁止超車線,無標記,未繪設車道線,未繪設快慢車道分隔線,無,車與車,其他,駕駛者,方向不定(不包括危險駕車),死亡0;受傷2,3,人,乘客,男,6,戴半罩式安全帽,非駕駛人,人的狀態,靜立(止),其他,非汽、機及自行車,,,無(非車輛駕駛人因素),尚未發現肇事因素,否,121.550078,24.951995
2025,11,20251101,180400,A2,臺中市政府警察局,臺中市梧棲區大村里中華路一段 / 臺中市梧棲區大村里中華路一段,晴,有照明且開啟,市區道路,50,交岔路,四岔路,交叉路口,交叉路口內,柏油,乾燥,無缺陷,無障礙物,無遮蔽物,良好,行車管制號誌,正常,無,無分向設施,未繪設車道線,未繪設快慢車道分隔線,無,車與車,側撞,駕駛者,方向不定(不包括危險駕車),死亡0;受傷1,1,機車,普通重型,女,32,戴半罩式安全帽,未使用,車的狀態,左轉彎,機車與自行車,前車頭,,,駕駛者,方向不定(不包括危險駕車),否,120.542280,24.241077
2025,11,20251101,180400,A2,臺中市政府警察局,臺中市梧棲區大村里中華路一段 / 臺中市梧棲區大村里中華路一段,晴,有照明且開啟,市區道路,50,交岔路,四岔路,交叉路口,交叉路口內,柏油,乾燥,無缺陷,無障礙物,無遮蔽物,良好,行車管制號誌,正常,無,無分向設施,未繪設車道線,未繪設快慢車道分隔線,無,車與車,側撞,駕駛者,方向不定(不包括危險駕車),死亡0;受傷1,2,小客車(含客、貨兩用),自用,女,22,繫安全帶(使用幼童安全椅),未使用,車的狀態,向前直行中,汽車,右側車身,,,無(車輛駕駛者因素),尚未發現肇事因素,否,120.542280,24.241077
2025,11,20251101,181200,A2,高雄市政府警察局,高雄市鼓山區村明誠三路582號前0.0公尺,晴,有照明且開啟,市區道路,50,單路部分,直路,路段,一般車道(未劃分快慢車道),柏油,乾燥,無缺陷,無障礙物,無遮蔽物,良好,無號誌,無號誌,行車分向線,無標記,車道線(附標記),快慢車道分隔線,無,車與車,其他,其他,開啟或關閉車門不當,死亡0;受傷1,1,小客車(含客、貨兩用),自用,男,38,繫安全帶(使用幼童安全椅),未使用,車的狀態,靜止(引擎熄火),汽車,左側車身,,,其他,開啟或關閉車門不當,否,120.301678,22.661239
2025,11,20251101,181200,A2,高雄市政府警察局,高雄市鼓山區村明誠三路582號前0.0公尺,晴,有照明且開啟,市區道路,50,單路部分,直路,路段,一般車道(未劃分快慢車道),柏油,乾燥,無缺陷,無障礙物,無遮蔽物,良好,無號誌,無號誌,行車分向線,無標記,車道線(附標記),快慢車道分隔線,無,車與車,其他,其他,開啟或關閉車門不當,死亡0;受傷1,2,機車,普通重型,女,74,戴半罩式安全帽,未使用,車的狀態,向前直行中,機車與自行車,右側車身,,,無(車輛駕駛者因素),尚未發現肇事因素,否,120.301678,22.661239
2025,11,20251101,181500,A2,臺北市政府警察局,臺北市大安區基隆路4段156號前0.0公尺,晴,有照明且開啟,市區道路,50,交岔路,四岔路,交叉路口,交叉口附近,柏油,乾燥,無缺陷,無障礙物,無遮蔽物,良好,行車管制號誌(附設行人專用號誌),正常,中央分向島,寬式(50公分以上),車道線(無標記),未繪設快慢車道分隔線,無,車與車,同向擦撞,無(車輛駕駛者因素),尚未發現肇事因素,死亡0;受傷1,1,小客車(含客、貨兩用),計程車,男,69,繫安全帶(使用幼童安全椅),未使用,車的狀態,向前直行中,汽車,右前車頭(身),,,無(車輛駕駛者因素),尚未發現肇事因素,否,121.537450,25.011662
2025,11,20251101,181500,A2,臺北市政府警察局,臺北市大安區基隆路4段156號前0.0公尺,晴,有照明且開啟,市區道路,50,交岔路,四岔路,交叉路口,交叉口附近,柏油,乾燥,無缺陷,無障礙物,無遮蔽物,良好,行車管制號誌(附設行人專用號誌),正常,中央分向島,寬式(50公分以上),車道線(無標記),未繪設快慢車道分隔線,無,車與車,同向擦撞,無(車輛駕駛者因素),尚未發現肇事因素,死亡0;受傷1,2,機車,普通重型,女,49,戴非半罩式安全帽,未使用,車的狀態,向前直行中,機車與自行車,左側車身,,,無(車輛駕駛者因素),尚未發現肇事因素,否,121.537450,25.011662
2025,11,20251101,181600,A2,臺中市政府警察局,臺中市西屯區西墩里西屯路三段80-7號前0.0公尺,晴,有照明且開啟,市區道路,50,單路部分,直路,路段,一般車道(未劃分快慢車道),柏油,乾燥,無缺陷,無障礙物,無遮蔽物,良好,無號誌,無號誌,雙向禁止超車線,無標記,車道線(無標記),未繪設快慢車道分隔線,無,車輛本身,路上翻車、摔倒,駕駛者,恍神、緊張、心不在焉分心駕駛,死亡0;受傷1,1,機車,普通重型,男,34,戴非半罩式安全帽,不明,車的狀態,向前直行中,其他,無撞擊,,,駕駛者,恍神、緊張、心不在焉分心駕駛,否,120.632873,24.182754