發生年度,發生月份,發生日期,發生時間,事故類別名稱,處理單位名稱警局層,發生地點,天候名稱,光線名稱,道路類別-第1當事者-名稱,速限-第1當事者,道路型態大類別名稱,道路型態子類別名稱,事故位置大類別名稱,事故位置子類別名稱,路面狀況-路面鋪裝名稱,路面狀況-路面狀態名稱,路面狀況-路面缺陷名稱,道路障礙-障礙物名稱,道路障礙-視距品質名稱,道路障礙-視距名稱,號誌-號誌種類名稱,號誌-號誌動作名稱,車道劃分設施-分向設施大類別名稱,車道劃分設施-分向設施子類別名稱,車道劃分設施-分道設施-快車道或一般車道間名稱,車道劃分設施-分道設施-快慢車道間名稱,車道劃分設施-分道設施-路面邊線名稱,事故類型及型態大類別名稱,事故類型及型態子類別名稱,肇因研判大類別名稱-主要,肇因研判子類別名稱-主要,死亡受傷人數,當事者順位,當事者區分-類別-大類別名稱-車種,當事者區分-類別-子類別名稱-車種,當事者屬-性-別名稱,當事者事故發生時年齡,保護裝備名稱,行動電話或電腦或其他相類功能裝置名稱,當事者行動狀態大類別名稱,當事者行動狀態子類別名稱,車輛撞擊部位大類別名稱-最初,車輛撞擊部位子類別名稱-最初,車輛撞擊部位大類別名稱-其他,車輛撞擊部位子類別名稱-其他,肇因研判大類別名稱-個別,肇因研判子類別名稱-個別,肇事逃逸類別名稱-是否肇逃,經度,緯度
2025,11,20251101,223500,A2,臺中市政府警察局,臺中市北區邱厝里健行路393號前0.0公尺,晴,有照明且開啟,市區道路,50,交岔路,四岔路,交叉路口,交叉口附近,柏油,乾燥,無缺陷,無障礙物,無遮蔽物,良好,行車管制號誌(附設行人專用號誌),正常,無,無分向設施,未繪設車道線,未繪設快慢車道分隔線,無,車與車,同向擦撞,駕駛者,未保持行車安全距離,死亡0;受傷3,2,機車,普通重型,男,54,戴非半罩式安全帽,未使用,車的狀態,左轉彎,機車與自行車,後車尾,,,其他,其他不當駕車行為,否,120.682197,24.158928
2025,11,20251101,223500,A2,臺中市政府警察局,臺中市北區邱厝里健行路393號前0.0公尺,晴,有照明且開啟,市區道路,50,交岔路,四岔路,交叉路口,交叉口附近,柏油,乾燥,無缺陷,無障礙物,無遮蔽物,良好,行車管制號誌(附設行人專用號誌),正常,無,無分向設施,未繪設車道線,未繪設快慢車道分隔線,無,車與車,同向擦撞,駕駛者,未保持行車安全距離,死亡0;受傷3,3,人,乘客,女,52,戴非半罩式安全帽,非駕駛人,人的狀態,其他,其他,非汽、機及自行車,,,無(非車輛駕駛人因素),尚未發現肇事因素,否,120.682197,24.158928
2025,11,20251101,224500,A2,高雄市政府警察局,高雄市前金區中華三路 / 高雄市前金區五福三路,晴,有照明且開啟,市區道路,50,交岔路,四岔路,交叉路口,交叉路口內,柏油,乾燥,無缺陷,無障礙物,無遮蔽物,良好,行車管制號誌(附設行人專用號誌),正常,無,無分向設施,未繪設車道線,未繪設快慢車道分隔線,無,車與車,側撞,駕駛者,右轉彎未依規定,死亡0;受傷3,1,小客車(含客、貨兩用),自用,男,34,繫安全帶(使用幼童安全椅),未使用,車的狀態,右轉彎,汽車,右側車身,,,駕駛者,右轉彎未依規定,否,120.299149,22.622575
2025,11,20251101,224500,A2,高雄市政府警察局,高雄市前金區中華三路 / 高雄市前金區五福三路,晴,有照明且開啟,市區道路,50,交岔路,四岔路,交叉路口,交叉路口內,柏油,乾燥,無缺陷,無障礙物,無遮蔽物,良好,行車管制號誌(附設行人專用號誌),正常,無,無分向設施,未繪設車道線,未繪設快慢車道分隔線,無,車與車,側撞,駕駛者,右轉彎未依規定,死亡0;受傷3,2,機車,普通重型,男,24,戴非半罩式安全帽,未使用,車的狀態,向前直行中,其他,不明,機車與自行車,右側車身,無(車輛駕駛者因素),尚未發現肇事因素,否,120.299149,22.622575
2025,11,20251101,224500,A2,高雄市政府警察局,高雄市前金區中華三路 / 高雄市前金區五福三路,晴,有照明且開啟,市區道路,50,交岔路,四岔路,交叉路口,交叉路口內,柏油,乾燥,無缺陷,無障礙物,無遮蔽物,良好,行車管制號誌(附設行人專用號誌),正常,無,無分向設施,未繪設車道線,未繪設快慢車道分隔線,無,車與車,側撞,駕駛者,右轉彎未依規定,死亡0;受傷3,3,人,乘客,女,29,繫安全帶(使用幼童安全椅),非駕駛人,人的狀態,靜立(止),其他,非汽、機及自行車,,,無(非車輛駕駛人因素),尚未發現肇事因素,否,120.299149,22.622575
2025,11,20251101,224900,A2,新北市政府警察局,新北市淡水區文化路 / 新北市淡水區新生街,雨,有照明且開啟,市區道路,50,交岔路,多岔路,交叉路口,交叉路口內,柏油,濕潤,無缺陷,無障礙物,無遮蔽物,良好,行車管制號誌,正常,中央分向島,寬式(50公分以上),車道線(無標記),未繪設快慢車道分隔線,有,車與車,其他,駕駛者,有號誌路口，轉彎車未讓直行車先行,死亡0;受傷5,1,小客車(含客、貨兩用),自用,女,23,繫安全帶(使用幼童安全椅),未使用,車的狀態,左轉彎,汽車,右側車身,,,駕駛者,有號誌路口，轉彎車未讓直行車先行,否,121.438853,25.172835
2025,11,20251101,224900,A2,新北市政府警察局,新北市淡水區文化路 / 新北市淡水區新生街,雨,有照明且開啟,市區道路,50,交岔路,多岔路,交叉路口,交叉路口內,柏油,濕潤,無缺陷,無障礙物,無遮蔽物,良好,行車管制號誌,正常,中央分向島,寬式(50公分以上),車道線(無標記),未繪設快慢車道分隔線,有,車與車,其他,駕駛者,有號誌路口，轉彎車未讓直行車先行,死亡0;受傷5,2,小客車(含客、貨兩用),自用,男,33,繫安全帶(使用幼童安全椅),未使用,車的狀態,向前直行中,汽車,前車頭,,,駕駛者,超速駕駛,否,121.438853,25.172835
2025,11,20251101,224900,A2,新北市政府警察局,新北市淡水區文化路 / 新北市淡水區新生街,雨,有照明且開啟,市區道路,50,交岔路,多岔路,交叉路口,交叉路口內,柏油,濕潤,無缺陷,無障礙物,無遮蔽物,良好,行車管制號誌,正常,中央分向島,寬式(50公分以上),車道線(無標記),未繪設快慢車道分隔線,有,車與車,其他,駕駛者,有號誌路口，轉彎車未讓直行車先行,死亡0;受傷5,3,機車,普通重型,女,67,戴非半罩式安全帽,未使用,車的狀態,等待(引擎未熄火),機車與自行車,前車頭,,,無(車輛駕駛者因素),尚未發現肇事因素,否,121.438853,25.172835
2025,11,20251101,224900,A2,新北市政府警察局,新北市淡水區文化路 / 新北市淡水區新生街,雨,有照明且開啟,市區道路,50,交岔路,多岔路,交叉路口,交叉路口內,柏油,濕潤,無缺陷,無障礙物,無遮蔽物,良好,行車管制號誌,正常,中央分向島,寬式(50公分以上),車道線(無標記),未繪設快慢車道分隔線,有,車與車,其他,駕駛者,有號誌路口，轉彎車未讓直行車先行,死亡0;受傷5,4,人,乘客,男,25,繫安全帶(使用幼童安全椅),非駕駛人,不明,不明,其他,非汽、機及自行車,,,無(非車輛駕駛人因素),尚未發現肇事因素,否,121.438853,25.172835
2025,11,20251101,224900,A2,新北市政府警察局,新北市淡水區文化路 / 新北市淡水區新生街,雨,有照明且開啟,市區道路,50,交岔路,多岔路,交叉路口,交叉路口內,柏油,濕潤,無缺陷,無障礙物,無遮蔽物,良好,行車管制號誌,正常,中央分向島,寬式(50公分以上),車道線(無標記),未繪設快慢車道分隔線,有,車與車,其他,駕駛者,有號誌路口，轉彎車未讓直行車先行,死亡0;受傷5,5,人,乘客,男,22,繫安全帶(使用幼童安全椅),非駕駛人,不明,不明,其他,非汽、機及自行車,,,無(非車輛駕駛人因素),尚未發現肇事因素,否,121.438853,25.172835
2025,11,20251101,225500,A2,新北市政府警察局,新北市新莊區中正路 / 新北市新莊區公園一路,雨,有照明且開啟,市區道路,50,交岔路,四岔路,交叉路口,交叉路口內,柏油,濕潤,無缺陷,無障礙物,無遮蔽物,良好,行車管制號誌,正常,無,無分向設施,未繪設車道線,未繪設快慢車道分隔線,有,車與車,側撞,駕駛者,右轉彎未依規定,死亡0;受傷1,1,機車,普通重型,男,41,戴非半罩式安全帽,未使用,車的狀態,右轉彎,機車與自行車,右側車身,,,駕駛者,右轉彎未依規定,否,121.443646,25.034271
2025,11,20251101,225500,A2,新北市政府警察局,新北市新莊區中正路 / 新北市新莊區公園一路,雨,有照明且開啟,市區道路,50,交岔路,四岔路,交叉路口,交叉路口內,柏油,濕潤,無缺陷,無障礙物,無遮蔽物,良好,行車管制號誌,正常,無,無分向設施,未繪設車道線,未繪設快慢車道分隔線,有,車與車,側撞,駕駛者,右轉彎未依規定,死亡0;受傷1,2,慢車,微型電動二輪車,男,17,戴非半罩式安全帽,未使用,車的狀態,向前直行中,機車與自行車,左側車身,,,無(車輛駕駛者因素),尚未發現肇事因素,否,121.443646,25.034271
2025,11,20251101,230800,A2,臺中市政府警察局,臺中市北區育德里健行路前0.0公尺,晴,有照明且開啟,市區道路,50,單路部分,直路,路段,快車道,柏油,乾燥,無缺陷,無障礙物,無遮蔽物,良好,無號誌,無號誌,雙向禁止超車線,無標記,車道線(無標記),快慢車道分隔線,無,車輛本身,路上翻車、摔倒,其他,其他不當駕車行為,死亡0;受傷1,1,機車,普通重型,男,21,戴半罩式安全帽,未使用,車的狀態,向前直行中,機車與自行車,右側車身,,,其他,其他不當駕車行為,否,120.676226,24.159202
2025,11,20251101,230800,A2,臺中市政府警察局,臺中市北區育德里健行路前0.0公尺,晴,有照明且開啟,市區道路,50,單路部分,直路,路段,快車道,柏油,乾燥,無缺陷,無障礙物,無遮蔽物,良好,無號誌,無號誌,雙向禁止超車線,無標記,車道線(無標記),快慢車道分隔線,無,車輛本身,路上翻車、摔倒,其他,其他不當駕車行為,死亡0;受傷1,2,,,無或物(動物、堆置物),0,,,,,,,,,無(非車輛駕駛人因素),尚未發現肇事因素,否,120.676226,24.159202
2025,11,20251101,230900,A2,臺中市政府警察局,臺中市南區樹義里福田路 / 臺中市南區樹義里福田二街,晴,無照明,市區道路,50,交岔路,四岔路,交叉路口,交叉路口內,柏油,乾燥,無缺陷,無障礙物,無遮蔽物,良好,行車管制號誌,正常,無,無分向設施,未繪設車道線,未繪設快慢車道分隔線,無,車與車,路口交岔撞,駕駛者,闖紅燈直行,死亡0;受傷2,1,機車,普通重型,男,21,不明,不明,車的狀態,向前直行中,機車與自行車,前車頭,,,駕駛者,闖紅燈直行,否,120.657782,24.108938
2025,11,20251101,230900,A2,臺中市政府警察局,臺中市南區樹義里福田路 / 臺中市南區樹義里福田二街,晴,無照明,市區道路,50,交岔路,四岔路,交叉路口,交叉路口內,柏油,乾燥,無缺陷,無障礙物,無遮蔽物,良好,行車管制號誌,正常,無,無分向設施,未繪設車道線,未繪設快慢車道分隔線,無,車與車,路口交岔撞,駕駛者,闖紅燈直行,死亡0;受傷2,2,機車,普通重型,女,42,不明,不明,車的狀態,向前直行中,機車與自行車,後車尾,,,無(車輛駕駛者因素),尚未發現肇事因素,否,120.657782,24.108938
2025,11,20251101,230900,A2,臺中市政府警察局,臺中市南區樹義里福田路 / 臺中市南區樹義里福田二街,晴,無照明,市區道路,50,交岔路,四岔路,交叉路口,交叉路口內,柏油,乾燥,無缺陷,無障礙物,無遮蔽物,良好,行車管制號誌,正常,無,無分向設施,未繪設車道線,未繪設快慢車道分隔線,無,車與車,路口交岔撞,駕駛者,闖紅燈直行,死亡0;受傷2,3,人,乘客,男,25,不明,非駕駛人,人的狀態,其他,其他,非汽、機及自行車,,,無(非車輛駕駛人因素),尚未發現肇事因素,否,120.657782,24.108938
2025,11,20251101,231300,A2,嘉義市政府警察局,嘉義市西區重興里友忠路 / 嘉義市西區重興里友忠路,晴,有照明且開啟,市區道路,40,單路部分,直路,路段,慢車道,柏油,乾燥,無缺陷,無障礙物,無遮蔽物,良好,無號誌,無號誌,中央分向島,寬式(50公分以上),車道線(無標記),寬式快慢車道分隔島(50公分以上),無,車與車,其他,駕駛者,倒車未依規定,死亡0;受傷1,1,小客車(含客、貨兩用),自用,男,54,繫安全帶(使用幼童安全椅),未使用,車的狀態,倒車,汽車,後車尾,,,駕駛者,倒車未依規定,否,120.441475,23.485769
2025,11,20251101,231300,A2,嘉義市政府警察局,嘉義市西區重興里友忠路 / 嘉義市西區重興里友忠路,晴,有照明且開啟,市區道路,40,單路部分,直路,路段,慢車道,柏油,乾燥,無缺陷,無障礙物,無遮蔽物,良好,無號誌,無號誌,中央分向島,寬式(50公分以上),車道線(無標記),寬式快慢車道分隔島(50公分以上),無,車與車,其他,駕駛者,倒車未依規定,死亡0;受傷1,2,機車,普通重型,女,29,戴非半罩式安全帽,未使用,車的狀態,向前直行中,機車與自行車,前車頭,,,其他,其他不當駕車行為,否,120.441475,23.485769
2025,11,20251101,231400,A2,新北市政府警察局,新北市新莊區中正路514巷41號前0.0公尺,雨,有照明且開啟,其他,30,單路部分,直路,路段,一般車道(未劃分快慢車道),柏油,濕潤,無缺陷,無障礙物,無遮蔽物,良好,無號誌,無號誌,雙向禁止超車線,無標記,未繪設車道線,未繪設快慢車道分隔線,有,車與車,其他,其他,其他不當駕車行為,死亡0;受傷1,1,機車,普通重型,男,19,戴半罩式安全帽,未使用,車的狀態,向前直行中,機車與自行車,前車頭,,,其他,其他不當駕車行為,否,121.481259,25.009502
2025,11,20251101,231400,A2,新北市政府警察局,新北市新莊區中正路514巷41號前0.0公尺,雨,有照明且開啟,其他,30,單路部分,直路,路段,一般車道(未劃分快慢車道),柏油,濕潤,無缺陷,無障礙物,無遮蔽物,良好,無號誌,無號誌,雙向禁止超車線,無標記,未繪設車道線,未繪設快慢車道分隔線,有,車與車,其他,其他,其他不當駕車行為,死亡0;受傷1,2,機車,普通重型,女,60,不明,不明,車的狀態,其他,其他,不明,,,其他,其他不當駕車行為,否,121.481259,25.009502
2025,11,20251101,231400,A2,新北市政府警察局,新北市新莊區中正路514巷41號前0.0公尺,雨,有照明且開啟,其他,30,單路部分,直路,路段,一般車道(未劃分快慢車道),柏油,濕潤,無缺陷,無障礙物,無遮蔽物,良好,無號誌,無號誌,雙向禁止超車線,無標記,未繪設車道線,未繪設快慢車道分隔線,有,車與車,其他,其他,其他不當駕車行為,死亡0;受傷1,3,機車,普通重型,女,21,不明,不明,車的狀態,靜止(引擎熄火),其他,不明,,,無(車輛駕駛者因素),尚未發現肇事因素,否,121.481259,25.009502
2025,11,20251101,231900,A2,新北市政府警察局,新北市新莊區中正路 / 新北市新莊區新泰路,雨,有照明且開啟,市區道路,50,交岔路,四岔路,交叉路口,交叉口附近,柏油,濕潤,無缺陷,無障礙物,無遮蔽物,良好,無號誌,無號誌,中央分向島,寬式(50公分以上),車道線(無標記),未繪設快慢車道分隔線,無,車與車,其他,燈光,未依規定使用燈光,死亡0;受傷1,1,大客車,民營公車,男,54,不明,不明,車的狀態,向左變換車道,其他,無撞擊,,,燈光,未依規定使用燈光,否,121.448852,25.035299
2025,11,20251101,231900,A2,新北市政府警察局,新北市新莊區中正路 / 新北市新莊區新泰路,雨,有照明且開啟,市區道路,50,交岔路,四岔路,交叉路口,交叉口附近,柏油,濕潤,無缺陷,無障礙物,無遮蔽物,良好,無號誌,無號誌,中央分向島,寬式(50公分以上),車道線(無標記),未繪設快慢車道分隔線,無,車與車,其他,燈光,未依規定使用燈光,死亡0;受傷1,2,機車,普通重型,男,18,戴半罩式安全帽,不明,車的狀態,向前直行中,其他,無撞擊,,,無(車輛駕駛者因素),尚未發現肇事因素,否,121.448852,25.035299
2025,11,20251101,232700,A2,新北市政府警察局,新北市樹林區三興路 / 新北市樹林區大慶街,雨,有照明且開啟,市區道路,50,交岔路,三岔路,交叉路口,交叉路口內,柏油,濕潤,無缺陷,無障礙物,無遮蔽物,良好,行車管制號誌(附設行人專用號誌),正常,中央分向島,寬式(50公分以上),車道線(無標記),未繪設快慢車道分隔線,無,車與車,其他,駕駛者,闖紅燈直行,死亡0;受傷2,1,機車,普通重型,女,20,戴半罩式安全帽,未使用,車的狀態,向前直行中,機車與自行車,前車頭,,,駕駛者,闖紅燈直行,否,121.396651,25.014451
2025,11,20251101,232700,A2,新北市政府警察局,新北市樹林區三興路 / 新北市樹林區大慶街,雨,有照明且開啟,市區道路,50,交岔路,三岔路,交叉路口,交叉路口內,柏油,濕潤,無缺陷,無障礙物,無遮蔽物,良好,行車管制號誌(附設行人專用號誌),正常,中央分向島,寬式(50公分以上),車道線(無標記),未繪設快慢車道分隔線,無,車與車,其他,駕駛者,闖紅燈直行,死亡0;受傷2,2,機車,普通重型,男,26,戴半罩式安全帽,未使用,車的狀態,左轉彎,機車與自行車,右側車身,,,無(車輛駕駛者因素),尚未發現肇事因素,否,121.396651,25.014451
2025,11,20251101,232700,A2,新北市政府警察局,新北市樹林區三興路 / 新北市樹林區大慶街,雨,有照明且開啟,市區道路,50,交岔路,三岔路,交叉路口,交叉路口內,柏油,濕潤,無缺陷,無障礙物,無遮蔽物,良好,行車管制號誌(附設行人專用號誌),正常,中央分向島,寬式(50公分以上),車道線(無標記),未繪設快慢車道分隔線,無,車與車,其他,駕駛者,闖紅燈直行,死亡0;受傷2,3,,,無或物(動物、堆置物),42,,,,,,,,,交通管制(設施),平交道看守疏失或未放柵欄,否,121.396651,25.014451
2025,11,20251101,233000,A2,臺北市政府警察局,臺北市萬華區萬大路 / 臺北市萬華區萬青街,雨,有照明且開啟,市區道路,30,交岔路,四岔路,交叉路口,交叉路口內,柏油,濕潤,無缺陷,無障礙物,無遮蔽物,良好,閃光號誌,正常,無,無分向設施,未繪設車道線,未繪設快慢車道分隔線,無,車與車,其他,無(車輛駕駛者因素),尚未發現肇事因素,死亡0;受傷2,1,機車,普通重型,男,24,戴非半罩式安全帽,不明,車的狀態,向前直行中,機車與自行車,右側車身,,,無(車輛駕駛者因素),尚未發現肇事因素,否,121.501741,25.025410
2025,11,20251101,233000,A2,臺北市政府警察局,臺北市萬華區萬大路 / 臺北市萬華區萬青街,雨,有照明且開啟,市區道路,30,交岔路,四岔路,交叉路口,交叉路口內,柏油,濕潤,無缺陷,無障礙物,無遮蔽物,良好,閃光號誌,正常,無,無分向設施,未繪設車道線,未繪設快慢車道分隔線,無,車與車,其他,無(車輛駕駛者因素),尚未發現肇事因素,死亡0;受傷2,2,機車,普通重型,女,61,戴半罩式安全帽,不明,車的狀態,向前直行中,機車與自行車,前車頭,,,無(車輛駕駛者因素),尚未發現肇事因素,否,121.501741,25.025410
2025,11,20251101,233000,A2,新北市政府警察局,新北市蘆洲區仁愛街50號前0.0公尺,雨,有照明且開啟,市區道路,40,單路部分,直路,路段,一般車道(未劃分快慢車道),柏油,濕潤,無缺陷,路上有停車,無遮蔽物,良好,無號誌,無號誌,行車分向線,無標記,未繪設車道線,未繪設快慢車道分隔線,無,車與車,追撞,其他,其他不當駕車行為,死亡0;受傷2,1,小客車(含客、貨兩用),自用,男,34,繫安全帶(使用幼童安全椅),未使用,車的狀態,向前直行中,汽車,前車頭,,,其他,其他不當駕車行為,否,121.471742,25.093576
2025,11,20251101,233000,A2,新北市政府警察局,新北市蘆洲區仁愛街50號前0.0公尺,雨,有照明且開啟,市區道路,40,單路部分,直路,路段,一般車道(未劃分快慢車道),柏油,濕潤,無缺陷,路上有停車,無遮蔽物,良好,無號誌,無號誌,行車分向線,無標記,未繪設車道線,未繪設快慢車道分隔線,無,車與車,追撞,其他,其他不當駕車行為,死亡0;受傷2,2,小客車(含客、貨兩用),計程車,男,53,不明,不明,車的狀態,等待(引擎未熄火),汽車,後車尾,,,其他,違規(臨時)停車,否,121.471742,25.093576
2025,11,20251101,233000,A2,新北市政府警察局,新北市蘆洲區仁愛街50號前0.0公尺,雨,有照明且開啟,市區道路,40,單路部分,直路,路段,一般車道(未劃分快慢車道),柏油,濕潤,無缺陷,路上有停車,無遮蔽物,良好,無號誌,無號誌,行車分向線,無標記,未繪設車道線,未繪設快慢車道分隔線,無,車與車,追撞,其他,其他不當駕車行為,死亡0;受傷2,3,,,無或物(動物、堆置物),0,,,,,,,,,無(非車輛駕駛人因素),尚未發現肇事因素,否,121.471742,25.093576
2025,11,20251101,234214,A2,南投縣政府警察局,南投縣埔里鎮信義路、中正路,晴,有照明且開啟,市區道路,50,交岔路,四岔路,交叉路口,交叉口附近,柏油,乾燥,無缺陷,無障礙物,無遮蔽物,良好,行車管制號誌,正常,中央分向島,寬式(50公分以上),車道線(附標記),未繪設快慢車道分隔線,有,車與車,其他,無(車輛駕駛者因素),尚未發現肇事因素,死亡0;受傷1,1,小客車(含客、貨兩用),自用,男,21,不明,不明,車的狀態,等待(引擎未熄火),汽車,右側車身,,,無(車輛駕駛者因素),尚未發現肇事因素,否,120.963109,23.972813
2025,11,20251101,234214,A2,南投縣政府警察局,南投縣埔里鎮信義路、中正路,晴,有照明且開啟,市區道路,50,交岔路,四岔路,交叉路口,交叉口附近,柏油,乾燥,無缺陷,無障礙物,無遮蔽物,良好,行車管制號誌,正常,中央分向島,寬式(50公分以上),車道線(附標記),未繪設快慢車道分隔線,有,車與車,其他,無(車輛駕駛者因素),尚未發現肇事因素,死亡0;受傷1,2,機車,普通重型,男,24,不明,不明,車的狀態,向前直行中,機車與自行車,左側車身,,,無(車輛駕駛者因素),尚未發現肇事因素,否,120.963109,23.972813
2025,11,20251101,234214,A2,南投縣政府警察局,南投縣埔里鎮信義路、中正路,晴,有照明且開啟,市區道路,50,交岔路,四岔路,交叉路口,交叉口附近,柏油,乾燥,無缺陷,無障礙物,無遮蔽物,良好,行車管制號誌,正常,中央分向島,寬式(50公分以上),車道線(附標記),未繪設快慢車道分隔線,有,車與車,其他,無(車輛駕駛者因素),尚未發現肇事因素,死亡0;受傷1,3,小客車(含客、貨兩用),自用,女,30,不明,不明,車的狀態,等待(引擎未熄火),汽車,左側車身,,,無(車輛駕駛者因素),尚未發現肇事因素,否,120.963109,23.972813
2025,11,20251101,234214,A2,南投縣政府警察局,南投縣埔里鎮信義路、中正路,晴,有照明且開啟,市區道路,50,交岔路,四岔路,交叉路口,交叉口附近,柏油,乾燥,無缺陷,無障礙物,無遮蔽物,良好,行車管制號誌,正常,中央分向島,寬式(50公分以上),車道線(附標記),未繪設快慢車道分隔線,有,車與車,其他,無(車輛駕駛者因素),尚未發現肇事因素,死亡0;受傷1,4,人,乘客,女,23,不明,非駕駛人,不明,不明,其他,非汽、機及自行車,,,無(非車輛駕駛人因素),尚未發現肇事因素,否,120.963109,23.972813
2025,11,20251101,234214,A2,南投縣政府警察局,南投縣埔里鎮信義路、中正路,晴,有照明且開啟,市區道路,50,交岔路,四岔路,交叉路口,交叉口附近,柏油,乾燥,無缺陷,無障礙物,無遮蔽物,良好,行車管制號誌,正常,中央分向島,寬式(50公分以上),車道線(附標記),未繪設快慢車道分隔線,有,車與車,其他,無(車輛駕駛者因素),尚未發現肇事因素,死亡0;受傷1,5,人,乘客,女,18,不明,非駕駛人,不明,不明,其他,非汽、機及自行車,,,非駕駛者,開啟或關閉車門不當,否,120.963109,23.972813
2025,11,20251101,235100,A2,新北市政府警察局,新北市蘆洲區永平街 / 新北市蘆洲區永平街,雨,有照明且開啟,市區道路,30,交岔路,四岔路,交叉路口,交叉路口內,柏油,濕潤,無缺陷,無障礙物,無遮蔽物,良好,無號誌,無號誌,無,無分向設施,未繪設車道線,未繪設快慢車道分隔線,無,車與車,路口交岔撞,駕駛者,無號誌路口，支線道未讓幹線道先行,死亡0;受傷1,1,小客車(含客、貨兩用),自用,女,25,繫安全帶(使用幼童安全椅),未使用,車的狀態,向前直行中,汽車,前車頭,,,駕駛者,無號誌路口，支線道未讓幹線道先行,否,121.459458,25.091954
2025,11,20251101,235100,A2,新北市政府警察局,新北市蘆洲區永平街 / 新北市蘆洲區永平街,雨,有照明且開啟,市區道路,30,交岔路,四岔路,交叉路口,交叉路口內,柏油,濕潤,無缺陷,無障礙物,無遮蔽物,良好,無號誌,無號誌,無,無分向設施,未繪設車道線,未繪設快慢車道分隔線,無,車與車,路口交岔撞,駕駛者,無號誌路口，支線道未讓幹線道先行,死亡0;受傷1,2,機車,普通重型,女,50,戴半罩式安全帽,未使用,車的狀態,向前直行中,機車與自行車,前車頭,,,駕駛者,未依規定減速,否,121.459458,25.091954
2025,11,20251102,000500,A2,新北市政府警察局,新北市泰山區明志路1段12號前0.0公尺,雨,有照明且開啟,市區道路,50,單路部分,直路,路段,一般車道(未劃分快慢車道),柏油,濕潤,無缺陷,無障礙物,無遮蔽物,良好,無號誌,無號誌,雙向禁止超車線,無標記,車道線(無標記),未繪設快慢車道分隔線,無,車與車,追撞,駕駛者,未保持行車安全距離,死亡0;受傷1,1,小客車(含客、貨兩用),自用,男,47,繫安全帶(使用幼童安全椅),未使用,車的狀態,向前直行中,汽車,前車頭,,,駕駛者,未保持行車安全距離,否,121.433575,25.065850
2025,11,20251102,000500,A2,新北市政府警察局,新北市泰山區明志路1段12號前0.0公尺,雨,有照明且開啟,市區道路,50,單路部分,直路,路段,一般車道(未劃分快慢車道),柏油,濕潤,無缺陷,無障礙物,無遮蔽物,良好,無號誌,無號誌,雙向禁止超車線,無標記,車道線(無標記),未繪設快慢車道分隔線,無,車與車,追撞,駕駛者,未保持行車安全距離,死亡0;受傷1,2,機車,普通重型,男,24,戴非半罩式安全帽,未使用,車的狀態,向前直行中,機車與自行車,後車尾,,,無(車輛駕駛者因素),尚未發現肇事因素,否,121.433575,25.065850
2025,11,20251102,001400,A2,嘉義縣警察局,嘉義縣大埔鄉西興村台3線349.3公里,晴,無照明,村里道路,40,單路部分,彎曲路及附近,路段,一般車道(未劃分快慢車道),柏油,乾燥,無缺陷,無障礙物,無遮蔽物,良好,無號誌,無號誌,雙向禁止超車線,附標記,未繪設車道線,未繪設快慢車道分隔線,有,車輛本身,撞護欄(樁),無(物或動物),動物竄出,死亡0;受傷1,1,,,無或物(動物、堆置物),-1,,,,,,,,,無(物或動物),動物竄出,否,120.570762,23.239484
2025,11,20251102,001400,A2,嘉義縣警察局,嘉義縣大埔鄉西興村台3線349.3公里,晴,無照明,村里道路,40,單路部分,彎曲路及附近,路段,一般車道(未劃分快慢車道),柏油,乾燥,無缺陷,無障礙物,無遮蔽物,良好,無號誌,無號誌,雙向禁止超車線,附標記,未繪設車道線,未繪設快慢車道分隔線,有,車輛本身,撞護欄(樁),無(物或動物),動物竄出,死亡0;受傷1,2,小客車(含客、貨兩用),自用,男,51,繫安全帶(使用幼童安全椅),未使用,車的狀態,向前直行中,汽車,左前車頭(身),,,無(車輛駕駛者因素),尚未發現肇事因素,否,120.570762,23.239484
2025,11,20251102,001400,A2,嘉義縣警察局,嘉義縣大埔鄉西興村台3線349.3公里,晴,無照明,村里道路,40,單路部分,彎曲路及附近,路段,一般車道(未劃分快慢車道),柏油,乾燥,無缺陷,無障礙物,無遮蔽物,良好,無號誌,無號誌,雙向禁止超車線,附標記,未繪設車道線,未繪設快慢車道分隔線,有,車輛本身,撞護欄(樁),無(物或動物),動物竄出,死亡0;受傷1,3,,,無或物(動物、堆置物),-1,,,,,,,,,無(非車輛駕駛人因素),尚未發現肇事因素,否,120.570762,23.239484
2025,11,20251102,001400,A2,新北市政府警察局,新北市新莊區新莊路 / 新北市新莊區武前街,雨,有照明且開啟,其他,25,交岔路,三岔路,交叉路口,交叉口附近,其他鋪裝,濕潤,無缺陷,無障礙物,無遮蔽物,良好,無號誌,無號誌,行車分向線,無標記,未繪設車道線,未繪設快慢車道分隔線,有,車與車,對撞,其他,其他不當駕車行為,死亡0;受傷2,1,機車,普通重型,男,22,戴非半罩式安全帽,未使用,車的狀態,向前直行中,機車與自行車,前車頭,,,其他,其他不當駕車行為,否,121.450221,25.033539