發生年度,發生月份,發生日期,發生時間,事故類別名稱,處理單位名稱警局層,發生地點,天候名稱,光線名稱,道路類別-第1當事者-名稱,速限-第1當事者,道路型態大類別名稱,道路型態子類別名稱,事故位置大類別名稱,事故位置子類別名稱,路面狀況-路面鋪裝名稱,路面狀況-路面狀態名稱,路面狀況-路面缺陷名稱,道路障礙-障礙物名稱,道路障礙-視距品質名稱,道路障礙-視距名稱,號誌-號誌種類名稱,號誌-號誌動作名稱,車道劃分設施-分向設施大類別名稱,車道劃分設施-分向設施子類別名稱,車道劃分設施-分道設施-快車道或一般車道間名稱,車道劃分設施-分道設施-快慢車道間名稱,車道劃分設施-分道設施-路面邊線名稱,事故類型及型態大類別名稱,事故類型及型態子類別名稱,肇因研判大類別名稱-主要,肇因研判子類別名稱-主要,死亡受傷人數,當事者順位,當事者區分-類別-大類別名稱-車種,當事者區分-類別-子類別名稱-車種,當事者屬-性-別名稱,當事者事故發生時年齡,保護裝備名稱,行動電話或電腦或其他相類功能裝置名稱,當事者行動狀態大類別名稱,當事者行動狀態子類別名稱,車輛撞擊部位大類別名稱-最初,車輛撞擊部位子類別名稱-最初,車輛撞擊部位大類別名稱-其他,車輛撞擊部位子類別名稱-其他,肇因研判大類別名稱-個別,肇因研判子類別名稱-個別,肇事逃逸類別名稱-是否肇逃,經度,緯度
2025,11,20251102,001400,A2,新北市政府警察局,新北市新莊區新莊路 / 新北市新莊區武前街,雨,有照明且開啟,其他,25,交岔路,三岔路,交叉路口,交叉口附近,其他鋪裝,濕潤,無缺陷,無障礙物,無遮蔽物,良好,無號誌,無號誌,行車分向線,無標記,未繪設車道線,未繪設快慢車道分隔線,有,車與車,對撞,其他,其他不當駕車行為,死亡0;受傷2,2,機車,普通重型,男,21,戴非半罩式安全帽,未使用,車的狀態,向前直行中,機車與自行車,前車頭,,,其他,其他不當駕車行為,否,121.450221,25.033539
2025,11,20251102,001500,A2,新北市政府警察局,新北市土城區學府路2段 / 新北市土城區龍山二街,晴,有照明且開啟,市區道路,50,交岔路,四岔路,交叉路口,交叉路口內,柏油,乾燥,無缺陷,無障礙物,無遮蔽物,良好,行車管制號誌(附設行人專用號誌),正常,雙向禁止超車線,無標記,未繪設車道線,未繪設快慢車道分隔線,有,車與車,側撞,駕駛者,左轉彎未依規定,死亡0;受傷1,1,小客車(含客、貨兩用),計程車,男,70,繫安全帶(使用幼童安全椅),未使用,車的狀態,左轉彎,汽車,左側車身,,,駕駛者,左轉彎未依規定,否,121.443488,24.982271
2025,11,20251102,001500,A2,新北市政府警察局,新北市土城區學府路2段 / 新北市土城區龍山二街,晴,有照明且開啟,市區道路,50,交岔路,四岔路,交叉路口,交叉路口內,柏油,乾燥,無缺陷,無障礙物,無遮蔽物,良好,行車管制號誌(附設行人專用號誌),正常,雙向禁止超車線,無標記,未繪設車道線,未繪設快慢車道分隔線,有,車與車,側撞,駕駛者,左轉彎未依規定,死亡0;受傷1,2,機車,普通重型,男,26,戴非半罩式安全帽,未使用,車的狀態,向前直行中,機車與自行車,前車頭,,,駕駛者,逆向行駛,否,121.443488,24.982271
2025,11,20251102,003000,A2,臺北市政府警察局,臺北市信義區基隆路2段 / 臺北市信義區嘉興街,雨,有照明未開啟或故障,市區道路,50,交岔路,三岔路,交叉路口,交叉路口內,柏油,濕潤,無缺陷,無障礙物,無遮蔽物,良好,無號誌,無號誌,中央分向島,寬式(50公分以上),車道線(無標記),未繪設快慢車道分隔線,無,車與車,其他,無(車輛駕駛者因素),尚未發現肇事因素,死亡0;受傷2,1,機車,普通重型,女,38,不明,不明,車的狀態,向前直行中,機車與自行車,左側車身,,,無(車輛駕駛者因素),尚未發現肇事因素,否,121.559194,25.032588
2025,11,20251102,003000,A2,臺北市政府警察局,臺北市信義區基隆路2段 / 臺北市信義區嘉興街,雨,有照明未開啟或故障,市區道路,50,交岔路,三岔路,交叉路口,交叉路口內,柏油,濕潤,無缺陷,無障礙物,無遮蔽物,良好,無號誌,無號誌,中央分向島,寬式(50公分以上),車道線(無標記),未繪設快慢車道分隔線,無,車與車,其他,無(車輛駕駛者因素),尚未發現肇事因素,死亡0;受傷2,2,小客車(含客、貨兩用),自用,男,48,不明,不明,車的狀態,右轉彎,汽車,右後車尾(身),,,駕駛者,無號誌路口，轉彎車未讓直行車先行,否,121.559194,25.032588
2025,11,20251102,003000,A2,臺北市政府警察局,臺北市信義區基隆路2段 / 臺北市信義區嘉興街,雨,有照明未開啟或故障,市區道路,50,交岔路,三岔路,交叉路口,交叉路口內,柏油,濕潤,無缺陷,無障礙物,無遮蔽物,良好,無號誌,無號誌,中央分向島,寬式(50公分以上),車道線(無標記),未繪設快慢車道分隔線,無,車與車,其他,無(車輛駕駛者因素),尚未發現肇事因素,死亡0;受傷2,3,人,乘客,男,13,不明,非駕駛人,人的狀態,靜立(止),其他,非汽、機及自行車,,,無(非車輛駕駛人因素),尚未發現肇事因素,否,121.559194,25.032588
2025,11,20251102,003052,A2,嘉義縣警察局,嘉義縣番路鄉公興村台18線43.7公里處,晴,無照明,省道,30,單路部分,直路,路段,一般車道(未劃分快慢車道),柏油,乾燥,無缺陷,無障礙物,無遮蔽物,良好,無號誌,無號誌,雙向禁止超車線,附標記,未繪設車道線,未繪設快慢車道分隔線,有,車輛本身,撞護欄(樁),駕駛者,恍神、緊張、心不在焉分心駕駛,死亡0;受傷1,1,小客車(含客、貨兩用),自用,男,21,不明,不明,車的狀態,向前直行中,汽車,左前車頭(身),,,駕駛者,恍神、緊張、心不在焉分心駕駛,否,120.641542,23.432831
2025,11,20251102,003052,A2,嘉義縣警察局,嘉義縣番路鄉公興村台18線43.7公里處,晴,無照明,省道,30,單路部分,直路,路段,一般車道(未劃分快慢車道),柏油,乾燥,無缺陷,無障礙物,無遮蔽物,良好,無號誌,無號誌,雙向禁止超車線,附標記,未繪設車道線,未繪設快慢車道分隔線,有,車輛本身,撞護欄(樁),駕駛者,恍神、緊張、心不在焉分心駕駛,死亡0;受傷1,2,,,無或物(動物、堆置物),-1,,,,,,,,,無(非車輛駕駛人因素),尚未發現肇事因素,否,120.641542,23.432831
2025,11,20251102,003052,A2,嘉義縣警察局,嘉義縣番路鄉公興村台18線43.7公里處,晴,無照明,省道,30,單路部分,直路,路段,一般車道(未劃分快慢車道),柏油,乾燥,無缺陷,無障礙物,無遮蔽物,良好,無號誌,無號誌,雙向禁止超車線,附標記,未繪設車道線,未繪設快慢車道分隔線,有,車輛本身,撞護欄(樁),駕駛者,恍神、緊張、心不在焉分心駕駛,死亡0;受傷1,3,人,乘客,男,21,不明,非駕駛人,人的狀態,其他,其他,非汽、機及自行車,,,無(非車輛駕駛人因素),尚未發現肇事因素,否,120.641542,23.432831
2025,11,20251102,005500,A2,新北市政府警察局,新北市板橋區四川路2段 / 新北市板橋區新興橋道路,雨,有照明且開啟,市區道路,50,單路部分,直路,路段,交通島(含槽化線),柏油,濕潤,無缺陷,無障礙物,無遮蔽物,良好,行車管制號誌,正常,中央分向島,寬式(50公分以上),車道線(無標記),窄式快慢車道分隔島(無柵欄),有,車輛本身,撞交通島,其他,因光線、視線遮蔽致生事故,死亡0;受傷1,1,機車,普通重型,女,18,戴非半罩式安全帽,未使用,車的狀態,向前直行中,機車與自行車,後車尾,,,其他,因光線、視線遮蔽致生事故,否,121.447141,24.993974
2025,11,20251102,005500,A2,新北市政府警察局,新北市板橋區四川路2段 / 新北市板橋區新興橋道路,雨,有照明且開啟,市區道路,50,單路部分,直路,路段,交通島(含槽化線),柏油,濕潤,無缺陷,無障礙物,無遮蔽物,良好,行車管制號誌,正常,中央分向島,寬式(50公分以上),車道線(無標記),窄式快慢車道分隔島(無柵欄),有,車輛本身,撞交通島,其他,因光線、視線遮蔽致生事故,死亡0;受傷1,2,,,無或物(動物、堆置物),114,,,,,,,,,無(非車輛駕駛人因素),尚未發現肇事因素,否,121.447141,24.993974
2025,11,20251102,005900,A2,臺中市政府警察局,臺中市南屯區春社里永春南路前0.0公尺,晴,有照明且開啟,市區道路,40,單路部分,直路,路段,慢車道,柏油,乾燥,無缺陷,無障礙物,無遮蔽物,良好,無號誌,無號誌,中央分向島,寬式(50公分以上),未繪設車道線,快慢車道分隔線,無,車輛本身,路上翻車、摔倒,其他,其他不當駕車行為,死亡0;受傷1,1,慢車,腳踏自行車,男,17,其他(無需使用保護裝備之人),不明,車的狀態,向前直行中,機車與自行車,前車頭,,,其他,其他不當駕車行為,否,120.586319,24.141545
2025,11,20251102,005900,A2,臺中市政府警察局,臺中市南屯區春社里永春南路前0.0公尺,晴,有照明且開啟,市區道路,40,單路部分,直路,路段,慢車道,柏油,乾燥,無缺陷,無障礙物,無遮蔽物,良好,無號誌,無號誌,中央分向島,寬式(50公分以上),未繪設車道線,快慢車道分隔線,無,車輛本身,路上翻車、摔倒,其他,其他不當駕車行為,死亡0;受傷1,2,,,無或物(動物、堆置物),0,,,,,,,,,無(非車輛駕駛人因素),尚未發現肇事因素,否,120.586319,24.141545
2025,11,20251102,010400,A2,臺北市政府警察局,臺北市士林區中正路 / 臺北市士林區志成街,雨,有照明且開啟,市區道路,30,交岔路,三岔路,交叉路口,交叉路口內,柏油,濕潤,無缺陷,無障礙物,無遮蔽物,良好,閃光號誌,正常,中央分向島,寬式(50公分以上),車道線(無標記),未繪設快慢車道分隔線,無,車與車,其他,駕駛者,有號誌路口，轉彎車未讓直行車先行,死亡0;受傷1,1,小客車(含客、貨兩用),計程車,男,52,不明,不明,車的狀態,左轉彎,汽車,右側車身,,,駕駛者,有號誌路口，轉彎車未讓直行車先行,否,121.530681,25.096426
2025,11,20251102,010400,A2,臺北市政府警察局,臺北市士林區中正路 / 臺北市士林區志成街,雨,有照明且開啟,市區道路,30,交岔路,三岔路,交叉路口,交叉路口內,柏油,濕潤,無缺陷,無障礙物,無遮蔽物,良好,閃光號誌,正常,中央分向島,寬式(50公分以上),車道線(無標記),未繪設快慢車道分隔線,無,車與車,其他,駕駛者,有號誌路口，轉彎車未讓直行車先行,死亡0;受傷1,2,機車,普通重型,男,43,不明,不明,車的狀態,向前直行中,機車與自行車,前車頭,,,無(車輛駕駛者因素),尚未發現肇事因素,否,121.530681,25.096426
2025,11,20251102,010500,A2,基隆市警察局,基隆市信義區信二路 / 基隆市信義區義六路,雨,有照明且開啟,市區道路,50,交岔路,四岔路,交叉路口,交叉路口內,柏油,濕潤,無缺陷,無障礙物,無遮蔽物,良好,閃光號誌,正常,無,無分向設施,未繪設車道線,未繪設快慢車道分隔線,無,車與車,路口交岔撞,駕駛者,其他未依規定讓車,死亡0;受傷1,1,小客車(含客、貨兩用),自用,女,28,繫安全帶(使用幼童安全椅),未使用,車的狀態,向前直行中,汽車,前車頭,,,駕駛者,其他未依規定讓車,否,121.751121,25.129603
2025,11,20251102,010500,A2,基隆市警察局,基隆市信義區信二路 / 基隆市信義區義六路,雨,有照明且開啟,市區道路,50,交岔路,四岔路,交叉路口,交叉路口內,柏油,濕潤,無缺陷,無障礙物,無遮蔽物,良好,閃光號誌,正常,無,無分向設施,未繪設車道線,未繪設快慢車道分隔線,無,車與車,路口交岔撞,駕駛者,其他未依規定讓車,死亡0;受傷1,2,小客車(含客、貨兩用),自用,男,47,繫安全帶(使用幼童安全椅),未使用,車的狀態,向前直行中,汽車,右側車身,,,駕駛者,未依規定減速,否,121.751121,25.129603
2025,11,20251102,014600,A2,新北市政府警察局,新北市三重區洛陽街 / 新北市三重區洛陽街,晴,無照明,市區道路,50,交岔路,多岔路,交叉路口,交叉口附近,柏油,乾燥,無缺陷,無障礙物,無遮蔽物,良好,無號誌,無號誌,雙向禁止超車線,無標記,未繪設車道線,未繪設快慢車道分隔線,有,車與車,路口交岔撞,駕駛者,無號誌路口，支線道未讓幹線道先行,死亡0;受傷1,1,機車,普通重型,男,63,不明,不明,車的狀態,向前直行中,其他,不明,,,駕駛者,無號誌路口，支線道未讓幹線道先行,否,121.482096,25.063122
2025,11,20251102,014600,A2,新北市政府警察局,新北市三重區洛陽街 / 新北市三重區洛陽街,晴,無照明,市區道路,50,交岔路,多岔路,交叉路口,交叉口附近,柏油,乾燥,無缺陷,無障礙物,無遮蔽物,良好,無號誌,無號誌,雙向禁止超車線,無標記,未繪設車道線,未繪設快慢車道分隔線,有,車與車,路口交岔撞,駕駛者,無號誌路口，支線道未讓幹線道先行,死亡0;受傷1,2,小客車(含客、貨兩用),自用,男,27,不明,不明,車的狀態,向前直行中,汽車,左後車尾(身),,,無(車輛駕駛者因素),尚未發現肇事因素,否,121.482096,25.063122
2025,11,20251102,021000,A2,臺中市政府警察局,臺中市清水區南社里忠孝西路前0.0公尺,晴,有照明且開啟,市區道路,50,交岔路,三岔路,交叉路口,交叉路口內,柏油,乾燥,無缺陷,無障礙物,無遮蔽物,良好,閃光號誌,正常,雙向禁止超車線,無標記,未繪設車道線,快慢車道分隔線,無,車與車,其他,駕駛者,違反閃光號誌,死亡0;受傷1,1,小客車(含客、貨兩用),自用,男,25,繫安全帶(使用幼童安全椅),未使用,車的狀態,左轉彎,汽車,左前車頭(身),,,駕駛者,違反閃光號誌,否,120.555250,24.263176
2025,11,20251102,021000,A2,臺中市政府警察局,臺中市清水區南社里忠孝西路前0.0公尺,晴,有照明且開啟,市區道路,50,交岔路,三岔路,交叉路口,交叉路口內,柏油,乾燥,無缺陷,無障礙物,無遮蔽物,良好,閃光號誌,正常,雙向禁止超車線,無標記,未繪設車道線,快慢車道分隔線,無,車與車,其他,駕駛者,違反閃光號誌,死亡0;受傷1,2,機車,普通重型,女,18,戴非半罩式安全帽,未使用,車的狀態,向前直行中,機車與自行車,前車頭,,,駕駛者,未依規定減速,否,120.555250,24.263176
2025,11,20251102,022300,A2,臺北市政府警察局,臺北市大安區復興南路1段 / 臺北市大安區復興南路1段,雨,有照明且開啟,市區道路,30,交岔路,三岔路,交叉路口,交叉路口內,柏油,濕潤,無缺陷,無障礙物,無遮蔽物,良好,無號誌,無號誌,無,無分向設施,未繪設車道線,未繪設快慢車道分隔線,無,車與車,側撞,駕駛者,無號誌路口，轉彎車未讓直行車先行,死亡0;受傷1,1,機車,普通重型,女,24,戴非半罩式安全帽,未使用,車的狀態,左轉彎,機車與自行車,左側車身,,,駕駛者,無號誌路口，轉彎車未讓直行車先行,否,121.543028,25.043088
2025,11,20251102,022300,A2,臺北市政府警察局,臺北市大安區復興南路1段 / 臺北市大安區復興南路1段,雨,有照明且開啟,市區道路,30,交岔路,三岔路,交叉路口,交叉路口內,柏油,濕潤,無缺陷,無障礙物,無遮蔽物,良好,無號誌,無號誌,無,無分向設施,未繪設車道線,未繪設快慢車道分隔線,無,車與車,側撞,駕駛者,無號誌路口，轉彎車未讓直行車先行,死亡0;受傷1,2,小客車(含客、貨兩用),自用,男,42,繫安全帶(使用幼童安全椅),未使用,車的狀態,向前直行中,汽車,左前車頭(身),,,駕駛者,未依規定減速,否,121.543028,25.043088
2025,11,20251102,024000,A2,臺中市政府警察局,臺中市北區中達里英才路236-2號前0.0公尺,晴,有照明且開啟,市區道路,50,單路部分,直路,路段,一般車道(未劃分快慢車道),柏油,乾燥,無缺陷,無障礙物,無遮蔽物,良好,無號誌,無號誌,行車分向線,無標記,車道線(無標記),未繪設快慢車道分隔線,無,車與車,其他,駕駛者,恍神、緊張、心不在焉分心駕駛,死亡0;受傷1,1,機車,普通重型,女,19,戴半罩式安全帽,未使用,車的狀態,向前直行中,機車與自行車,前車頭,,,駕駛者,恍神、緊張、心不在焉分心駕駛,否,120.673217,24.155693
2025,11,20251102,024000,A2,臺中市政府警察局,臺中市北區中達里英才路236-2號前0.0公尺,晴,有照明且開啟,市區道路,50,單路部分,直路,路段,一般車道(未劃分快慢車道),柏油,乾燥,無缺陷,無障礙物,無遮蔽物,良好,無號誌,無號誌,行車分向線,無標記,車道線(無標記),未繪設快慢車道分隔線,無,車與車,其他,駕駛者,恍神、緊張、心不在焉分心駕駛,死亡0;受傷1,2,小客車(含客、貨兩用),自用,男,26,不明,未使用,車的狀態,靜止(引擎熄火),汽車,左後車尾(身),,,無(車輛駕駛者因素),尚未發現肇事因素,否,120.673217,24.155693
2025,11,20251102,024200,A2,臺中市政府警察局,臺中市南區福順里美村路二段 / 臺中市南區福順里復興路二段,晴,有照明且開啟,市區道路,50,交岔路,四岔路,交叉路口,交叉路口內,柏油,乾燥,無缺陷,無障礙物,無遮蔽物,良好,行車管制號誌(附設行人專用號誌),正常,中央分向島,窄式無柵欄,禁止變換車道線(無標記),快慢車道分隔線,無,車與車,同向擦撞,其他,其他不當駕車行為,死亡0;受傷2,1,機車,普通重型,男,20,戴非半罩式安全帽,未使用,車的狀態,向前直行中,機車與自行車,前車頭,,,其他,其他不當駕車行為,否,120.663897,24.124894
2025,11,20251102,024200,A2,臺中市政府警察局,臺中市南區福順里美村路二段 / 臺中市南區福順里復興路二段,晴,有照明且開啟,市區道路,50,交岔路,四岔路,交叉路口,交叉路口內,柏油,乾燥,無缺陷,無障礙物,無遮蔽物,良好,行車管制號誌(附設行人專用號誌),正常,中央分向島,窄式無柵欄,禁止變換車道線(無標記),快慢車道分隔線,無,車與車,同向擦撞,其他,其他不當駕車行為,死亡0;受傷2,2,機車,普通重型,女,41,戴非半罩式安全帽,未使用,車的狀態,向前直行中,機車與自行車,後車尾,,,無(車輛駕駛者因素),尚未發現肇事因素,否,120.663897,24.124894
2025,11,20251102,024900,A2,南投縣政府警察局,南投縣埔里鎮中山路一段237之7號前0.0公尺,晴,有照明且開啟,省道,50,單路部分,直路,路段,快車道,柏油,乾燥,無缺陷,無障礙物,無遮蔽物,良好,無號誌,無號誌,雙向禁止超車線,附標記,車道線(無標記),未繪設快慢車道分隔線,有,車與車,其他,駕駛者,違反其他標誌(線)禁制,死亡0;受傷1,1,小客車(含客、貨兩用),自用,男,47,繫安全帶(使用幼童安全椅),未使用,車的狀態,迴轉或橫越道路中,汽車,前車頭,,,駕駛者,違反其他標誌(線)禁制,否,120.993050,23.978563
2025,11,20251102,024900,A2,南投縣政府警察局,南投縣埔里鎮中山路一段237之7號前0.0公尺,晴,有照明且開啟,省道,50,單路部分,直路,路段,快車道,柏油,乾燥,無缺陷,無障礙物,無遮蔽物,良好,無號誌,無號誌,雙向禁止超車線,附標記,車道線(無標記),未繪設快慢車道分隔線,有,車與車,其他,駕駛者,違反其他標誌(線)禁制,死亡0;受傷1,2,機車,普通重型,男,36,戴非半罩式安全帽,未使用,車的狀態,向前直行中,機車與自行車,左側車身,,,無(車輛駕駛者因素),尚未發現肇事因素,否,120.993050,23.978563
2025,11,20251102,030500,A2,彰化縣警察局,彰化縣員林市三愛里大同路二段與建國路,晴,有照明且開啟,市區道路,50,交岔路,多岔路,交叉路口,交叉路口內,柏油,乾燥,無缺陷,無障礙物,無遮蔽物,良好,閃光號誌,正常,雙向禁止超車線,無標記,車道線(無標記),未繪設快慢車道分隔線,無,車輛本身,撞電桿,駕駛者,未依規定減速,死亡0;受傷3,1,小客車(含客、貨兩用),自用,男,18,不明,未使用,車的狀態,迴轉或橫越道路中,汽車,前車頭,汽車,前車頭,駕駛者,未依規定減速,否,120.578295,23.968068
2025,11,20251102,030500,A2,彰化縣警察局,彰化縣員林市三愛里大同路二段與建國路,晴,有照明且開啟,市區道路,50,交岔路,多岔路,交叉路口,交叉路口內,柏油,乾燥,無缺陷,無障礙物,無遮蔽物,良好,閃光號誌,正常,雙向禁止超車線,無標記,車道線(無標記),未繪設快慢車道分隔線,無,車輛本身,撞電桿,駕駛者,未依規定減速,死亡0;受傷3,2,,,無或物(動物、堆置物),-1,,,,,,,,,無(非車輛駕駛人因素),尚未發現肇事因素,否,120.578295,23.968068
2025,11,20251102,030500,A2,彰化縣警察局,彰化縣員林市三愛里大同路二段與建國路,晴,有照明且開啟,市區道路,50,交岔路,多岔路,交叉路口,交叉路口內,柏油,乾燥,無缺陷,無障礙物,無遮蔽物,良好,閃光號誌,正常,雙向禁止超車線,無標記,車道線(無標記),未繪設快慢車道分隔線,無,車輛本身,撞電桿,駕駛者,未依規定減速,死亡0;受傷3,3,人,乘客,男,16,不明,非駕駛人,人的狀態,其他,其他,非汽、機及自行車,其他,非汽、機及自行車,無(非車輛駕駛人因素),尚未發現肇事因素,否,120.578295,23.968068
2025,11,20251102,030500,A2,彰化縣警察局,彰化縣員林市三愛里大同路二段與建國路,晴,有照明且開啟,市區道路,50,交岔路,多岔路,交叉路口,交叉路口內,柏油,乾燥,無缺陷,無障礙物,無遮蔽物,良好,閃光號誌,正常,雙向禁止超車線,無標記,車道線(無標記),未繪設快慢車道分隔線,無,車輛本身,撞電桿,駕駛者,未依規定減速,死亡0;受傷3,4,人,乘客,男,16,不明,非駕駛人,人的狀態,其他,其他,非汽、機及自行車,其他,非汽、機及自行車,無(非車輛駕駛人因素),尚未發現肇事因素,否,120.578295,23.968068
2025,11,20251102,032100,A2,新北市政府警察局,新北市樹林區樹新路205之1號前0.0公尺,雨,有照明且開啟,其他,50,單路部分,涵洞,路段,一般車道(未劃分快慢車道),柏油,濕潤,無缺陷,無障礙物,無遮蔽物,良好,行車管制號誌(附設行人專用號誌),正常,雙向禁止超車線,無標記,未繪設車道線,未繪設快慢車道分隔線,有,車輛本身,路上翻車、摔倒,其他,車輛或機械操作不當(慎),死亡0;受傷1,1,機車,普通重型,男,20,戴半罩式安全帽,未使用,車的狀態,向前直行中,機車與自行車,前車頭,,,其他,車輛或機械操作不當(慎),否,121.429688,24.997890
2025,11,20251102,032100,A2,新北市政府警察局,新北市樹林區樹新路205之1號前0.0公尺,雨,有照明且開啟,其他,50,單路部分,涵洞,路段,一般車道(未劃分快慢車道),柏油,濕潤,無缺陷,無障礙物,無遮蔽物,良好,行車管制號誌(附設行人專用號誌),正常,雙向禁止超車線,無標記,未繪設車道線,未繪設快慢車道分隔線,有,車輛本身,路上翻車、摔倒,其他,車輛或機械操作不當(慎),死亡0;受傷1,2,,,無或物(動物、堆置物),0,,,,,,,,,無(非車輛駕駛人因素),尚未發現肇事因素,否,121.429688,24.997890
2025,11,20251102,041053,A2,南投縣政府警察局,南投縣仁愛鄉台14線 74公里500.0公尺處,雨,無照明,省道,40,單路部分,彎曲路及附近,路段,一般車道(未劃分快慢車道),柏油,濕潤,無缺陷,無障礙物,無遮蔽物,良好,無號誌,無號誌,雙向禁止超車線,無標記,未繪設車道線,未繪設快慢車道分隔線,有,車輛本身,路上翻車、摔倒,其他,車輛或機械操作不當(慎),死亡0;受傷1,1,機車,普通重型,男,18,不明,不明,車的狀態,右轉彎,機車與自行車,前車頭,,,其他,車輛或機械操作不當(慎),否,121.110602,24.007305
2025,11,20251102,041053,A2,南投縣政府警察局,南投縣仁愛鄉台14線 74公里500.0公尺處,雨,無照明,省道,40,單路部分,彎曲路及附近,路段,一般車道(未劃分快慢車道),柏油,濕潤,無缺陷,無障礙物,無遮蔽物,良好,無號誌,無號誌,雙向禁止超車線,無標記,未繪設車道線,未繪設快慢車道分隔線,有,車輛本身,路上翻車、摔倒,其他,車輛或機械操作不當(慎),死亡0;受傷1,2,,,無或物(動物、堆置物),-1,,,,,,,,,無(非車輛駕駛人因素),尚未發現肇事因素,否,121.110602,24.007305
2025,11,20251102,042204,A2,屏東縣政府警察局,屏東縣新園鄉南龍路口 / 屏東縣新園鄉台17線路口,晴,有照明且開啟,市區道路,60,交岔路,四岔路,交叉路口,交叉口附近,柏油,乾燥,無缺陷,無障礙物,無遮蔽物,良好,行車管制號誌,正常,中央分向島,寬式(50公分以上),禁止變換車道線(無標記),快慢車道分隔線,有,車輛本身,路上翻車、摔倒,駕駛者,酒醉(後)駕駛,死亡0;受傷1,1,機車,普通重型,男,35,不明,不明,車的狀態,向前直行中,機車與自行車,左側車身,,,駕駛者,酒醉(後)駕駛,否,120.455879,22.483809
2025,11,20251102,042204,A2,屏東縣政府警察局,屏東縣新園鄉南龍路口 / 屏東縣新園鄉台17線路口,晴,有照明且開啟,市區道路,60,交岔路,四岔路,交叉路口,交叉口附近,柏油,乾燥,無缺陷,無障礙物,無遮蔽物,良好,行車管制號誌,正常,中央分向島,寬式(50公分以上),禁止變換車道線(無標記),快慢車道分隔線,有,車輛本身,路上翻車、摔倒,駕駛者,酒醉(後)駕駛,死亡0;受傷1,2,,,無或物(動物、堆置物),-1,,,,,,,,,無(非車輛駕駛人因素),尚未發現肇事因素,否,120.455879,22.483809
2025,11,20251102,051500,A2,臺中市政府警察局,臺中市東區旱溪里十甲路 / 臺中市東區旱溪里旱溪五街,晴,有照明且開啟,市區道路,50,交岔路,四岔路,交叉路口,交叉路口內,柏油,乾燥,無缺陷,無障礙物,無遮蔽物,良好,無號誌,無號誌,無,無分向設施,未繪設車道線,未繪設快慢車道分隔線,無,人與車,穿越道路中,其他,其他不當駕車行為,死亡0;受傷2,1,機車,普通重型,男,24,不明,不明,車的狀態,向前直行中,機車與自行車,前車頭,,,其他,其他不當駕車行為,否,120.698054,24.144682
2025,11,20251102,051500,A2,臺中市政府警察局,臺中市東區旱溪里十甲路 / 臺中市東區旱溪里旱溪五街,晴,有照明且開啟,市區道路,50,交岔路,四岔路,交叉路口,交叉路口內,柏油,乾燥,無缺陷,無障礙物,無遮蔽物,良好,無號誌,無號誌,無,無分向設施,未繪設車道線,未繪設快慢車道分隔線,無,人與車,穿越道路中,其他,其他不當駕車行為,死亡0;受傷2,2,人,行人,女,84,其他(無需使用保護裝備之人),非駕駛人,人的狀態,步行,其他,非汽、機及自行車,,,非駕駛者,未依標誌或標線穿越道路,否,120.698054,24.144682
2025,11,20251102,055100,A2,臺中市政府警察局,臺中市大里區金城里中興路一段298-1號前0.0公尺,陰,無照明,市區道路,50,單路部分,直路,路段,一般車道(未劃分快慢車道),柏油,乾燥,無缺陷,無障礙物,無遮蔽物,良好,無號誌,無號誌,中央分向島,寬式(50公分以上),車道線(無標記),快慢車道分隔線,有,車輛本身,其他,無(非車輛駕駛人因素),尚未發現肇事因素,死亡0;受傷1,1,,,無或物(動物、堆置物),0,,,,,,,,,無(非車輛駕駛人因素),尚未發現肇事因素,否,120.695248,24.088916
2025,11,20251102,055100,A2,臺中市政府警察局,臺中市大里區金城里中興路一段298-1號前0.0公尺,陰,無照明,市區道路,50,單路部分,直路,路段,一般車道(未劃分快慢車道),柏油,乾燥,無缺陷,無障礙物,無遮蔽物,良好,無號誌,無號誌,中央分向島,寬式(50公分以上),車道線(無標記),快慢車道分隔線,有,車輛本身,其他,無(非車輛駕駛人因素),尚未發現肇事因素,死亡0;受傷1,2,機車,普通重型,男,32,戴非半罩式安全帽,未使用,車的狀態,向前直行中,機車與自行車,左側車身,,,無(車輛駕駛者因素),尚未發現肇事因素,否,120.695248,24.088916
2025,11,20251102,055200,A2,新北市政府警察局,新北市新莊區五工路 / 新北市新莊區福慧路,雨,有照明且開啟,市區道路,50,交岔路,四岔路,交叉路口,交叉路口內,柏油,濕潤,無缺陷,無障礙物,無遮蔽物,良好,行車管制號誌(附設行人專用號誌),正常,雙向禁止超車線,無標記,車道線(無標記),未繪設快慢車道分隔線,有,車與車,倒車撞,駕駛者,倒車未依規定,死亡0;受傷1,1,小客車(含客、貨兩用),自用,女,44,繫安全帶(使用幼童安全椅),未使用,車的狀態,倒車,汽車,後車尾,,,駕駛者,倒車未依規定,否,121.459179,25.062410
2025,11,20251102,055200,A2,新北市政府警察局,新北市新莊區五工路 / 新北市新莊區福慧路,雨,有照明且開啟,市區道路,50,交岔路,四岔路,交叉路口,交叉路口內,柏油,濕潤,無缺陷,無障礙物,無遮蔽物,良好,行車管制號誌(附設行人專用號誌),正常,雙向禁止超車線,無標記,車道線(無標記),未繪設快慢車道分隔線,有,車與車,倒車撞,駕駛者,倒車未依規定,死亡0;受傷1,2,機車,普通重型,女,47,戴半罩式安全帽,未使用,車的狀態,等待(引擎未熄火),機車與自行車,右側車身,,,無(車輛駕駛者因素),尚未發現肇事因素,否,121.459179,25.062410