發生年度,發生月份,發生日期,發生時間,事故類別名稱,處理單位名稱警局層,發生地點,天候名稱,光線名稱,道路類別-第1當事者-名稱,速限-第1當事者,道路型態大類別名稱,道路型態子類別名稱,事故位置大類別名稱,事故位置子類別名稱,路面狀況-路面鋪裝名稱,路面狀況-路面狀態名稱,路面狀況-路面缺陷名稱,道路障礙-障礙物名稱,道路障礙-視距品質名稱,道路障礙-視距名稱,號誌-號誌種類名稱,號誌-號誌動作名稱,車道劃分設施-分向設施大類別名稱,車道劃分設施-分向設施子類別名稱,車道劃分設施-分道設施-快車道或一般車道間名稱,車道劃分設施-分道設施-快慢車道間名稱,車道劃分設施-分道設施-路面邊線名稱,事故類型及型態大類別名稱,事故類型及型態子類別名稱,肇因研判大類別名稱-主要,肇因研判子類別名稱-主要,死亡受傷人數,當事者順位,當事者區分-類別-大類別名稱-車種,當事者區分-類別-子類別名稱-車種,當事者屬-性-別名稱,當事者事故發生時年齡,保護裝備名稱,行動電話或電腦或其他相類功能裝置名稱,當事者行動狀態大類別名稱,當事者行動狀態子類別名稱,車輛撞擊部位大類別名稱-最初,車輛撞擊部位子類別名稱-最初,車輛撞擊部位大類別名稱-其他,車輛撞擊部位子類別名稱-其他,肇因研判大類別名稱-個別,肇因研判子類別名稱-個別,肇事逃逸類別名稱-是否肇逃,經度,緯度
2025,11,20251102,055800,A2,新北市政府警察局,新北市八里區中華路2段 / 新北市八里區中華路2段,雨,有照明且開啟,市區道路,50,交岔路,三岔路,交叉路口,交叉路口內,柏油,濕潤,無缺陷,無障礙物,無遮蔽物,良好,行車管制號誌,正常,中央分向島,寬式(50公分以上),車道線(無標記),未繪設快慢車道分隔線,有,車與車,其他,駕駛者,闖紅燈直行,死亡0;受傷1,1,機車,普通重型,男,38,戴半罩式安全帽,未使用,車的狀態,向前直行中,機車與自行車,前車頭,,,駕駛者,闖紅燈直行,否,121.481093,25.010173
2025,11,20251102,055800,A2,新北市政府警察局,新北市八里區中華路2段 / 新北市八里區中華路2段,雨,有照明且開啟,市區道路,50,交岔路,三岔路,交叉路口,交叉路口內,柏油,濕潤,無缺陷,無障礙物,無遮蔽物,良好,行車管制號誌,正常,中央分向島,寬式(50公分以上),車道線(無標記),未繪設快慢車道分隔線,有,車與車,其他,駕駛者,闖紅燈直行,死亡0;受傷1,2,小客車(含客、貨兩用),自用,男,59,繫安全帶(使用幼童安全椅),未使用,車的狀態,左轉彎,汽車,左側車身,,,無(車輛駕駛者因素),尚未發現肇事因素,否,121.481093,25.010173
2025,11,20251102,060800,A2,高雄市政府警察局,高雄市鼓山區博愛二路 / 高雄市鼓山區大順一路,晴,有照明未開啟或故障,市區道路,50,交岔路,四岔路,交叉路口,交叉路口內,柏油,乾燥,無缺陷,無障礙物,無遮蔽物,良好,行車管制號誌,正常,中央分向島,寬式(50公分以上),車道線(無標記),未繪設快慢車道分隔線,無,車與車,同向擦撞,駕駛者,未保持行車安全間隔,死亡0;受傷2,1,機車,普通重型,男,30,戴非半罩式安全帽,未使用,車的狀態,向前直行中,機車與自行車,右側車身,,,駕駛者,未保持行車安全間隔,否,120.303357,22.656197
2025,11,20251102,060800,A2,高雄市政府警察局,高雄市鼓山區博愛二路 / 高雄市鼓山區大順一路,晴,有照明未開啟或故障,市區道路,50,交岔路,四岔路,交叉路口,交叉路口內,柏油,乾燥,無缺陷,無障礙物,無遮蔽物,良好,行車管制號誌,正常,中央分向島,寬式(50公分以上),車道線(無標記),未繪設快慢車道分隔線,無,車與車,同向擦撞,駕駛者,未保持行車安全間隔,死亡0;受傷2,2,機車,普通重型,男,44,戴非半罩式安全帽,未使用,車的狀態,向前直行中,機車與自行車,左側車身,,,駕駛者,未保持行車安全間隔,否,120.303357,22.656197
2025,11,20251102,063200,A2,新北市政府警察局,新北市中和區景新街 / 新北市中和區景新街,雨,有照明未開啟或故障,市區道路,50,交岔路,三岔路,交叉路口,交叉路口內,柏油,濕潤,無缺陷,無障礙物,無遮蔽物,良好,無號誌,無號誌,雙向禁止超車線,無標記,未繪設車道線,未繪設快慢車道分隔線,有,車與車,其他,駕駛者,迴轉未依規定,死亡0;受傷1,1,小客車(含客、貨兩用),計程車,男,47,不明,不明,車的狀態,迴轉或橫越道路中,汽車,左側車身,,,駕駛者,迴轉未依規定,否,121.511856,24.999527
2025,11,20251102,063200,A2,新北市政府警察局,新北市中和區景新街 / 新北市中和區景新街,雨,有照明未開啟或故障,市區道路,50,交岔路,三岔路,交叉路口,交叉路口內,柏油,濕潤,無缺陷,無障礙物,無遮蔽物,良好,無號誌,無號誌,雙向禁止超車線,無標記,未繪設車道線,未繪設快慢車道分隔線,有,車與車,其他,駕駛者,迴轉未依規定,死亡0;受傷1,2,機車,普通重型,男,44,不明,不明,車的狀態,向前直行中,機車與自行車,前車頭,,,無(車輛駕駛者因素),尚未發現肇事因素,否,121.511856,24.999527
2025,11,20251102,063200,A2,臺中市政府警察局,臺中市西區民龍里文化街136號前0.0公尺,晴,有照明未開啟或故障,市區道路,50,單路部分,直路,路段,一般車道(未劃分快慢車道),柏油,乾燥,無缺陷,無障礙物,無遮蔽物,良好,無號誌,無號誌,雙向禁止超車線,無標記,未繪設車道線,未繪設快慢車道分隔線,無,車與車,其他,駕駛者,起步時未注意安全,死亡0;受傷1,1,機車,普通重型,男,41,戴半罩式安全帽,未使用,車的狀態,起步,機車與自行車,左側車身,,,駕駛者,起步時未注意安全,否,120.672670,24.152307
2025,11,20251102,063200,A2,臺中市政府警察局,臺中市西區民龍里文化街136號前0.0公尺,晴,有照明未開啟或故障,市區道路,50,單路部分,直路,路段,一般車道(未劃分快慢車道),柏油,乾燥,無缺陷,無障礙物,無遮蔽物,良好,無號誌,無號誌,雙向禁止超車線,無標記,未繪設車道線,未繪設快慢車道分隔線,無,車與車,其他,駕駛者,起步時未注意安全,死亡0;受傷1,2,小客車(含客、貨兩用),計程車,男,31,繫安全帶(使用幼童安全椅),未使用,車的狀態,靜止(引擎熄火),汽車,左前車頭(身),,,無(車輛駕駛者因素),尚未發現肇事因素,否,120.672670,24.152307
2025,11,20251102,063600,A2,臺中市政府警察局,臺中市豐原區鎌村里祥和東路 / 臺中市豐原區鎌村里鎌村路,晴,有照明未開啟或故障,市區道路,50,交岔路,四岔路,交叉路口,交叉路口內,柏油,乾燥,無缺陷,無障礙物,無遮蔽物,良好,行車管制號誌,正常,無,無分向設施,未繪設車道線,未繪設快慢車道分隔線,無,車與車,其他,駕駛者,闖紅燈直行,死亡0;受傷1,1,小貨車,自用,男,38,繫安全帶(使用幼童安全椅),未使用,車的狀態,向前直行中,汽車,右側車身,,,駕駛者,闖紅燈直行,否,120.724223,24.230496
2025,11,20251102,063600,A2,臺中市政府警察局,臺中市豐原區鎌村里祥和東路 / 臺中市豐原區鎌村里鎌村路,晴,有照明未開啟或故障,市區道路,50,交岔路,四岔路,交叉路口,交叉路口內,柏油,乾燥,無缺陷,無障礙物,無遮蔽物,良好,行車管制號誌,正常,無,無分向設施,未繪設車道線,未繪設快慢車道分隔線,無,車與車,其他,駕駛者,闖紅燈直行,死亡0;受傷1,2,機車,普通輕型,女,48,戴非半罩式安全帽,未使用,車的狀態,向前直行中,機車與自行車,前車頭,,,無(車輛駕駛者因素),尚未發現肇事因素,否,120.724223,24.230496
2025,11,20251102,063800,A2,高雄市政府警察局,高雄市前鎮區二聖一路 / 高雄市前鎮區光華二路,晴,無照明,市區道路,50,交岔路,四岔路,交叉路口,交叉路口內,柏油,乾燥,無缺陷,無障礙物,無遮蔽物,良好,行車管制號誌,正常,無,無分向設施,未繪設車道線,未繪設快慢車道分隔線,無,車與車,側撞,駕駛者,起步時未注意安全,死亡0;受傷1,1,小客車(含客、貨兩用),自用,男,87,繫安全帶(使用幼童安全椅),未使用,車的狀態,起步,汽車,左前車頭(身),,,駕駛者,起步時未注意安全,否,120.317867,22.612736
2025,11,20251102,063800,A2,高雄市政府警察局,高雄市前鎮區二聖一路 / 高雄市前鎮區光華二路,晴,無照明,市區道路,50,交岔路,四岔路,交叉路口,交叉路口內,柏油,乾燥,無缺陷,無障礙物,無遮蔽物,良好,行車管制號誌,正常,無,無分向設施,未繪設車道線,未繪設快慢車道分隔線,無,車與車,側撞,駕駛者,起步時未注意安全,死亡0;受傷1,2,機車,普通重型,女,63,戴半罩式安全帽,未使用,車的狀態,向前直行中,機車與自行車,右側車身,,,無(車輛駕駛者因素),尚未發現肇事因素,否,120.317867,22.612736
2025,11,20251102,064700,A2,高雄市政府警察局,高雄市路竹區新生路82之1號前0.0公尺,晴,有照明未開啟或故障,市區道路,30,單路部分,直路,路段,一般車道(未劃分快慢車道),柏油,乾燥,無缺陷,無障礙物,無遮蔽物,良好,無號誌,無號誌,無,無分向設施,未繪設車道線,未繪設快慢車道分隔線,無,人與車,其他,其他,其他不當駕車行為,死亡0;受傷1,1,機車,普通重型,女,29,戴非半罩式安全帽,未使用,車的狀態,向前直行中,機車與自行車,前車頭,,,其他,其他不當駕車行為,否,120.291500,22.871320
2025,11,20251102,064700,A2,高雄市政府警察局,高雄市路竹區新生路82之1號前0.0公尺,晴,有照明未開啟或故障,市區道路,30,單路部分,直路,路段,一般車道(未劃分快慢車道),柏油,乾燥,無缺陷,無障礙物,無遮蔽物,良好,無號誌,無號誌,無,無分向設施,未繪設車道線,未繪設快慢車道分隔線,無,人與車,其他,其他,其他不當駕車行為,死亡0;受傷1,2,人,其他人,女,62,其他(無需使用保護裝備之人),非駕駛人,人的狀態,其他,其他,非汽、機及自行車,,,無(非車輛駕駛人因素),尚未發現肇事因素,否,120.291500,22.871320
2025,11,20251102,064700,A2,高雄市政府警察局,高雄市路竹區新生路82之1號前0.0公尺,晴,有照明未開啟或故障,市區道路,30,單路部分,直路,路段,一般車道(未劃分快慢車道),柏油,乾燥,無缺陷,無障礙物,無遮蔽物,良好,無號誌,無號誌,無,無分向設施,未繪設車道線,未繪設快慢車道分隔線,無,人與車,其他,其他,其他不當駕車行為,死亡0;受傷1,3,機車,普通重型,女,59,不明,不明,車的狀態,靜止(引擎熄火),機車與自行車,左側車身,,,無(車輛駕駛者因素),尚未發現肇事因素,否,120.291500,22.871320
2025,11,20251102,070700,A2,嘉義市政府警察局,嘉義市東區蘭潭里大雅路2段 / 嘉義市東區蘭潭里小雅路,晴,有照明未開啟或故障,市區道路,50,交岔路,三岔路,交叉路口,交叉路口內,柏油,乾燥,無缺陷,無障礙物,無遮蔽物,良好,行車管制號誌,正常,無,無分向設施,未繪設車道線,未繪設快慢車道分隔線,無,車與車,追撞,駕駛者,起步時未注意安全,死亡0;受傷1,1,機車,普通重型,男,62,戴非半罩式安全帽,未使用,車的狀態,起步,機車與自行車,前車頭,,,駕駛者,起步時未注意安全,否,120.468002,23.477371
2025,11,20251102,070700,A2,嘉義市政府警察局,嘉義市東區蘭潭里大雅路2段 / 嘉義市東區蘭潭里小雅路,晴,有照明未開啟或故障,市區道路,50,交岔路,三岔路,交叉路口,交叉路口內,柏油,乾燥,無缺陷,無障礙物,無遮蔽物,良好,行車管制號誌,正常,無,無分向設施,未繪設車道線,未繪設快慢車道分隔線,無,車與車,追撞,駕駛者,起步時未注意安全,死亡0;受傷1,2,慢車,腳踏自行車,男,80,未戴安全帽或未繫安全帶(未使用幼童安全椅),未使用,車的狀態,起步,機車與自行車,後車尾,,,駕駛者,起步時未注意安全,否,120.468002,23.477371
2025,11,20251102,070700,A2,臺中市政府警察局,臺中市霧峰區吉峰里中正路1236號前0.0公尺,晴,有照明未開啟或故障,市區道路,50,交岔路,三岔路,交叉路口,交叉路口內,柏油,乾燥,無缺陷,無障礙物,無遮蔽物,良好,行車管制號誌,正常,無,無分向設施,未繪設車道線,未繪設快慢車道分隔線,無,車與車,側撞,駕駛者,違反其他號誌,死亡0;受傷1,1,機車,普通重型,男,22,戴半罩式安全帽,未使用,車的狀態,左轉彎,機車與自行車,左側車身,,,駕駛者,違反其他號誌,否,120.700170,24.074990
2025,11,20251102,070700,A2,臺中市政府警察局,臺中市霧峰區吉峰里中正路1236號前0.0公尺,晴,有照明未開啟或故障,市區道路,50,交岔路,三岔路,交叉路口,交叉路口內,柏油,乾燥,無缺陷,無障礙物,無遮蔽物,良好,行車管制號誌,正常,無,無分向設施,未繪設車道線,未繪設快慢車道分隔線,無,車與車,側撞,駕駛者,違反其他號誌,死亡0;受傷1,2,小客車(含客、貨兩用),自用,男,51,繫安全帶(使用幼童安全椅),未使用,車的狀態,向前直行中,汽車,右側車身,,,無(車輛駕駛者因素),尚未發現肇事因素,否,120.700170,24.074990
2025,11,20251102,070800,A2,臺中市政府警察局,臺中市太平區東平里東平路 / 臺中市太平區東平里東村路,晴,有照明未開啟或故障,市區道路,50,交岔路,四岔路,交叉路口,交叉路口內,柏油,乾燥,無缺陷,無障礙物,無遮蔽物,良好,行車管制號誌,正常,雙向禁止超車線,無標記,車道線(無標記),未繪設快慢車道分隔線,有,車與車,追撞,駕駛者,未保持行車安全距離,死亡0;受傷2,1,小客車(含客、貨兩用),自用,男,30,繫安全帶(使用幼童安全椅),未使用,車的狀態,向前直行中,汽車,右前車頭(身),,,駕駛者,未保持行車安全距離,否,120.723841,24.133971
2025,11,20251102,070800,A2,臺中市政府警察局,臺中市太平區東平里東平路 / 臺中市太平區東平里東村路,晴,有照明未開啟或故障,市區道路,50,交岔路,四岔路,交叉路口,交叉路口內,柏油,乾燥,無缺陷,無障礙物,無遮蔽物,良好,行車管制號誌,正常,雙向禁止超車線,無標記,車道線(無標記),未繪設快慢車道分隔線,有,車與車,追撞,駕駛者,未保持行車安全距離,死亡0;受傷2,2,機車,普通重型,女,46,戴非半罩式安全帽,未使用,車的狀態,向前直行中,機車與自行車,後車尾,,,無(車輛駕駛者因素),尚未發現肇事因素,否,120.723841,24.133971
2025,11,20251102,070800,A2,臺中市政府警察局,臺中市太平區東平里東平路 / 臺中市太平區東平里東村路,晴,有照明未開啟或故障,市區道路,50,交岔路,四岔路,交叉路口,交叉路口內,柏油,乾燥,無缺陷,無障礙物,無遮蔽物,良好,行車管制號誌,正常,雙向禁止超車線,無標記,車道線(無標記),未繪設快慢車道分隔線,有,車與車,追撞,駕駛者,未保持行車安全距離,死亡0;受傷2,3,人,乘客,女,46,戴非半罩式安全帽,非駕駛人,人的狀態,其他,其他,非汽、機及自行車,,,無(非車輛駕駛人因素),尚未發現肇事因素,否,120.723841,24.133971
2025,11,20251102,070800,A2,高雄市政府警察局,高雄市仁武區鳳仁路294號前0.0公尺,晴,有照明未開啟或故障,市區道路,40,單路部分,直路,路段,慢車道,柏油,乾燥,突出(高低)不平,無障礙物,無遮蔽物,良好,無號誌,無號誌,中央分向島,寬式(50公分以上),車道線(無標記),寬式快慢車道分隔島(50公分以上),有,車輛本身,路上翻車、摔倒,無(車輛駕駛者因素),尚未發現肇事因素,死亡0;受傷1,1,機車,普通重型,女,25,戴非半罩式安全帽,未使用,車的狀態,向前直行中,機車與自行車,左側車身,,,無(車輛駕駛者因素),尚未發現肇事因素,否,120.341420,22.707630
2025,11,20251102,070800,A2,高雄市政府警察局,高雄市仁武區鳳仁路294號前0.0公尺,晴,有照明未開啟或故障,市區道路,40,單路部分,直路,路段,慢車道,柏油,乾燥,突出(高低)不平,無障礙物,無遮蔽物,良好,無號誌,無號誌,中央分向島,寬式(50公分以上),車道線(無標記),寬式快慢車道分隔島(50公分以上),有,車輛本身,路上翻車、摔倒,無(車輛駕駛者因素),尚未發現肇事因素,死亡0;受傷1,2,,,無或物(動物、堆置物),114,,,,,,,,,無(非車輛駕駛人因素),尚未發現肇事因素,否,120.341420,22.707630
2025,11,20251102,071200,A2,南投縣政府警察局,南投縣中寮鄉永平路489-32號前,晴,有照明未開啟或故障,縣道,50,交岔路,三岔路,交叉路口,交叉路口內,柏油,乾燥,無缺陷,無障礙物,無遮蔽物,良好,行車管制號誌,正常,無,無分向設施,未繪設車道線,未繪設快慢車道分隔線,有,車與車,其他,駕駛者,闖紅燈直行,死亡0;受傷1,1,機車,普通重型,男,67,戴半罩式安全帽,未使用,車的狀態,向前直行中,機車與自行車,前車頭,,,駕駛者,闖紅燈直行,否,120.721394,23.892835
2025,11,20251102,071200,A2,南投縣政府警察局,南投縣中寮鄉永平路489-32號前,晴,有照明未開啟或故障,縣道,50,交岔路,三岔路,交叉路口,交叉路口內,柏油,乾燥,無缺陷,無障礙物,無遮蔽物,良好,行車管制號誌,正常,無,無分向設施,未繪設車道線,未繪設快慢車道分隔線,有,車與車,其他,駕駛者,闖紅燈直行,死亡0;受傷1,2,小客車(含客、貨兩用),自用,男,49,繫安全帶(使用幼童安全椅),未使用,車的狀態,左轉彎,汽車,前車頭,,,無(車輛駕駛者因素),尚未發現肇事因素,否,120.721394,23.892835
2025,11,20251102,071500,A2,彰化縣警察局,彰化縣線西鄉塭仔村10鄰彰濱東一路前0.0公尺,晴,無照明,村里道路,50,單路部分,直路,路段,一般車道(未劃分快慢車道),柏油,乾燥,無缺陷,無障礙物,無遮蔽物,良好,無號誌,無號誌,雙向禁止超車線,無標記,車道線(無標記),未繪設快慢車道分隔線,有,車輛本身,路上翻車、摔倒,無(物或動物),動物竄出,死亡0;受傷1,1,,,無或物(動物、堆置物),-1,,,,,,,,,無(物或動物),動物竄出,否,120.428082,24.128529
2025,11,20251102,071500,A2,彰化縣警察局,彰化縣線西鄉塭仔村10鄰彰濱東一路前0.0公尺,晴,無照明,村里道路,50,單路部分,直路,路段,一般車道(未劃分快慢車道),柏油,乾燥,無缺陷,無障礙物,無遮蔽物,良好,無號誌,無號誌,雙向禁止超車線,無標記,車道線(無標記),未繪設快慢車道分隔線,有,車輛本身,路上翻車、摔倒,無(物或動物),動物竄出,死亡0;受傷1,2,慢車,微型電動二輪車,男,41,戴半罩式安全帽,未使用,車的狀態,向前直行中,其他,無撞擊,,,駕駛者,閃避不當(慎),否,120.428082,24.128529
2025,11,20251102,071900,A2,新北市政府警察局,新北市板橋區文化路1段23號前0.0公尺,雨,有照明未開啟或故障,市區道路,50,單路部分,直路,路段,一般車道(未劃分快慢車道),柏油,濕潤,無缺陷,無障礙物,無遮蔽物,良好,行車管制號誌,正常,行車分向線,無標記,車道線(無標記),未繪設快慢車道分隔線,有,車與車,追撞,駕駛者,未保持行車安全距離,死亡0;受傷1,1,小客車(含客、貨兩用),自用,男,36,繫安全帶(使用幼童安全椅),未使用,車的狀態,向前直行中,汽車,前車頭,,,駕駛者,未保持行車安全距離,否,121.481479,25.008831
2025,11,20251102,071900,A2,新北市政府警察局,新北市板橋區文化路1段23號前0.0公尺,雨,有照明未開啟或故障,市區道路,50,單路部分,直路,路段,一般車道(未劃分快慢車道),柏油,濕潤,無缺陷,無障礙物,無遮蔽物,良好,行車管制號誌,正常,行車分向線,無標記,車道線(無標記),未繪設快慢車道分隔線,有,車與車,追撞,駕駛者,未保持行車安全距離,死亡0;受傷1,2,機車,普通重型,男,62,戴非半罩式安全帽,未使用,車的狀態,向前直行中,機車與自行車,後車尾,,,無(車輛駕駛者因素),尚未發現肇事因素,否,121.481479,25.008831
2025,11,20251102,071900,A2,新北市政府警察局,新北市板橋區文化路1段23號前0.0公尺,雨,有照明未開啟或故障,市區道路,50,單路部分,直路,路段,一般車道(未劃分快慢車道),柏油,濕潤,無缺陷,無障礙物,無遮蔽物,良好,行車管制號誌,正常,行車分向線,無標記,車道線(無標記),未繪設快慢車道分隔線,有,車與車,追撞,駕駛者,未保持行車安全距離,死亡0;受傷1,3,小客車(含客、貨兩用),租賃車,男,44,繫安全帶(使用幼童安全椅),未使用,車的狀態,向前直行中,汽車,後車尾,,,無(車輛駕駛者因素),尚未發現肇事因素,否,121.481479,25.008831
2025,11,20251102,073200,A2,高雄市政府警察局,高雄市大樹區三和路132號前0.0公尺,晴,有照明未開啟或故障,鄉道,50,單路部分,直路,路段,一般車道(未劃分快慢車道),柏油,乾燥,無缺陷,其他障礙物,無遮蔽物,良好,無號誌,無號誌,行車分向線,附標記,未繪設車道線,未繪設快慢車道分隔線,有,車與車,對向擦撞,駕駛者,變換車道不當,死亡0;受傷1,1,小客車(含客、貨兩用),自用,女,49,繫安全帶(使用幼童安全椅),未使用,車的狀態,向左變換車道,汽車,左前車頭(身),,,駕駛者,變換車道不當,否,120.350088,22.706811
2025,11,20251102,073200,A2,高雄市政府警察局,高雄市大樹區三和路132號前0.0公尺,晴,有照明未開啟或故障,鄉道,50,單路部分,直路,路段,一般車道(未劃分快慢車道),柏油,乾燥,無缺陷,其他障礙物,無遮蔽物,良好,無號誌,無號誌,行車分向線,附標記,未繪設車道線,未繪設快慢車道分隔線,有,車與車,對向擦撞,駕駛者,變換車道不當,死亡0;受傷1,2,機車,普通重型,女,41,戴半罩式安全帽,未使用,車的狀態,向前直行中,機車與自行車,前車頭,,,無(車輛駕駛者因素),尚未發現肇事因素,否,120.350088,22.706811
2025,11,20251102,074700,A2,臺中市政府警察局,臺中市大里區金城里金德街16號前0.0公尺,晴,有照明未開啟或故障,市區道路,50,交岔路,四岔路,交叉路口,交叉路口內,柏油,乾燥,無缺陷,無障礙物,無遮蔽物,良好,無號誌,無號誌,無,無分向設施,未繪設車道線,未繪設快慢車道分隔線,無,車與車,其他,其他,其他不當駕車行為,死亡0;受傷1,1,機車,普通重型,男,50,不明,不明,車的狀態,向前直行中,機車與自行車,右側車身,,,其他,其他不當駕車行為,否,120.693801,24.091876
2025,11,20251102,074700,A2,臺中市政府警察局,臺中市大里區金城里金德街16號前0.0公尺,晴,有照明未開啟或故障,市區道路,50,交岔路,四岔路,交叉路口,交叉路口內,柏油,乾燥,無缺陷,無障礙物,無遮蔽物,良好,無號誌,無號誌,無,無分向設施,未繪設車道線,未繪設快慢車道分隔線,無,車與車,其他,其他,其他不當駕車行為,死亡0;受傷1,2,小客車(含客、貨兩用),自用,男,61,不明,不明,車的狀態,向前直行中,汽車,前車頭,,,其他,其他不當駕車行為,否,120.693801,24.091876
2025,11,20251102,075500,A2,新北市政府警察局,新北市板橋區環河西路5段前0.0公尺,雨,有照明未開啟或故障,市區道路,50,單路部分,直路,路段,一般車道(未劃分快慢車道),柏油,濕潤,無缺陷,無障礙物,無遮蔽物,良好,閃光號誌,正常,中央分向島,窄式無柵欄,車道線(無標記),未繪設快慢車道分隔線,有,車與車,追撞,駕駛者,未保持行車安全距離,死亡0;受傷1,1,小客車(含客、貨兩用),自用,男,61,繫安全帶(使用幼童安全椅),未使用,車的狀態,向前直行中,汽車,前車頭,,,駕駛者,未保持行車安全距離,否,121.455960,25.028859
2025,11,20251102,075500,A2,新北市政府警察局,新北市板橋區環河西路5段前0.0公尺,雨,有照明未開啟或故障,市區道路,50,單路部分,直路,路段,一般車道(未劃分快慢車道),柏油,濕潤,無缺陷,無障礙物,無遮蔽物,良好,閃光號誌,正常,中央分向島,窄式無柵欄,車道線(無標記),未繪設快慢車道分隔線,有,車與車,追撞,駕駛者,未保持行車安全距離,死亡0;受傷1,2,慢車,微型電動二輪車,女,52,戴非半罩式安全帽,未使用,車的狀態,其他,機車與自行車,後車尾,,,其他,其他不當駕車行為,否,121.455960,25.028859
2025,11,20251102,080000,A2,高雄市政府警察局,高雄市苓雅區廣州一街 / 高雄市苓雅區五權街,晴,有照明未開啟或故障,市區道路,50,交岔路,四岔路,交叉路口,交叉路口內,柏油,乾燥,無缺陷,無障礙物,無遮蔽物,良好,行車管制號誌,正常,雙向禁止超車線,附標記,未繪設車道線,未繪設快慢車道分隔線,無,車與車,追撞,駕駛者,未靠右行駛,死亡0;受傷2,1,機車,普通重型,男,51,戴半罩式安全帽,未使用,車的狀態,向前直行中,機車與自行車,後車尾,,,駕駛者,未靠右行駛,否,120.318603,22.620235
2025,11,20251102,080000,A2,高雄市政府警察局,高雄市苓雅區廣州一街 / 高雄市苓雅區五權街,晴,有照明未開啟或故障,市區道路,50,交岔路,四岔路,交叉路口,交叉路口內,柏油,乾燥,無缺陷,無障礙物,無遮蔽物,良好,行車管制號誌,正常,雙向禁止超車線,附標記,未繪設車道線,未繪設快慢車道分隔線,無,車與車,追撞,駕駛者,未靠右行駛,死亡0;受傷2,2,機車,普通重型,女,64,戴半罩式安全帽,未使用,車的狀態,向前直行中,其他,不明,,,其他,其他不當駕車行為,否,120.318603,22.620235
2025,11,20251102,080535,A2,連江縣警察局,連江縣南竿鄉介壽村聚英路下坡路段,晴,有照明未開啟或故障,市區道路,50,單路部分,彎曲路及附近,路段,一般車道(未劃分快慢車道),水泥,乾燥,無缺陷,其他障礙物,無遮蔽物,良好,無號誌,無號誌,雙向禁止超車線,無標記,未繪設車道線,未繪設快慢車道分隔線,有,車輛本身,路上翻車、摔倒,裝載,裝載貨物不穩妥,死亡0;受傷1,1,小貨車,自用,男,28,繫安全帶(使用幼童安全椅),未使用,車的狀態,右轉彎,其他,無撞擊,,,裝載,裝載貨物不穩妥,否,119.949902,26.156325
2025,11,20251102,080535,A2,連江縣警察局,連江縣南竿鄉介壽村聚英路下坡路段,晴,有照明未開啟或故障,市區道路,50,單路部分,彎曲路及附近,路段,一般車道(未劃分快慢車道),水泥,乾燥,無缺陷,其他障礙物,無遮蔽物,良好,無號誌,無號誌,雙向禁止超車線,無標記,未繪設車道線,未繪設快慢車道分隔線,有,車輛本身,路上翻車、摔倒,裝載,裝載貨物不穩妥,死亡0;受傷1,2,,,無或物(動物、堆置物),-1,,,,,,,,,無(物或動物),物品(件)滾(滑行)或飛(掉)落,否,119.949902,26.156325
2025,11,20251102,080535,A2,連江縣警察局,連江縣南竿鄉介壽村聚英路下坡路段,晴,有照明未開啟或故障,市區道路,50,單路部分,彎曲路及附近,路段,一般車道(未劃分快慢車道),水泥,乾燥,無缺陷,其他障礙物,無遮蔽物,良好,無號誌,無號誌,雙向禁止超車線,無標記,未繪設車道線,未繪設快慢車道分隔線,有,車輛本身,路上翻車、摔倒,裝載,裝載貨物不穩妥,死亡0;受傷1,3,機車,普通重型,男,36,戴非半罩式安全帽,未使用,車的狀態,左轉彎,機車與自行車,左側車身,,,無(車輛駕駛者因素),尚未發現肇事因素,否,119.949902,26.156325
2025,11,20251102,081200,A2,新竹市警察局,新竹市東區北大路99號,晴,有照明未開啟或故障,市區道路,50,單路部分,直路,路段,慢車道,柏油,乾燥,無缺陷,無障礙物,無遮蔽物,良好,行車管制號誌,正常,行車分向線,附標記,車道線(附標記),未繪設快慢車道分隔線,有,車與車,同向擦撞,駕駛者,起步時未注意安全,死亡0;受傷1,1,機車,普通重型,男,32,戴半罩式安全帽,未使用,車的狀態,起步,機車與自行車,左側車身,,,駕駛者,起步時未注意安全,否,120.969262,24.810399
2025,11,20251102,081200,A2,新竹市警察局,新竹市東區北大路99號,晴,有照明未開啟或故障,市區道路,50,單路部分,直路,路段,慢車道,柏油,乾燥,無缺陷,無障礙物,無遮蔽物,良好,行車管制號誌,正常,行車分向線,附標記,車道線(附標記),未繪設快慢車道分隔線,有,車與車,同向擦撞,駕駛者,起步時未注意安全,死亡0;受傷1,2,機車,普通重型,男,38,戴半罩式安全帽,未使用,車的狀態,向前直行中,機車與自行車,右側車身,,,其他,其他不當駕車行為,否,120.969262,24.810399