發生年度,發生月份,發生日期,發生時間,事故類別名稱,處理單位名稱警局層,發生地點,天候名稱,光線名稱,道路類別-第1當事者-名稱,速限-第1當事者,道路型態大類別名稱,道路型態子類別名稱,事故位置大類別名稱,事故位置子類別名稱,路面狀況-路面鋪裝名稱,路面狀況-路面狀態名稱,路面狀況-路面缺陷名稱,道路障礙-障礙物名稱,道路障礙-視距品質名稱,道路障礙-視距名稱,號誌-號誌種類名稱,號誌-號誌動作名稱,車道劃分設施-分向設施大類別名稱,車道劃分設施-分向設施子類別名稱,車道劃分設施-分道設施-快車道或一般車道間名稱,車道劃分設施-分道設施-快慢車道間名稱,車道劃分設施-分道設施-路面邊線名稱,事故類型及型態大類別名稱,事故類型及型態子類別名稱,肇因研判大類別名稱-主要,肇因研判子類別名稱-主要,死亡受傷人數,當事者順位,當事者區分-類別-大類別名稱-車種,當事者區分-類別-子類別名稱-車種,當事者屬-性-別名稱,當事者事故發生時年齡,保護裝備名稱,行動電話或電腦或其他相類功能裝置名稱,當事者行動狀態大類別名稱,當事者行動狀態子類別名稱,車輛撞擊部位大類別名稱-最初,車輛撞擊部位子類別名稱-最初,車輛撞擊部位大類別名稱-其他,車輛撞擊部位子類別名稱-其他,肇因研判大類別名稱-個別,肇因研判子類別名稱-個別,肇事逃逸類別名稱-是否肇逃,經度,緯度
2025,11,20251102,081200,A2,新竹市警察局,新竹市東區北大路99號,晴,有照明未開啟或故障,市區道路,50,單路部分,直路,路段,慢車道,柏油,乾燥,無缺陷,無障礙物,無遮蔽物,良好,行車管制號誌,正常,行車分向線,附標記,車道線(附標記),未繪設快慢車道分隔線,有,車與車,同向擦撞,駕駛者,起步時未注意安全,死亡0;受傷1,3,小客車(含客、貨兩用),自用,男,25,繫安全帶(使用幼童安全椅),未使用,車的狀態,靜止(引擎熄火),汽車,左側車身,汽車,左前車頭(身),其他,違規(臨時)停車,否,120.969262,24.810399
2025,11,20251102,081200,A2,臺北市政府警察局,臺北市信義區吳興街 / 臺北市信義區吳興街,雨,無照明,市區道路,30,交岔路,四岔路,交叉路口,交叉口附近,柏油,濕潤,無缺陷,無障礙物,無遮蔽物,良好,無號誌,無號誌,無,無分向設施,未繪設車道線,未繪設快慢車道分隔線,無,車與車,其他,無(車輛駕駛者因素),尚未發現肇事因素,死亡0;受傷2,1,慢車,腳踏自行車,男,30,其他(無需使用保護裝備之人),未使用,車的狀態,向前直行中,機車與自行車,前車頭,,,無(車輛駕駛者因素),尚未發現肇事因素,否,121.564083,25.026882
2025,11,20251102,081200,A2,臺北市政府警察局,臺北市信義區吳興街 / 臺北市信義區吳興街,雨,無照明,市區道路,30,交岔路,四岔路,交叉路口,交叉口附近,柏油,濕潤,無缺陷,無障礙物,無遮蔽物,良好,無號誌,無號誌,無,無分向設施,未繪設車道線,未繪設快慢車道分隔線,無,車與車,其他,無(車輛駕駛者因素),尚未發現肇事因素,死亡0;受傷2,2,慢車,微型電動二輪車,女,63,戴半罩式安全帽,未使用,車的狀態,向前直行中,機車與自行車,前車頭,,,無(車輛駕駛者因素),尚未發現肇事因素,否,121.564083,25.026882
2025,11,20251102,081500,A2,臺中市政府警察局,臺中市西屯區何仁里文心路三段109號前0.0公尺,晴,有照明未開啟或故障,市區道路,50,交岔路,三岔路,交叉路口,交叉口附近,柏油,乾燥,無缺陷,無障礙物,無遮蔽物,良好,行車管制號誌(附設行人專用號誌),正常,無,無分向設施,車道線(附標記),未繪設快慢車道分隔線,無,車與車,追撞,駕駛者,未保持行車安全距離,死亡0;受傷1,1,機車,普通重型,女,24,不明,不明,車的狀態,向前直行中,機車與自行車,前車頭,,,駕駛者,未保持行車安全距離,否,120.654004,24.168311
2025,11,20251102,081500,A2,臺中市政府警察局,臺中市西屯區何仁里文心路三段109號前0.0公尺,晴,有照明未開啟或故障,市區道路,50,交岔路,三岔路,交叉路口,交叉口附近,柏油,乾燥,無缺陷,無障礙物,無遮蔽物,良好,行車管制號誌(附設行人專用號誌),正常,無,無分向設施,車道線(附標記),未繪設快慢車道分隔線,無,車與車,追撞,駕駛者,未保持行車安全距離,死亡0;受傷1,2,機車,普通重型,女,44,不明,不明,車的狀態,等待(引擎未熄火),機車與自行車,後車尾,,,無(車輛駕駛者因素),尚未發現肇事因素,否,120.654004,24.168311
2025,11,20251102,081600,A2,高雄市政府警察局,高雄市左營區海平路 / 高雄市左營區海平路,晴,有照明未開啟或故障,市區道路,40,交岔路,三岔路,交叉路口,交叉路口內,柏油,乾燥,無缺陷,無障礙物,無遮蔽物,良好,無號誌,無號誌,無,無分向設施,未繪設車道線,未繪設快慢車道分隔線,無,車與車,其他,其他,其他不當駕車行為,死亡0;受傷1,1,機車,普通重型,女,41,戴半罩式安全帽,未使用,車的狀態,右轉彎,機車與自行車,前車頭,,,其他,其他不當駕車行為,否,120.288600,22.686490
2025,11,20251102,081600,A2,高雄市政府警察局,高雄市左營區海平路 / 高雄市左營區海平路,晴,有照明未開啟或故障,市區道路,40,交岔路,三岔路,交叉路口,交叉路口內,柏油,乾燥,無缺陷,無障礙物,無遮蔽物,良好,無號誌,無號誌,無,無分向設施,未繪設車道線,未繪設快慢車道分隔線,無,車與車,其他,其他,其他不當駕車行為,死亡0;受傷1,2,小貨車,自用,男,66,不明,不明,車的狀態,靜止(引擎熄火),汽車,後車尾,,,無(車輛駕駛者因素),尚未發現肇事因素,否,120.288600,22.686490
2025,11,20251102,082800,A2,新北市政府警察局,新北市板橋區富山街 / 新北市板橋區縣民大道,雨,有照明未開啟或故障,市區道路,50,交岔路,四岔路,交叉路口,交叉口附近,柏油,濕潤,無缺陷,無障礙物,無遮蔽物,良好,行車管制號誌,正常,中央分向島,寬式(50公分以上),車道線(無標記),快慢車道分隔線,有,車輛本身,路上翻車、摔倒,駕駛者,觀看其他事故、活動、道路環境或車外資訊分心駕駛,死亡0;受傷1,1,機車,普通重型,女,23,戴半罩式安全帽,未使用,車的狀態,向前直行中,其他,無撞擊,,,駕駛者,觀看其他事故、活動、道路環境或車外資訊分心駕駛,否,121.477236,25.022695
2025,11,20251102,082800,A2,新北市政府警察局,新北市板橋區富山街 / 新北市板橋區縣民大道,雨,有照明未開啟或故障,市區道路,50,交岔路,四岔路,交叉路口,交叉口附近,柏油,濕潤,無缺陷,無障礙物,無遮蔽物,良好,行車管制號誌,正常,中央分向島,寬式(50公分以上),車道線(無標記),快慢車道分隔線,有,車輛本身,路上翻車、摔倒,駕駛者,觀看其他事故、活動、道路環境或車外資訊分心駕駛,死亡0;受傷1,2,,,無或物(動物、堆置物),0,,,,,,,,,無(非車輛駕駛人因素),尚未發現肇事因素,否,121.477236,25.022695
2025,11,20251102,083100,A2,高雄市政府警察局,高雄市鳳山區油管路87巷中崙077號前0.0公尺,晴,有照明未開啟或故障,市區道路,30,單路部分,直路,路段,一般車道(未劃分快慢車道),柏油,乾燥,無缺陷,無障礙物,無遮蔽物,良好,無號誌,無號誌,無,無分向設施,未繪設車道線,未繪設快慢車道分隔線,無,車輛本身,路上翻車、摔倒,其他,相關跡證不足且無具體影像紀錄，當事人各執一詞，經分析後無法釐清肇事原因,死亡0;受傷1,1,機車,普通重型,女,72,不明,未使用,車的狀態,向前直行中,其他,不明,,,其他,相關跡證不足且無具體影像紀錄，當事人各執一詞，經分析後無法釐清肇事原因,否,120.349935,22.609811
2025,11,20251102,083100,A2,高雄市政府警察局,高雄市鳳山區油管路87巷中崙077號前0.0公尺,晴,有照明未開啟或故障,市區道路,30,單路部分,直路,路段,一般車道(未劃分快慢車道),柏油,乾燥,無缺陷,無障礙物,無遮蔽物,良好,無號誌,無號誌,無,無分向設施,未繪設車道線,未繪設快慢車道分隔線,無,車輛本身,路上翻車、摔倒,其他,相關跡證不足且無具體影像紀錄，當事人各執一詞，經分析後無法釐清肇事原因,死亡0;受傷1,2,,,無或物(動物、堆置物),114,,,,,,,,,無(非車輛駕駛人因素),尚未發現肇事因素,否,120.349935,22.609811
2025,11,20251102,083500,A2,高雄市政府警察局,高雄市仁武區八德南路 / 高雄市仁武區八德南路,晴,有照明未開啟或故障,市區道路,40,交岔路,四岔路,交叉路口,交叉路口內,柏油,乾燥,無缺陷,無障礙物,無遮蔽物,良好,無號誌,無號誌,無,無分向設施,未繪設車道線,未繪設快慢車道分隔線,有,車與車,追撞,駕駛者,右轉彎未依規定,死亡0;受傷1,1,小貨車,自用,男,33,繫安全帶(使用幼童安全椅),未使用,車的狀態,右轉彎,汽車,左後車尾(身),,,駕駛者,右轉彎未依規定,否,120.339208,22.685691
2025,11,20251102,083500,A2,高雄市政府警察局,高雄市仁武區八德南路 / 高雄市仁武區八德南路,晴,有照明未開啟或故障,市區道路,40,交岔路,四岔路,交叉路口,交叉路口內,柏油,乾燥,無缺陷,無障礙物,無遮蔽物,良好,無號誌,無號誌,無,無分向設施,未繪設車道線,未繪設快慢車道分隔線,有,車與車,追撞,駕駛者,右轉彎未依規定,死亡0;受傷1,2,機車,普通重型,男,39,戴非半罩式安全帽,未使用,車的狀態,向前直行中,機車與自行車,前車頭,,,駕駛者,未依規定減速,否,120.339208,22.685691
2025,11,20251102,083600,A2,臺中市政府警察局,臺中市南屯區春社里永春南路51號前0.0公尺,陰,有照明未開啟或故障,市區道路,50,交岔路,三岔路,交叉路口,交叉口附近,柏油,乾燥,無缺陷,無障礙物,無遮蔽物,良好,無號誌,無號誌,無,無分向設施,未繪設車道線,未繪設快慢車道分隔線,無,車與車,其他,駕駛者,無號誌路口，支線道未讓幹線道先行,死亡0;受傷3,1,機車,普通重型,女,39,戴半罩式安全帽,未使用,車的狀態,左轉彎,機車與自行車,前車頭,,,駕駛者,無號誌路口，支線道未讓幹線道先行,否,120.611822,24.138270
2025,11,20251102,083600,A2,臺中市政府警察局,臺中市南屯區春社里永春南路51號前0.0公尺,陰,有照明未開啟或故障,市區道路,50,交岔路,三岔路,交叉路口,交叉口附近,柏油,乾燥,無缺陷,無障礙物,無遮蔽物,良好,無號誌,無號誌,無,無分向設施,未繪設車道線,未繪設快慢車道分隔線,無,車與車,其他,駕駛者,無號誌路口，支線道未讓幹線道先行,死亡0;受傷3,2,機車,普通重型,男,25,戴半罩式安全帽,未使用,車的狀態,向前直行中,機車與自行車,右側車身,,,駕駛者,未依規定減速,否,120.611822,24.138270
2025,11,20251102,083600,A2,臺中市政府警察局,臺中市南屯區春社里永春南路51號前0.0公尺,陰,有照明未開啟或故障,市區道路,50,交岔路,三岔路,交叉路口,交叉口附近,柏油,乾燥,無缺陷,無障礙物,無遮蔽物,良好,無號誌,無號誌,無,無分向設施,未繪設車道線,未繪設快慢車道分隔線,無,車與車,其他,駕駛者,無號誌路口，支線道未讓幹線道先行,死亡0;受傷3,3,人,乘客,男,23,戴半罩式安全帽,非駕駛人,不明,不明,其他,無撞擊,,,無(非車輛駕駛人因素),尚未發現肇事因素,否,120.611822,24.138270
2025,11,20251102,083900,A2,高雄市政府警察局,高雄市燕巢區埤底巷金山230號前0.0公尺,晴,有照明未開啟或故障,市區道路,30,單路部分,彎曲路及附近,路段,一般車道(未劃分快慢車道),柏油,乾燥,無缺陷,無障礙物,無遮蔽物,良好,無號誌,無號誌,無,無分向設施,車道線(附標記),未繪設快慢車道分隔線,有,車與車,對向擦撞,駕駛者,未保持行車安全間隔,死亡0;受傷1,1,慢車,腳踏自行車,男,43,戴半罩式安全帽,未使用,車的狀態,急減速或急停止,機車與自行車,左側車身,,,駕駛者,未保持行車安全間隔,否,120.302689,22.757187
2025,11,20251102,083900,A2,高雄市政府警察局,高雄市燕巢區埤底巷金山230號前0.0公尺,晴,有照明未開啟或故障,市區道路,30,單路部分,彎曲路及附近,路段,一般車道(未劃分快慢車道),柏油,乾燥,無缺陷,無障礙物,無遮蔽物,良好,無號誌,無號誌,無,無分向設施,車道線(附標記),未繪設快慢車道分隔線,有,車與車,對向擦撞,駕駛者,未保持行車安全間隔,死亡0;受傷1,2,小客車(含客、貨兩用),自用,男,68,繫安全帶(使用幼童安全椅),未使用,車的狀態,等待(引擎未熄火),汽車,左側車身,,,無(車輛駕駛者因素),尚未發現肇事因素,否,120.302689,22.757187
2025,11,20251102,084300,A2,嘉義市政府警察局,嘉義市西區美源里杭州一街 / 嘉義市西區美源里仁愛路,晴,有照明未開啟或故障,市區道路,30,單路部分,直路,路段,一般車道(未劃分快慢車道),柏油,乾燥,無缺陷,無障礙物,無遮蔽物,良好,無號誌,無號誌,無,無分向設施,未繪設車道線,未繪設快慢車道分隔線,無,車與車,側撞,駕駛者,起步時未注意安全,死亡0;受傷1,1,小貨車,自用,男,53,繫安全帶(使用幼童安全椅),未使用,車的狀態,起步,其他,無撞擊,,,駕駛者,起步時未注意安全,否,120.443239,23.467689
2025,11,20251102,084300,A2,嘉義市政府警察局,嘉義市西區美源里杭州一街 / 嘉義市西區美源里仁愛路,晴,有照明未開啟或故障,市區道路,30,單路部分,直路,路段,一般車道(未劃分快慢車道),柏油,乾燥,無缺陷,無障礙物,無遮蔽物,良好,無號誌,無號誌,無,無分向設施,未繪設車道線,未繪設快慢車道分隔線,無,車與車,側撞,駕駛者,起步時未注意安全,死亡0;受傷1,2,機車,普通重型,女,22,戴半罩式安全帽,未使用,車的狀態,向前直行中,機車與自行車,左側車身,,,無(車輛駕駛者因素),尚未發現肇事因素,否,120.443239,23.467689
2025,11,20251102,084520,A2,屏東縣政府警察局,屏東縣南州鄉勝利路與光華路口,晴,無照明,村里道路,50,交岔路,三岔路,交叉路口,交叉路口內,柏油,乾燥,無缺陷,無障礙物,無遮蔽物,良好,無號誌,無號誌,雙向禁止超車線,無標記,未繪設車道線,未繪設快慢車道分隔線,有,車與車,側撞,駕駛者,其他未依規定讓車,死亡0;受傷1,1,小客車(含客、貨兩用),自用,男,68,繫安全帶(使用幼童安全椅),未使用,車的狀態,左轉彎,汽車,前車頭,,,駕駛者,其他未依規定讓車,否,120.512065,22.489758
2025,11,20251102,084520,A2,屏東縣政府警察局,屏東縣南州鄉勝利路與光華路口,晴,無照明,村里道路,50,交岔路,三岔路,交叉路口,交叉路口內,柏油,乾燥,無缺陷,無障礙物,無遮蔽物,良好,無號誌,無號誌,雙向禁止超車線,無標記,未繪設車道線,未繪設快慢車道分隔線,有,車與車,側撞,駕駛者,其他未依規定讓車,死亡0;受傷1,2,機車,普通重型,女,71,戴半罩式安全帽,未使用,車的狀態,插入行列,機車與自行車,右側車身,,,無(車輛駕駛者因素),尚未發現肇事因素,否,120.512065,22.489758
2025,11,20251102,084527,A2,南投縣政府警察局,南投縣竹山鎮投46-2山崇里06電桿,晴,有照明未開啟或故障,其他,50,單路部分,直路,路段,一般車道(未劃分快慢車道),柏油,乾燥,無缺陷,無障礙物,無遮蔽物,良好,行車管制號誌,正常,雙向禁止超車線,無標記,車道線(無標記),未繪設快慢車道分隔線,有,車與車,同向擦撞,駕駛者,右轉彎未依規定,死亡0;受傷1,1,小客車(含客、貨兩用),自用,男,38,不明,不明,車的狀態,右轉彎,汽車,右前車頭(身),,,駕駛者,右轉彎未依規定,否,120.707903,23.795569
2025,11,20251102,084527,A2,南投縣政府警察局,南投縣竹山鎮投46-2山崇里06電桿,晴,有照明未開啟或故障,其他,50,單路部分,直路,路段,一般車道(未劃分快慢車道),柏油,乾燥,無缺陷,無障礙物,無遮蔽物,良好,行車管制號誌,正常,雙向禁止超車線,無標記,車道線(無標記),未繪設快慢車道分隔線,有,車與車,同向擦撞,駕駛者,右轉彎未依規定,死亡0;受傷1,2,機車,普通重型,男,-1,不明,不明,車的狀態,向前直行中,機車與自行車,左側車身,,,駕駛者,未保持行車安全間隔,否,120.707903,23.795569
2025,11,20251102,084527,A2,南投縣政府警察局,南投縣竹山鎮投46-2山崇里06電桿,晴,有照明未開啟或故障,其他,50,單路部分,直路,路段,一般車道(未劃分快慢車道),柏油,乾燥,無缺陷,無障礙物,無遮蔽物,良好,行車管制號誌,正常,雙向禁止超車線,無標記,車道線(無標記),未繪設快慢車道分隔線,有,車與車,同向擦撞,駕駛者,右轉彎未依規定,死亡0;受傷1,3,人,乘客,女,-1,不明,非駕駛人,不明,不明,其他,無撞擊,,,無(非車輛駕駛人因素),尚未發現肇事因素,否,120.707903,23.795569
2025,11,20251102,084700,A2,高雄市政府警察局,高雄市苓雅區三多一路 / 高雄市苓雅區建軍路,晴,有照明且開啟,市區道路,50,交岔路,多岔路,交叉路口,機車待轉區,柏油,乾燥,無缺陷,無障礙物,無遮蔽物,良好,行車管制號誌,正常,雙向禁止超車線,無標記,車道線(無標記),快慢車道分隔線,無,車與車,路口交岔撞,駕駛者,闖紅燈直行,死亡0;受傷2,1,機車,普通重型,男,62,戴半罩式安全帽,未使用,車的狀態,向前直行中,機車與自行車,右側車身,,,駕駛者,闖紅燈直行,否,120.342245,22.624923
2025,11,20251102,084700,A2,高雄市政府警察局,高雄市苓雅區三多一路 / 高雄市苓雅區建軍路,晴,有照明且開啟,市區道路,50,交岔路,多岔路,交叉路口,機車待轉區,柏油,乾燥,無缺陷,無障礙物,無遮蔽物,良好,行車管制號誌,正常,雙向禁止超車線,無標記,車道線(無標記),快慢車道分隔線,無,車與車,路口交岔撞,駕駛者,闖紅燈直行,死亡0;受傷2,2,機車,普通重型,男,19,戴半罩式安全帽,未使用,車的狀態,起步,機車與自行車,前車頭,,,駕駛者,起步時未注意安全,否,120.342245,22.624923
2025,11,20251102,085000,A2,高雄市政府警察局,高雄市三民區澄清路 / 高雄市三民區褒揚街,晴,無照明,村里道路,40,交岔路,四岔路,交叉路口,交叉路口內,柏油,乾燥,無缺陷,無障礙物,無遮蔽物,良好,行車管制號誌,正常,中央分向島,窄式無柵欄,未繪設車道線,未繪設快慢車道分隔線,無,車與車,其他,駕駛者,未保持行車安全間隔,死亡0;受傷1,1,機車,普通輕型,女,46,戴非半罩式安全帽,未使用,車的狀態,右轉彎,其他,不明,,,駕駛者,未保持行車安全間隔,否,120.345481,22.640164
2025,11,20251102,085000,A2,高雄市政府警察局,高雄市三民區澄清路 / 高雄市三民區褒揚街,晴,無照明,村里道路,40,交岔路,四岔路,交叉路口,交叉路口內,柏油,乾燥,無缺陷,無障礙物,無遮蔽物,良好,行車管制號誌,正常,中央分向島,窄式無柵欄,未繪設車道線,未繪設快慢車道分隔線,無,車與車,其他,駕駛者,未保持行車安全間隔,死亡0;受傷1,2,機車,普通重型,男,63,戴非半罩式安全帽,未使用,車的狀態,向前直行中,其他,不明,,,駕駛者,未保持行車安全間隔,否,120.345481,22.640164
2025,11,20251102,090000,A2,屏東縣政府警察局,屏東縣車城鄉海灣路段,風,有照明未開啟或故障,縣道,40,單路部分,彎曲路及附近,路段,慢車道,柏油,乾燥,無缺陷,無障礙物,無遮蔽物,良好,無號誌,無號誌,雙向禁止超車線,附標記,未繪設車道線,快慢車道分隔線,有,車輛本身,路上翻車、摔倒,其他,車輛或機械操作不當(慎),死亡0;受傷1,1,慢車,腳踏自行車,女,39,其他(無需使用保護裝備之人),未使用,車的狀態,向前直行中,機車與自行車,前車頭,,,其他,車輛或機械操作不當(慎),否,120.715644,22.089296
2025,11,20251102,090000,A2,屏東縣政府警察局,屏東縣車城鄉海灣路段,風,有照明未開啟或故障,縣道,40,單路部分,彎曲路及附近,路段,慢車道,柏油,乾燥,無缺陷,無障礙物,無遮蔽物,良好,無號誌,無號誌,雙向禁止超車線,附標記,未繪設車道線,快慢車道分隔線,有,車輛本身,路上翻車、摔倒,其他,車輛或機械操作不當(慎),死亡0;受傷1,2,,,無或物(動物、堆置物),-1,,,,,,,,,無(物或動物),強風、暴雨、濃霧(煙),否,120.715644,22.089296
2025,11,20251102,091000,A2,新北市政府警察局,新北市三重區自強路3段30號前0.0公尺,晴,有照明未開啟或故障,市區道路,50,單路部分,直路,路段,一般車道(未劃分快慢車道),柏油,乾燥,無缺陷,無障礙物,無遮蔽物,良好,無號誌,無號誌,雙向禁止超車線,無標記,車道線(無標記),未繪設快慢車道分隔線,有,車與車,其他,駕駛者,未保持行車安全間隔,死亡0;受傷1,1,小客車(含客、貨兩用),自用,男,72,繫安全帶(使用幼童安全椅),未使用,車的狀態,超車(含超越),汽車,左側車身,,,駕駛者,未保持行車安全間隔,否,121.486832,25.073073
2025,11,20251102,091000,A2,新北市政府警察局,新北市三重區自強路3段30號前0.0公尺,晴,有照明未開啟或故障,市區道路,50,單路部分,直路,路段,一般車道(未劃分快慢車道),柏油,乾燥,無缺陷,無障礙物,無遮蔽物,良好,無號誌,無號誌,雙向禁止超車線,無標記,車道線(無標記),未繪設快慢車道分隔線,有,車與車,其他,駕駛者,未保持行車安全間隔,死亡0;受傷1,2,機車,普通重型,女,62,戴非半罩式安全帽,未使用,車的狀態,向前直行中,機車與自行車,右側車身,,,無(車輛駕駛者因素),尚未發現肇事因素,否,121.486832,25.073073
2025,11,20251102,091500,A2,新北市政府警察局,新北市蘆洲區中正路114號前0.0公尺,晴,有照明且開啟,其他,40,單路部分,直路,路段,一般車道(未劃分快慢車道),柏油,乾燥,無缺陷,無障礙物,無遮蔽物,良好,無號誌,無號誌,雙向禁止超車線,無標記,車道線(無標記),快慢車道分隔線,有,車與車,其他,無(車輛駕駛者因素),尚未發現肇事因素,死亡0;受傷2,1,機車,普通重型,男,40,戴半罩式安全帽,未使用,車的狀態,向前直行中,機車與自行車,前車頭,,,無(車輛駕駛者因素),尚未發現肇事因素,否,121.480604,25.008530
2025,11,20251102,091500,A2,新北市政府警察局,新北市蘆洲區中正路114號前0.0公尺,晴,有照明且開啟,其他,40,單路部分,直路,路段,一般車道(未劃分快慢車道),柏油,乾燥,無缺陷,無障礙物,無遮蔽物,良好,無號誌,無號誌,雙向禁止超車線,無標記,車道線(無標記),快慢車道分隔線,有,車與車,其他,無(車輛駕駛者因素),尚未發現肇事因素,死亡0;受傷2,2,機車,普通重型,女,66,戴半罩式安全帽,未使用,車的狀態,左轉彎,機車與自行車,前車頭,,,其他,其他不當駕車行為,否,121.480604,25.008530
2025,11,20251102,092226,A2,南投縣政府警察局,南投縣草屯鎮碧峰里碧山路1014號前,陰,有照明未開啟或故障,村里道路,50,單路部分,直路,路段,一般車道(未劃分快慢車道),柏油,乾燥,無缺陷,無障礙物,無遮蔽物,良好,無號誌,無號誌,雙向禁止超車線,無標記,未繪設車道線,未繪設快慢車道分隔線,有,車與車,追撞,駕駛者,恍神、緊張、心不在焉分心駕駛,死亡0;受傷1,1,機車,普通重型,男,19,戴半罩式安全帽,未使用,車的狀態,向前直行中,機車與自行車,前車頭,,,駕駛者,恍神、緊張、心不在焉分心駕駛,否,120.659598,23.974171
2025,11,20251102,092226,A2,南投縣政府警察局,南投縣草屯鎮碧峰里碧山路1014號前,陰,有照明未開啟或故障,村里道路,50,單路部分,直路,路段,一般車道(未劃分快慢車道),柏油,乾燥,無缺陷,無障礙物,無遮蔽物,良好,無號誌,無號誌,雙向禁止超車線,無標記,未繪設車道線,未繪設快慢車道分隔線,有,車與車,追撞,駕駛者,恍神、緊張、心不在焉分心駕駛,死亡0;受傷1,2,慢車,微型電動二輪車,男,16,戴非半罩式安全帽,未使用,車的狀態,向前直行中,機車與自行車,後車尾,,,無(車輛駕駛者因素),尚未發現肇事因素,否,120.659598,23.974171
2025,11,20251102,092400,A2,彰化縣警察局,彰化縣花壇鄉彰員路2段836號,晴,無照明,村里道路,40,單路部分,直路,路段,一般車道(未劃分快慢車道),柏油,乾燥,無缺陷,無障礙物,無遮蔽物,良好,無號誌,無號誌,行車分向線,無標記,未繪設車道線,未繪設快慢車道分隔線,有,車與車,其他,駕駛者,其他未依規定讓車,死亡0;受傷2,1,小客車(含客、貨兩用),自用,男,63,繫安全帶(使用幼童安全椅),未使用,車的狀態,起步,汽車,左側車身,汽車,左側車身,駕駛者,其他未依規定讓車,否,120.548023,24.036447
2025,11,20251102,092400,A2,彰化縣警察局,彰化縣花壇鄉彰員路2段836號,晴,無照明,村里道路,40,單路部分,直路,路段,一般車道(未劃分快慢車道),柏油,乾燥,無缺陷,無障礙物,無遮蔽物,良好,無號誌,無號誌,行車分向線,無標記,未繪設車道線,未繪設快慢車道分隔線,有,車與車,其他,駕駛者,其他未依規定讓車,死亡0;受傷2,2,機車,普通重型,男,58,戴半罩式安全帽,未使用,車的狀態,向前直行中,機車與自行車,右側車身,機車與自行車,右側車身,其他,其他不當駕車行為,否,120.548023,24.036447
2025,11,20251102,092400,A2,彰化縣警察局,彰化縣花壇鄉彰員路2段836號,晴,無照明,村里道路,40,單路部分,直路,路段,一般車道(未劃分快慢車道),柏油,乾燥,無缺陷,無障礙物,無遮蔽物,良好,無號誌,無號誌,行車分向線,無標記,未繪設車道線,未繪設快慢車道分隔線,有,車與車,其他,駕駛者,其他未依規定讓車,死亡0;受傷2,3,人,乘客,女,57,戴半罩式安全帽,非駕駛人,不明,不明,其他,非汽、機及自行車,其他,非汽、機及自行車,無(非車輛駕駛人因素),尚未發現肇事因素,否,120.548023,24.036447
2025,11,20251102,092600,A2,臺北市政府警察局,臺北市中山區明水路 / 臺北市中山區北安路,雨,有照明未開啟或故障,市區道路,50,交岔路,四岔路,交叉路口,交叉路口內,柏油,濕潤,無缺陷,無障礙物,無遮蔽物,良好,行車管制號誌(附設行人專用號誌),正常,雙向禁止超車線,無標記,車道線(無標記),未繪設快慢車道分隔線,無,車與車,側撞,駕駛者,有號誌路口，轉彎車未讓直行車先行,死亡0;受傷2,1,機車,普通重型,男,19,戴非半罩式安全帽,未使用,車的狀態,左轉彎,機車與自行車,右側車身,,,駕駛者,有號誌路口，轉彎車未讓直行車先行,否,121.544566,25.077485
2025,11,20251102,092600,A2,臺北市政府警察局,臺北市中山區明水路 / 臺北市中山區北安路,雨,有照明未開啟或故障,市區道路,50,交岔路,四岔路,交叉路口,交叉路口內,柏油,濕潤,無缺陷,無障礙物,無遮蔽物,良好,行車管制號誌(附設行人專用號誌),正常,雙向禁止超車線,無標記,車道線(無標記),未繪設快慢車道分隔線,無,車與車,側撞,駕駛者,有號誌路口，轉彎車未讓直行車先行,死亡0;受傷2,2,機車,普通重型,男,25,戴非半罩式安全帽,未使用,車的狀態,向前直行中,機車與自行車,前車頭,,,無(車輛駕駛者因素),尚未發現肇事因素,否,121.544566,25.077485
2025,11,20251102,093100,A2,南投縣政府警察局,南投縣草屯鎮虎山路與富林路口,晴,有照明未開啟或故障,村里道路,50,交岔路,四岔路,交叉路口,交叉路口內,柏油,乾燥,無缺陷,無障礙物,無遮蔽物,良好,行車管制號誌,正常,雙向禁止超車線,附標記,禁止變換車道線(無標記),未繪設快慢車道分隔線,有,車與車,路口交岔撞,駕駛者,迴轉未依規定,死亡0;受傷1,1,小客車(含客、貨兩用),自用,男,56,繫安全帶(使用幼童安全椅),未使用,車的狀態,迴轉或橫越道路中,汽車,右前車頭(身),,,駕駛者,迴轉未依規定,否,120.682586,23.968505
2025,11,20251102,093100,A2,南投縣政府警察局,南投縣草屯鎮虎山路與富林路口,晴,有照明未開啟或故障,村里道路,50,交岔路,四岔路,交叉路口,交叉路口內,柏油,乾燥,無缺陷,無障礙物,無遮蔽物,良好,行車管制號誌,正常,雙向禁止超車線,附標記,禁止變換車道線(無標記),未繪設快慢車道分隔線,有,車與車,路口交岔撞,駕駛者,迴轉未依規定,死亡0;受傷1,2,機車,普通重型,女,27,戴非半罩式安全帽,未使用,車的狀態,向前直行中,機車與自行車,前車頭,,,無(車輛駕駛者因素),尚未發現肇事因素,否,120.682586,23.968505
2025,11,20251102,093707,A2,南投縣政府警察局,南投縣草屯鎮玉峰街42號前,晴,有照明未開啟或故障,市區道路,50,其他,圓環,其他,其他,柏油,乾燥,無缺陷,無障礙物,無遮蔽物,良好,無號誌,無號誌,無,無分向設施,未繪設車道線,未繪設快慢車道分隔線,無,車與車,同向擦撞,駕駛者,行經圓環未依規定讓車,死亡0;受傷1,1,小客車(含客、貨兩用),自用,男,76,繫安全帶(使用幼童安全椅),未使用,車的狀態,向前直行中,汽車,前車頭,,,駕駛者,行經圓環未依規定讓車,否,120.686259,23.980357