發生年度,發生月份,發生日期,發生時間,事故類別名稱,處理單位名稱警局層,發生地點,天候名稱,光線名稱,道路類別-第1當事者-名稱,速限-第1當事者,道路型態大類別名稱,道路型態子類別名稱,事故位置大類別名稱,事故位置子類別名稱,路面狀況-路面鋪裝名稱,路面狀況-路面狀態名稱,路面狀況-路面缺陷名稱,道路障礙-障礙物名稱,道路障礙-視距品質名稱,道路障礙-視距名稱,號誌-號誌種類名稱,號誌-號誌動作名稱,車道劃分設施-分向設施大類別名稱,車道劃分設施-分向設施子類別名稱,車道劃分設施-分道設施-快車道或一般車道間名稱,車道劃分設施-分道設施-快慢車道間名稱,車道劃分設施-分道設施-路面邊線名稱,事故類型及型態大類別名稱,事故類型及型態子類別名稱,肇因研判大類別名稱-主要,肇因研判子類別名稱-主要,死亡受傷人數,當事者順位,當事者區分-類別-大類別名稱-車種,當事者區分-類別-子類別名稱-車種,當事者屬-性-別名稱,當事者事故發生時年齡,保護裝備名稱,行動電話或電腦或其他相類功能裝置名稱,當事者行動狀態大類別名稱,當事者行動狀態子類別名稱,車輛撞擊部位大類別名稱-最初,車輛撞擊部位子類別名稱-最初,車輛撞擊部位大類別名稱-其他,車輛撞擊部位子類別名稱-其他,肇因研判大類別名稱-個別,肇因研判子類別名稱-個別,肇事逃逸類別名稱-是否肇逃,經度,緯度
2025,11,20251102,093707,A2,南投縣政府警察局,南投縣草屯鎮玉峰街42號前,晴,有照明未開啟或故障,市區道路,50,其他,圓環,其他,其他,柏油,乾燥,無缺陷,無障礙物,無遮蔽物,良好,無號誌,無號誌,無,無分向設施,未繪設車道線,未繪設快慢車道分隔線,無,車與車,同向擦撞,駕駛者,行經圓環未依規定讓車,死亡0;受傷1,2,慢車,微型電動二輪車,女,73,戴半罩式安全帽,未使用,車的狀態,右轉彎,機車與自行車,右側車身,,,無(車輛駕駛者因素),尚未發現肇事因素,否,120.686259,23.980357
2025,11,20251102,094000,A2,高雄市政府警察局,高雄市楠梓區德賢路106巷3號前0.0公尺,晴,有照明未開啟或故障,市區道路,30,單路部分,直路,路段,一般車道(未劃分快慢車道),柏油,乾燥,無缺陷,無障礙物,無遮蔽物,良好,無號誌,無號誌,行車分向線,無標記,車道線(無標記),未繪設快慢車道分隔線,無,車與車,其他,駕駛者,未保持行車安全距離,死亡0;受傷1,1,慢車,微型電動二輪車,女,31,戴非半罩式安全帽,未使用,車的狀態,左轉彎,其他,無撞擊,,,駕駛者,未保持行車安全距離,否,120.308636,22.727971
2025,11,20251102,094000,A2,高雄市政府警察局,高雄市楠梓區德賢路106巷3號前0.0公尺,晴,有照明未開啟或故障,市區道路,30,單路部分,直路,路段,一般車道(未劃分快慢車道),柏油,乾燥,無缺陷,無障礙物,無遮蔽物,良好,無號誌,無號誌,行車分向線,無標記,車道線(無標記),未繪設快慢車道分隔線,無,車與車,其他,駕駛者,未保持行車安全距離,死亡0;受傷1,2,機車,普通重型,男,65,戴非半罩式安全帽,未使用,車的狀態,向前直行中,機車與自行車,左側車身,,,駕駛者,未保持行車安全距離,否,120.308636,22.727971
2025,11,20251102,094200,A2,高雄市政府警察局,高雄市新興區民族二路 / 高雄市新興區中正二路,晴,無照明,市區道路,50,交岔路,四岔路,交叉路口,機車待轉區,柏油,乾燥,無缺陷,無障礙物,無遮蔽物,良好,行車管制號誌,正常,無,無分向設施,未繪設車道線,未繪設快慢車道分隔線,無,車與車,追撞,駕駛者,未保持行車安全距離,死亡0;受傷1,1,機車,普通重型,女,26,戴半罩式安全帽,未使用,車的狀態,向前直行中,機車與自行車,前車頭,,,駕駛者,未保持行車安全距離,否,120.309757,22.630595
2025,11,20251102,094200,A2,高雄市政府警察局,高雄市新興區民族二路 / 高雄市新興區中正二路,晴,無照明,市區道路,50,交岔路,四岔路,交叉路口,機車待轉區,柏油,乾燥,無缺陷,無障礙物,無遮蔽物,良好,行車管制號誌,正常,無,無分向設施,未繪設車道線,未繪設快慢車道分隔線,無,車與車,追撞,駕駛者,未保持行車安全距離,死亡0;受傷1,2,機車,普通重型,男,66,戴半罩式安全帽,未使用,車的狀態,其他,機車與自行車,後車尾,,,無(車輛駕駛者因素),尚未發現肇事因素,否,120.309757,22.630595
2025,11,20251102,094500,A2,臺北市政府警察局,臺北市士林區延平北路5段 / 臺北市士林區延平北路5段,陰,無照明,市區道路,50,交岔路,三岔路,交叉路口,交叉口附近,柏油,濕潤,無缺陷,無障礙物,無遮蔽物,良好,行車管制號誌(附設行人專用號誌),正常,中央分向島,寬式(50公分以上),車道線(無標記),未繪設快慢車道分隔線,有,車與車,其他,駕駛者,閃避不當(慎),死亡0;受傷1,1,機車,普通重型,男,42,戴非半罩式安全帽,未使用,車的狀態,向左變換車道,機車與自行車,左側車身,,,駕駛者,閃避不當(慎),否,121.509808,25.084446
2025,11,20251102,094500,A2,臺北市政府警察局,臺北市士林區延平北路5段 / 臺北市士林區延平北路5段,陰,無照明,市區道路,50,交岔路,三岔路,交叉路口,交叉口附近,柏油,濕潤,無缺陷,無障礙物,無遮蔽物,良好,行車管制號誌(附設行人專用號誌),正常,中央分向島,寬式(50公分以上),車道線(無標記),未繪設快慢車道分隔線,有,車與車,其他,駕駛者,閃避不當(慎),死亡0;受傷1,2,小客車(含客、貨兩用),自用,男,52,繫安全帶(使用幼童安全椅),未使用,車的狀態,向前直行中,汽車,右側車身,,,無(車輛駕駛者因素),尚未發現肇事因素,否,121.509808,25.084446
2025,11,20251102,094500,A2,臺北市政府警察局,臺北市士林區延平北路5段 / 臺北市士林區延平北路5段,陰,無照明,市區道路,50,交岔路,三岔路,交叉路口,交叉口附近,柏油,濕潤,無缺陷,無障礙物,無遮蔽物,良好,行車管制號誌(附設行人專用號誌),正常,中央分向島,寬式(50公分以上),車道線(無標記),未繪設快慢車道分隔線,有,車與車,其他,駕駛者,閃避不當(慎),死亡0;受傷1,3,小客車(含客、貨兩用),租賃車,男,51,繫安全帶(使用幼童安全椅),未使用,車的狀態,靜止(引擎熄火),汽車,左側車身,,,其他,開啟或關閉車門不當,否,121.509808,25.084446
2025,11,20251102,094500,A2,南投縣政府警察局,南投縣草屯鎮碧山路372號前,晴,有照明未開啟或故障,市區道路,50,交岔路,三岔路,交叉路口,交叉路口內,柏油,乾燥,無缺陷,無障礙物,無遮蔽物,良好,無號誌,無號誌,行車分向線,無標記,車道線(無標記),未繪設快慢車道分隔線,無,車與車,同向擦撞,駕駛者,未保持行車安全距離,死亡0;受傷1,1,機車,普通重型,女,74,戴半罩式安全帽,未使用,車的狀態,向前直行中,機車與自行車,前車頭,,,駕駛者,未保持行車安全距離,否,120.677111,23.978553
2025,11,20251102,094500,A2,南投縣政府警察局,南投縣草屯鎮碧山路372號前,晴,有照明未開啟或故障,市區道路,50,交岔路,三岔路,交叉路口,交叉路口內,柏油,乾燥,無缺陷,無障礙物,無遮蔽物,良好,無號誌,無號誌,行車分向線,無標記,車道線(無標記),未繪設快慢車道分隔線,無,車與車,同向擦撞,駕駛者,未保持行車安全距離,死亡0;受傷1,2,小客車(含客、貨兩用),自用,男,55,不明,未使用,車的狀態,左轉彎,汽車,左後車尾(身),,,駕駛者,左轉彎未依規定,否,120.677111,23.978553
2025,11,20251102,094600,A2,臺中市政府警察局,臺中市南屯區南屯里黎明路一段1205-1號前0.0公尺,晴,有照明未開啟或故障,市區道路,50,交岔路,多岔路,交叉路口,交叉口附近,柏油,乾燥,無缺陷,無障礙物,無遮蔽物,良好,行車管制號誌,正常,無,無分向設施,未繪設車道線,未繪設快慢車道分隔線,無,車輛本身,路上翻車、摔倒,駕駛者,恍神、緊張、心不在焉分心駕駛,死亡0;受傷2,1,機車,普通重型,男,19,戴半罩式安全帽,未使用,車的狀態,其他,其他,無撞擊,,,駕駛者,恍神、緊張、心不在焉分心駕駛,否,120.637818,24.142107
2025,11,20251102,094600,A2,臺中市政府警察局,臺中市南屯區南屯里黎明路一段1205-1號前0.0公尺,晴,有照明未開啟或故障,市區道路,50,交岔路,多岔路,交叉路口,交叉口附近,柏油,乾燥,無缺陷,無障礙物,無遮蔽物,良好,行車管制號誌,正常,無,無分向設施,未繪設車道線,未繪設快慢車道分隔線,無,車輛本身,路上翻車、摔倒,駕駛者,恍神、緊張、心不在焉分心駕駛,死亡0;受傷2,2,,,無或物(動物、堆置物),0,,,,,,,,,無(非車輛駕駛人因素),尚未發現肇事因素,否,120.637818,24.142107
2025,11,20251102,094600,A2,臺中市政府警察局,臺中市南屯區南屯里黎明路一段1205-1號前0.0公尺,晴,有照明未開啟或故障,市區道路,50,交岔路,多岔路,交叉路口,交叉口附近,柏油,乾燥,無缺陷,無障礙物,無遮蔽物,良好,行車管制號誌,正常,無,無分向設施,未繪設車道線,未繪設快慢車道分隔線,無,車輛本身,路上翻車、摔倒,駕駛者,恍神、緊張、心不在焉分心駕駛,死亡0;受傷2,3,人,乘客,女,19,戴半罩式安全帽,非駕駛人,不明,不明,其他,非汽、機及自行車,,,無(非車輛駕駛人因素),尚未發現肇事因素,否,120.637818,24.142107
2025,11,20251102,094909,A2,南投縣政府警察局,南投縣竹山鎮竹山路77號前1.0公尺北,晴,有照明未開啟或故障,村里道路,30,單路部分,直路,路段,一般車道(未劃分快慢車道),柏油,乾燥,無缺陷,無障礙物,有遮蔽物,建築物,無號誌,無號誌,無,無分向設施,車道線(無標記),未繪設快慢車道分隔線,有,車與車,側撞,駕駛者,左轉彎未依規定,死亡0;受傷1,1,小客車(含客、貨兩用),自用,男,74,繫安全帶(使用幼童安全椅),未使用,車的狀態,迴轉或橫越道路中,汽車,右前車頭(身),汽車,右前車頭(身),駕駛者,左轉彎未依規定,否,120.685191,23.756099
2025,11,20251102,094909,A2,南投縣政府警察局,南投縣竹山鎮竹山路77號前1.0公尺北,晴,有照明未開啟或故障,村里道路,30,單路部分,直路,路段,一般車道(未劃分快慢車道),柏油,乾燥,無缺陷,無障礙物,有遮蔽物,建築物,無號誌,無號誌,無,無分向設施,車道線(無標記),未繪設快慢車道分隔線,有,車與車,側撞,駕駛者,左轉彎未依規定,死亡0;受傷1,2,機車,普通重型,男,77,戴半罩式安全帽,未使用,車的狀態,向前直行中,機車與自行車,右側車身,機車與自行車,右側車身,無(車輛駕駛者因素),尚未發現肇事因素,否,120.685191,23.756099
2025,11,20251102,095000,A2,高雄市政府警察局,高雄市楠梓區高楠公路 / 高雄市楠梓區水管路,晴,無照明,市區道路,40,交岔路,三岔路,交叉路口,交叉口附近,柏油,乾燥,無缺陷,無障礙物,無遮蔽物,良好,行車管制號誌,正常,中央分向島,寬式(50公分以上),車道線(無標記),寬式快慢車道分隔島(50公分以上),有,車與車,側撞,駕駛者,未保持行車安全間隔,死亡0;受傷3,1,機車,普通重型,女,63,戴半罩式安全帽,未使用,車的狀態,左轉彎,機車與自行車,左側車身,,,駕駛者,未保持行車安全間隔,否,120.324390,22.706978
2025,11,20251102,095000,A2,高雄市政府警察局,高雄市楠梓區高楠公路 / 高雄市楠梓區水管路,晴,無照明,市區道路,40,交岔路,三岔路,交叉路口,交叉口附近,柏油,乾燥,無缺陷,無障礙物,無遮蔽物,良好,行車管制號誌,正常,中央分向島,寬式(50公分以上),車道線(無標記),寬式快慢車道分隔島(50公分以上),有,車與車,側撞,駕駛者,未保持行車安全間隔,死亡0;受傷3,2,機車,普通重型,女,28,戴非半罩式安全帽,未使用,車的狀態,向前直行中,機車與自行車,前車頭,,,無(車輛駕駛者因素),尚未發現肇事因素,否,120.324390,22.706978
2025,11,20251102,095000,A2,高雄市政府警察局,高雄市楠梓區高楠公路 / 高雄市楠梓區水管路,晴,無照明,市區道路,40,交岔路,三岔路,交叉路口,交叉口附近,柏油,乾燥,無缺陷,無障礙物,無遮蔽物,良好,行車管制號誌,正常,中央分向島,寬式(50公分以上),車道線(無標記),寬式快慢車道分隔島(50公分以上),有,車與車,側撞,駕駛者,未保持行車安全間隔,死亡0;受傷3,3,人,乘客,女,70,戴非半罩式安全帽,非駕駛人,不明,不明,其他,非汽、機及自行車,,,無(非車輛駕駛人因素),尚未發現肇事因素,否,120.324390,22.706978
2025,11,20251102,095000,A2,嘉義市政府警察局,嘉義市西區竹圍里友愛路 / 嘉義市西區竹圍里僑安街,晴,有照明未開啟或故障,市區道路,30,交岔路,四岔路,交叉路口,交叉路口內,柏油,乾燥,無缺陷,無障礙物,無遮蔽物,良好,無號誌,無號誌,無,無分向設施,未繪設車道線,未繪設快慢車道分隔線,無,車與車,路口交岔撞,駕駛者,無號誌路口，支線道未讓幹線道先行,死亡0;受傷3,1,機車,普通重型,女,51,戴非半罩式安全帽,未使用,車的狀態,向前直行中,機車與自行車,左側車身,,,駕駛者,無號誌路口，支線道未讓幹線道先行,否,120.432800,23.487380
2025,11,20251102,095000,A2,嘉義市政府警察局,嘉義市西區竹圍里友愛路 / 嘉義市西區竹圍里僑安街,晴,有照明未開啟或故障,市區道路,30,交岔路,四岔路,交叉路口,交叉路口內,柏油,乾燥,無缺陷,無障礙物,無遮蔽物,良好,無號誌,無號誌,無,無分向設施,未繪設車道線,未繪設快慢車道分隔線,無,車與車,路口交岔撞,駕駛者,無號誌路口，支線道未讓幹線道先行,死亡0;受傷3,2,機車,普通重型,男,36,戴非半罩式安全帽,未使用,車的狀態,向前直行中,機車與自行車,前車頭,,,駕駛者,未依規定減速,否,120.432800,23.487380
2025,11,20251102,095000,A2,嘉義市政府警察局,嘉義市西區竹圍里友愛路 / 嘉義市西區竹圍里僑安街,晴,有照明未開啟或故障,市區道路,30,交岔路,四岔路,交叉路口,交叉路口內,柏油,乾燥,無缺陷,無障礙物,無遮蔽物,良好,無號誌,無號誌,無,無分向設施,未繪設車道線,未繪設快慢車道分隔線,無,車與車,路口交岔撞,駕駛者,無號誌路口，支線道未讓幹線道先行,死亡0;受傷3,3,人,乘客,女,34,戴非半罩式安全帽,非駕駛人,人的狀態,其他,其他,非汽、機及自行車,,,無(非車輛駕駛人因素),尚未發現肇事因素,否,120.432800,23.487380
2025,11,20251102,095200,A2,臺北市政府警察局,臺北市中正區廈門街60號前0.0公尺,雨,有照明未開啟或故障,市區道路,30,單路部分,直路,路段,一般車道(未劃分快慢車道),柏油,濕潤,無缺陷,無障礙物,無遮蔽物,良好,無號誌,無號誌,雙向禁止超車線,無標記,未繪設車道線,未繪設快慢車道分隔線,無,車與車,側撞,駕駛者,左轉彎未依規定,死亡0;受傷1,1,機車,普通輕型,男,34,戴非半罩式安全帽,未使用,車的狀態,左轉彎,機車與自行車,左側車身,,,駕駛者,左轉彎未依規定,否,121.517440,25.025065
2025,11,20251102,095200,A2,臺北市政府警察局,臺北市中正區廈門街60號前0.0公尺,雨,有照明未開啟或故障,市區道路,30,單路部分,直路,路段,一般車道(未劃分快慢車道),柏油,濕潤,無缺陷,無障礙物,無遮蔽物,良好,無號誌,無號誌,雙向禁止超車線,無標記,未繪設車道線,未繪設快慢車道分隔線,無,車與車,側撞,駕駛者,左轉彎未依規定,死亡0;受傷1,2,機車,普通重型,男,51,戴半罩式安全帽,未使用,車的狀態,向前直行中,機車與自行車,左側車身,,,其他,其他不當駕車行為,否,121.517440,25.025065
2025,11,20251102,095200,A2,臺中市政府警察局,臺中市北區金華里興進路 / 臺中市北區金華里育興街,晴,有照明未開啟或故障,市區道路,50,交岔路,三岔路,交叉路口,交叉路口內,柏油,乾燥,無缺陷,無障礙物,無遮蔽物,良好,無號誌,無號誌,無,無分向設施,未繪設車道線,未繪設快慢車道分隔線,無,車與車,其他,駕駛者,起步時未注意安全,死亡0;受傷1,1,小客車(含客、貨兩用),自用,男,42,不明,不明,車的狀態,起步,汽車,左後車尾(身),,,駕駛者,起步時未注意安全,否,120.693491,24.155255
2025,11,20251102,095200,A2,臺中市政府警察局,臺中市北區金華里興進路 / 臺中市北區金華里育興街,晴,有照明未開啟或故障,市區道路,50,交岔路,三岔路,交叉路口,交叉路口內,柏油,乾燥,無缺陷,無障礙物,無遮蔽物,良好,無號誌,無號誌,無,無分向設施,未繪設車道線,未繪設快慢車道分隔線,無,車與車,其他,駕駛者,起步時未注意安全,死亡0;受傷1,2,小客車(含客、貨兩用),自用,男,61,不明,不明,車的狀態,向前直行中,汽車,左前車頭(身),,,無(車輛駕駛者因素),尚未發現肇事因素,否,120.693491,24.155255
2025,11,20251102,095300,A2,臺中市政府警察局,臺中市西屯區何厝里臺灣大道二段 / 臺中市西屯區何厝里何厝街,晴,有照明未開啟或故障,市區道路,40,交岔路,四岔路,交叉路口,交叉路口內,柏油,乾燥,無缺陷,無障礙物,無遮蔽物,良好,行車管制號誌(附設行人專用號誌),正常,無,無分向設施,未繪設車道線,未繪設快慢車道分隔線,無,車與車,同向擦撞,駕駛者,未保持行車安全間隔,死亡0;受傷2,1,機車,普通重型,女,24,戴半罩式安全帽,未使用,車的狀態,向右變換車道,機車與自行車,右側車身,機車與自行車,左側車身,駕駛者,未保持行車安全間隔,否,120.653258,24.160817
2025,11,20251102,095300,A2,臺中市政府警察局,臺中市西屯區何厝里臺灣大道二段 / 臺中市西屯區何厝里何厝街,晴,有照明未開啟或故障,市區道路,40,交岔路,四岔路,交叉路口,交叉路口內,柏油,乾燥,無缺陷,無障礙物,無遮蔽物,良好,行車管制號誌(附設行人專用號誌),正常,無,無分向設施,未繪設車道線,未繪設快慢車道分隔線,無,車與車,同向擦撞,駕駛者,未保持行車安全間隔,死亡0;受傷2,2,機車,普通重型,女,32,戴半罩式安全帽,未使用,車的狀態,向前直行中,機車與自行車,左側車身,,,無(車輛駕駛者因素),尚未發現肇事因素,否,120.653258,24.160817
2025,11,20251102,095400,A2,高雄市政府警察局,高雄市路竹區新民路 / 高雄市路竹區復興路,晴,有照明未開啟或故障,市區道路,50,交岔路,多岔路,交叉路口,交叉口附近,柏油,乾燥,無缺陷,無障礙物,無遮蔽物,良好,行車管制號誌,正常,雙向禁止超車線,無標記,未繪設車道線,未繪設快慢車道分隔線,有,車與車,追撞,駕駛者,未保持行車安全距離,死亡0;受傷1,1,小客車(含客、貨兩用),自用,女,71,繫安全帶(使用幼童安全椅),未使用,車的狀態,向前直行中,汽車,右前車頭(身),,,駕駛者,未保持行車安全距離,否,120.267400,22.852440
2025,11,20251102,095400,A2,高雄市政府警察局,高雄市路竹區新民路 / 高雄市路竹區復興路,晴,有照明未開啟或故障,市區道路,50,交岔路,多岔路,交叉路口,交叉口附近,柏油,乾燥,無缺陷,無障礙物,無遮蔽物,良好,行車管制號誌,正常,雙向禁止超車線,無標記,未繪設車道線,未繪設快慢車道分隔線,有,車與車,追撞,駕駛者,未保持行車安全距離,死亡0;受傷1,2,機車,普通重型,女,20,戴非半罩式安全帽,未使用,車的狀態,向前直行中,機車與自行車,後車尾,,,駕駛者,未保持行車安全間隔,否,120.267400,22.852440
2025,11,20251102,095900,A2,高雄市政府警察局,高雄市前鎮區瑞福路 / 高雄市前鎮區瑞雄街,晴,無照明,市區道路,50,交岔路,三岔路,交叉路口,交叉口附近,柏油,乾燥,無缺陷,無障礙物,無遮蔽物,良好,無號誌,無號誌,雙向禁止超車線,無標記,未繪設車道線,未繪設快慢車道分隔線,有,車與車,側撞,駕駛者,左轉彎未依規定,死亡0;受傷2,1,機車,普通重型,男,72,戴非半罩式安全帽,未使用,車的狀態,左轉彎,機車與自行車,左側車身,,,駕駛者,左轉彎未依規定,否,120.336200,22.604900
2025,11,20251102,095900,A2,高雄市政府警察局,高雄市前鎮區瑞福路 / 高雄市前鎮區瑞雄街,晴,無照明,市區道路,50,交岔路,三岔路,交叉路口,交叉口附近,柏油,乾燥,無缺陷,無障礙物,無遮蔽物,良好,無號誌,無號誌,雙向禁止超車線,無標記,未繪設車道線,未繪設快慢車道分隔線,有,車與車,側撞,駕駛者,左轉彎未依規定,死亡0;受傷2,2,機車,普通重型,男,35,戴非半罩式安全帽,未使用,車的狀態,向前直行中,機車與自行車,前車頭,,,無(車輛駕駛者因素),尚未發現肇事因素,否,120.336200,22.604900
2025,11,20251102,100000,A2,高雄市政府警察局,高雄市鳳山區勝利路2-1號前0.0公尺,晴,無照明,市區道路,50,圓環廣場,其他,路段,慢車道,柏油,乾燥,無缺陷,無障礙物,無遮蔽物,良好,無號誌,無號誌,單向禁止超車線,無標記,車道線(無標記),快慢車道分隔線,有,車輛本身,路上翻車、摔倒,駕駛者,恍神、緊張、心不在焉分心駕駛,死亡0;受傷1,1,機車,普通重型,女,66,戴半罩式安全帽,未使用,不明,不明,機車與自行車,左側車身,,,駕駛者,恍神、緊張、心不在焉分心駕駛,否,120.373912,22.627040
2025,11,20251102,100000,A2,高雄市政府警察局,高雄市鳳山區勝利路2-1號前0.0公尺,晴,無照明,市區道路,50,圓環廣場,其他,路段,慢車道,柏油,乾燥,無缺陷,無障礙物,無遮蔽物,良好,無號誌,無號誌,單向禁止超車線,無標記,車道線(無標記),快慢車道分隔線,有,車輛本身,路上翻車、摔倒,駕駛者,恍神、緊張、心不在焉分心駕駛,死亡0;受傷1,2,,,無或物(動物、堆置物),114,,,,,,,,,無(非車輛駕駛人因素),尚未發現肇事因素,否,120.373912,22.627040
2025,11,20251102,100400,A2,高雄市政府警察局,高雄市左營區大中二路前0.0公尺,晴,有照明且開啟,市區道路,50,單路部分,直路,路段,快車道,柏油,乾燥,無缺陷,無障礙物,無遮蔽物,良好,行車管制號誌,正常,中央分向島,寬式(50公分以上),未繪設車道線,快慢車道分隔線,無,車與車,追撞,駕駛者,未保持行車安全距離,死亡0;受傷1,1,機車,普通重型,女,43,戴半罩式安全帽,未使用,車的狀態,向前直行中,機車與自行車,前車頭,,,駕駛者,未保持行車安全距離,否,120.319348,22.679012
2025,11,20251102,100400,A2,高雄市政府警察局,高雄市左營區大中二路前0.0公尺,晴,有照明且開啟,市區道路,50,單路部分,直路,路段,快車道,柏油,乾燥,無缺陷,無障礙物,無遮蔽物,良好,行車管制號誌,正常,中央分向島,寬式(50公分以上),未繪設車道線,快慢車道分隔線,無,車與車,追撞,駕駛者,未保持行車安全距離,死亡0;受傷1,2,機車,普通重型,女,26,戴半罩式安全帽,未使用,車的狀態,向前直行中,機車與自行車,後車尾,,,無(車輛駕駛者因素),尚未發現肇事因素,否,120.319348,22.679012
2025,11,20251102,100400,A2,臺中市政府警察局,臺中市中區大誠里大誠街 / 臺中市中區大誠里福音街,晴,有照明且開啟,市區道路,50,交岔路,四岔路,交叉路口,交叉路口內,柏油,乾燥,無缺陷,無障礙物,無遮蔽物,良好,行車管制號誌,正常,無,無分向設施,未繪設車道線,未繪設快慢車道分隔線,有,人與車,其他,駕駛者,車輛未依規定暫停讓行人先行,死亡0;受傷1,1,小客車(含客、貨兩用),自用,男,28,不明,不明,車的狀態,左轉彎,汽車,前車頭,,,駕駛者,車輛未依規定暫停讓行人先行,否,120.680613,24.146958
2025,11,20251102,100400,A2,臺中市政府警察局,臺中市中區大誠里大誠街 / 臺中市中區大誠里福音街,晴,有照明且開啟,市區道路,50,交岔路,四岔路,交叉路口,交叉路口內,柏油,乾燥,無缺陷,無障礙物,無遮蔽物,良好,行車管制號誌,正常,無,無分向設施,未繪設車道線,未繪設快慢車道分隔線,有,人與車,其他,駕駛者,車輛未依規定暫停讓行人先行,死亡0;受傷1,2,人,行人,女,32,其他(無需使用保護裝備之人),非駕駛人,人的狀態,其他,其他,非汽、機及自行車,,,無(非車輛駕駛人因素),尚未發現肇事因素,否,120.680613,24.146958
2025,11,20251102,100500,A2,臺中市政府警察局,臺中市西屯區潮洋里黎明路二段 / 臺中市西屯區潮洋里市政北二路,晴,有照明未開啟或故障,市區道路,50,交岔路,四岔路,交叉路口,交叉路口內,柏油,乾燥,無缺陷,無障礙物,無遮蔽物,良好,行車管制號誌,正常,無,無分向設施,未繪設車道線,未繪設快慢車道分隔線,無,車與車,路口交岔撞,駕駛者,闖紅燈直行,死亡0;受傷1,1,機車,普通重型,女,24,不明,未使用,車的狀態,向前直行中,機車與自行車,左側車身,,,駕駛者,闖紅燈直行,否,120.634613,24.164953
2025,11,20251102,100500,A2,臺中市政府警察局,臺中市西屯區潮洋里黎明路二段 / 臺中市西屯區潮洋里市政北二路,晴,有照明未開啟或故障,市區道路,50,交岔路,四岔路,交叉路口,交叉路口內,柏油,乾燥,無缺陷,無障礙物,無遮蔽物,良好,行車管制號誌,正常,無,無分向設施,未繪設車道線,未繪設快慢車道分隔線,無,車與車,路口交岔撞,駕駛者,闖紅燈直行,死亡0;受傷1,2,小客車(含客、貨兩用),自用,男,46,不明,未使用,車的狀態,向前直行中,汽車,前車頭,,,無(車輛駕駛者因素),尚未發現肇事因素,否,120.634613,24.164953
2025,11,20251102,100700,A2,臺北市政府警察局,臺北市松山區八德路4段650之1號前0.0公尺,陰,有照明未開啟或故障,其他,40,圓環廣場,其他,其他,其他,柏油,乾燥,無缺陷,無障礙物,無遮蔽物,良好,無號誌,無號誌,中央分向島,寬式(50公分以上),車道線(無標記),未繪設快慢車道分隔線,無,人與車,其他,駕駛者,車輛未依規定暫停讓行人先行,死亡0;受傷2,1,機車,普通重型,男,44,戴半罩式安全帽,未使用,車的狀態,向前直行中,機車與自行車,前車頭,,,駕駛者,車輛未依規定暫停讓行人先行,否,121.575208,25.049422
2025,11,20251102,100700,A2,臺北市政府警察局,臺北市松山區八德路4段650之1號前0.0公尺,陰,有照明未開啟或故障,其他,40,圓環廣場,其他,其他,其他,柏油,乾燥,無缺陷,無障礙物,無遮蔽物,良好,無號誌,無號誌,中央分向島,寬式(50公分以上),車道線(無標記),未繪設快慢車道分隔線,無,人與車,其他,駕駛者,車輛未依規定暫停讓行人先行,死亡0;受傷2,2,人,行人,男,44,其他(無需使用保護裝備之人),非駕駛人,人的狀態,步行,其他,非汽、機及自行車,,,無(非車輛駕駛人因素),尚未發現肇事因素,否,121.575208,25.049422
2025,11,20251102,101300,A2,高雄市政府警察局,高雄市梓官區赤崁西路 / 高雄市梓官區赤崁北路,晴,有照明未開啟或故障,市區道路,40,交岔路,四岔路,交叉路口,交叉路口內,柏油,乾燥,無缺陷,無障礙物,無遮蔽物,良好,行車管制號誌,正常,雙向禁止超車線,無標記,車道線(無標記),未繪設快慢車道分隔線,有,車與車,側撞,駕駛者,闖紅燈左轉(或迴轉),死亡0;受傷2,1,慢車,個人行動運具,男,75,其他(無需使用保護裝備之人),未使用,車的狀態,左轉彎,機車與自行車,左側車身,,,駕駛者,闖紅燈左轉(或迴轉),否,120.247309,22.738094
2025,11,20251102,101300,A2,高雄市政府警察局,高雄市梓官區赤崁西路 / 高雄市梓官區赤崁北路,晴,有照明未開啟或故障,市區道路,40,交岔路,四岔路,交叉路口,交叉路口內,柏油,乾燥,無缺陷,無障礙物,無遮蔽物,良好,行車管制號誌,正常,雙向禁止超車線,無標記,車道線(無標記),未繪設快慢車道分隔線,有,車與車,側撞,駕駛者,闖紅燈左轉(或迴轉),死亡0;受傷2,2,機車,普通重型,女,19,戴半罩式安全帽,未使用,車的狀態,向前直行中,機車與自行車,前車頭,,,無(車輛駕駛者因素),尚未發現肇事因素,否,120.247309,22.738094
2025,11,20251102,101500,A2,臺中市政府警察局,臺中市太平區福隆里光興路1850號前0.0公尺,晴,有照明未開啟或故障,市區道路,50,交岔路,三岔路,交叉路口,交叉口附近,柏油,乾燥,無缺陷,無障礙物,無遮蔽物,良好,無號誌,無號誌,雙向禁止超車線,無標記,禁止變換車道線(無標記),快慢車道分隔線,有,車與車,側撞,駕駛者,無號誌路口，轉彎車未讓直行車先行,死亡0;受傷3,1,機車,普通重型,男,38,戴半罩式安全帽,未使用,車的狀態,右轉彎,機車與自行車,左側車身,,,駕駛者,無號誌路口，轉彎車未讓直行車先行,否,120.735105,24.125415