發生年度,發生月份,發生日期,發生時間,事故類別名稱,處理單位名稱警局層,發生地點,天候名稱,光線名稱,道路類別-第1當事者-名稱,速限-第1當事者,道路型態大類別名稱,道路型態子類別名稱,事故位置大類別名稱,事故位置子類別名稱,路面狀況-路面鋪裝名稱,路面狀況-路面狀態名稱,路面狀況-路面缺陷名稱,道路障礙-障礙物名稱,道路障礙-視距品質名稱,道路障礙-視距名稱,號誌-號誌種類名稱,號誌-號誌動作名稱,車道劃分設施-分向設施大類別名稱,車道劃分設施-分向設施子類別名稱,車道劃分設施-分道設施-快車道或一般車道間名稱,車道劃分設施-分道設施-快慢車道間名稱,車道劃分設施-分道設施-路面邊線名稱,事故類型及型態大類別名稱,事故類型及型態子類別名稱,肇因研判大類別名稱-主要,肇因研判子類別名稱-主要,死亡受傷人數,當事者順位,當事者區分-類別-大類別名稱-車種,當事者區分-類別-子類別名稱-車種,當事者屬-性-別名稱,當事者事故發生時年齡,保護裝備名稱,行動電話或電腦或其他相類功能裝置名稱,當事者行動狀態大類別名稱,當事者行動狀態子類別名稱,車輛撞擊部位大類別名稱-最初,車輛撞擊部位子類別名稱-最初,車輛撞擊部位大類別名稱-其他,車輛撞擊部位子類別名稱-其他,肇因研判大類別名稱-個別,肇因研判子類別名稱-個別,肇事逃逸類別名稱-是否肇逃,經度,緯度
2025,11,20251102,101500,A2,臺中市政府警察局,臺中市太平區福隆里光興路1850號前0.0公尺,晴,有照明未開啟或故障,市區道路,50,交岔路,三岔路,交叉路口,交叉口附近,柏油,乾燥,無缺陷,無障礙物,無遮蔽物,良好,無號誌,無號誌,雙向禁止超車線,無標記,禁止變換車道線(無標記),快慢車道分隔線,有,車與車,側撞,駕駛者,無號誌路口，轉彎車未讓直行車先行,死亡0;受傷3,2,機車,普通重型,女,28,戴半罩式安全帽,未使用,車的狀態,向前直行中,機車與自行車,前車頭,機車與自行車,右側車身,駕駛者,未依規定減速,否,120.735105,24.125415
2025,11,20251102,101500,A2,臺中市政府警察局,臺中市太平區福隆里光興路1850號前0.0公尺,晴,有照明未開啟或故障,市區道路,50,交岔路,三岔路,交叉路口,交叉口附近,柏油,乾燥,無缺陷,無障礙物,無遮蔽物,良好,無號誌,無號誌,雙向禁止超車線,無標記,禁止變換車道線(無標記),快慢車道分隔線,有,車與車,側撞,駕駛者,無號誌路口，轉彎車未讓直行車先行,死亡0;受傷3,3,人,乘客,女,64,戴半罩式安全帽,非駕駛人,人的狀態,其他,其他,非汽、機及自行車,,,無(非車輛駕駛人因素),尚未發現肇事因素,否,120.735105,24.125415
2025,11,20251102,101500,A2,新北市政府警察局,新北市板橋區環河西路4段 / 新北市板橋區華江六路,陰,有照明未開啟或故障,市區道路,50,交岔路,三岔路,交叉路口,交叉路口內,柏油,濕潤,無缺陷,無障礙物,無遮蔽物,良好,行車管制號誌(附設行人專用號誌),正常,中央分向島,窄式無柵欄,車道線(無標記),未繪設快慢車道分隔線,有,車與車,其他,駕駛者,左轉彎未依規定,死亡0;受傷1,1,機車,普通重型,男,63,戴非半罩式安全帽,未使用,車的狀態,左轉彎,機車與自行車,左側車身,,,駕駛者,左轉彎未依規定,否,121.470519,25.036048
2025,11,20251102,101500,A2,新北市政府警察局,新北市板橋區環河西路4段 / 新北市板橋區華江六路,陰,有照明未開啟或故障,市區道路,50,交岔路,三岔路,交叉路口,交叉路口內,柏油,濕潤,無缺陷,無障礙物,無遮蔽物,良好,行車管制號誌(附設行人專用號誌),正常,中央分向島,窄式無柵欄,車道線(無標記),未繪設快慢車道分隔線,有,車與車,其他,駕駛者,左轉彎未依規定,死亡0;受傷1,2,機車,普通重型,男,56,戴非半罩式安全帽,未使用,車的狀態,向前直行中,機車與自行車,前車頭,,,無(車輛駕駛者因素),尚未發現肇事因素,否,121.470519,25.036048
2025,11,20251102,101800,A2,新北市政府警察局,新北市板橋區篤行路1段 / 新北市板橋區大觀路3段,雨,有照明未開啟或故障,市區道路,50,交岔路,四岔路,交叉路口,交叉口附近,柏油,濕潤,無缺陷,無障礙物,無遮蔽物,良好,行車管制號誌(附設行人專用號誌),正常,中央分向島,窄式無柵欄,車道線(無標記),未繪設快慢車道分隔線,有,車與車,其他,駕駛者,未保持行車安全距離,死亡0;受傷1,1,機車,普通重型,男,19,戴非半罩式安全帽,未使用,車的狀態,向前直行中,機車與自行車,前車頭,,,駕駛者,未保持行車安全距離,否,121.481355,25.009317
2025,11,20251102,101800,A2,新北市政府警察局,新北市板橋區篤行路1段 / 新北市板橋區大觀路3段,雨,有照明未開啟或故障,市區道路,50,交岔路,四岔路,交叉路口,交叉口附近,柏油,濕潤,無缺陷,無障礙物,無遮蔽物,良好,行車管制號誌(附設行人專用號誌),正常,中央分向島,窄式無柵欄,車道線(無標記),未繪設快慢車道分隔線,有,車與車,其他,駕駛者,未保持行車安全距離,死亡0;受傷1,2,小客車(含客、貨兩用),自用,男,29,繫安全帶(使用幼童安全椅),未使用,車的狀態,向右變換車道,其他,無撞擊,,,無(車輛駕駛者因素),尚未發現肇事因素,否,121.481355,25.009317
2025,11,20251102,101800,A2,臺中市政府警察局,臺中市豐原區豐田里豐田路2號前0.0公尺,晴,有照明未開啟或故障,市區道路,50,交岔路,多岔路,交叉路口,交叉路口內,柏油,乾燥,無缺陷,無障礙物,無遮蔽物,良好,行車管制號誌(附設行人專用號誌),正常,雙向禁止超車線,無標記,禁止變換車道線(無標記),快慢車道分隔線,有,車與車,路口交岔撞,無(車輛駕駛者因素),尚未發現肇事因素,死亡0;受傷1,1,機車,普通重型,男,66,戴半罩式安全帽,未使用,車的狀態,向前直行中,機車與自行車,前車頭,,,無(車輛駕駛者因素),尚未發現肇事因素,否,120.720237,24.240444
2025,11,20251102,101800,A2,臺中市政府警察局,臺中市豐原區豐田里豐田路2號前0.0公尺,晴,有照明未開啟或故障,市區道路,50,交岔路,多岔路,交叉路口,交叉路口內,柏油,乾燥,無缺陷,無障礙物,無遮蔽物,良好,行車管制號誌(附設行人專用號誌),正常,雙向禁止超車線,無標記,禁止變換車道線(無標記),快慢車道分隔線,有,車與車,路口交岔撞,無(車輛駕駛者因素),尚未發現肇事因素,死亡0;受傷1,2,小客車(含客、貨兩用),自用,男,59,繫安全帶(使用幼童安全椅),未使用,車的狀態,向前直行中,汽車,右側車身,,,駕駛者,違反其他號誌,否,120.720237,24.240444
2025,11,20251102,102000,A2,臺中市政府警察局,臺中市北屯區東山里清水巷前0.0公尺,晴,無照明,市區道路,30,單路部分,彎曲路及附近,路段,一般車道(未劃分快慢車道),柏油,乾燥,無缺陷,無障礙物,無遮蔽物,良好,無號誌,無號誌,無,無分向設施,未繪設車道線,未繪設快慢車道分隔線,無,車與車,對向擦撞,駕駛者,未靠右行駛,死亡0;受傷1,1,大貨車,自用,男,23,繫安全帶(使用幼童安全椅),未使用,車的狀態,其他,汽車,左側車身,,,駕駛者,未靠右行駛,否,120.764411,24.184679
2025,11,20251102,102000,A2,臺中市政府警察局,臺中市北屯區東山里清水巷前0.0公尺,晴,無照明,市區道路,30,單路部分,彎曲路及附近,路段,一般車道(未劃分快慢車道),柏油,乾燥,無缺陷,無障礙物,無遮蔽物,良好,無號誌,無號誌,無,無分向設施,未繪設車道線,未繪設快慢車道分隔線,無,車與車,對向擦撞,駕駛者,未靠右行駛,死亡0;受傷1,2,機車,普通重型,女,56,戴非半罩式安全帽,未使用,車的狀態,其他,機車與自行車,左側車身,,,無(車輛駕駛者因素),尚未發現肇事因素,否,120.764411,24.184679
2025,11,20251102,102500,A2,臺北市政府警察局,臺北市中山區民生東路3段 / 臺北市中山區合江街,晴,有照明未開啟或故障,市區道路,50,交岔路,四岔路,交叉路口,交叉路口內,柏油,乾燥,無缺陷,無障礙物,無遮蔽物,良好,行車管制號誌,正常,雙向禁止超車線,無標記,未繪設車道線,未繪設快慢車道分隔線,無,車與車,同向擦撞,其他,肇事逃逸未查獲，無法查明肇因,死亡0;受傷1,1,,,肇事逃逸尚未查獲,0,,,,,,,,,,肇事逃逸未查獲，無法查明肇因,是,121.539206,25.057950
2025,11,20251102,102500,A2,臺北市政府警察局,臺北市中山區民生東路3段 / 臺北市中山區合江街,晴,有照明未開啟或故障,市區道路,50,交岔路,四岔路,交叉路口,交叉路口內,柏油,乾燥,無缺陷,無障礙物,無遮蔽物,良好,行車管制號誌,正常,雙向禁止超車線,無標記,未繪設車道線,未繪設快慢車道分隔線,無,車與車,同向擦撞,其他,肇事逃逸未查獲，無法查明肇因,死亡0;受傷1,2,機車,普通重型,女,21,戴非半罩式安全帽,未使用,車的狀態,向前直行中,機車與自行車,左側車身,,,無(車輛駕駛者因素),尚未發現肇事因素,否,121.539206,25.057950
2025,11,20251102,102600,A2,高雄市政府警察局,高雄市左營區海功路 / 高雄市左營區翠華路,晴,無照明,市區道路,40,交岔路,三岔路,交叉路口,交叉路口內,柏油,乾燥,無缺陷,無障礙物,無遮蔽物,良好,行車管制號誌(附設行人專用號誌),正常,雙向禁止超車線,無標記,車道線(無標記),快慢車道分隔線,有,車與車,同向擦撞,無(車輛駕駛者因素),尚未發現肇事因素,死亡0;受傷1,1,機車,普通重型,男,72,戴半罩式安全帽,未使用,車的狀態,其他,機車與自行車,右側車身,,,無(車輛駕駛者因素),尚未發現肇事因素,否,120.302900,22.693720
2025,11,20251102,102600,A2,高雄市政府警察局,高雄市左營區海功路 / 高雄市左營區翠華路,晴,無照明,市區道路,40,交岔路,三岔路,交叉路口,交叉路口內,柏油,乾燥,無缺陷,無障礙物,無遮蔽物,良好,行車管制號誌(附設行人專用號誌),正常,雙向禁止超車線,無標記,車道線(無標記),快慢車道分隔線,有,車與車,同向擦撞,無(車輛駕駛者因素),尚未發現肇事因素,死亡0;受傷1,2,機車,普通重型,男,39,戴半罩式安全帽,未使用,車的狀態,向前直行中,機車與自行車,左側車身,,,駕駛者,未保持行車安全距離,否,120.302900,22.693720
2025,11,20251102,102800,A2,新北市政府警察局,新北市中和區華新街 / 新北市中和區忠孝街,雨,有照明且開啟,市區道路,50,交岔路,四岔路,交叉路口,交叉口附近,柏油,濕潤,無缺陷,無障礙物,無遮蔽物,良好,行車管制號誌(附設行人專用號誌),正常,雙向禁止超車線,無標記,未繪設車道線,未繪設快慢車道分隔線,無,車與車,追撞,駕駛者,未保持行車安全距離,死亡0;受傷2,1,小客車(含客、貨兩用),自用,男,63,不明,不明,車的狀態,右轉彎,汽車,右前車頭(身),,,駕駛者,未保持行車安全距離,否,121.511772,24.999550
2025,11,20251102,102800,A2,新北市政府警察局,新北市中和區華新街 / 新北市中和區忠孝街,雨,有照明且開啟,市區道路,50,交岔路,四岔路,交叉路口,交叉口附近,柏油,濕潤,無缺陷,無障礙物,無遮蔽物,良好,行車管制號誌(附設行人專用號誌),正常,雙向禁止超車線,無標記,未繪設車道線,未繪設快慢車道分隔線,無,車與車,追撞,駕駛者,未保持行車安全距離,死亡0;受傷2,2,機車,普通重型,女,35,戴半罩式安全帽,不明,車的狀態,右轉彎,機車與自行車,後車尾,,,無(車輛駕駛者因素),尚未發現肇事因素,否,121.511772,24.999550
2025,11,20251102,102800,A2,新北市政府警察局,新北市中和區華新街 / 新北市中和區忠孝街,雨,有照明且開啟,市區道路,50,交岔路,四岔路,交叉路口,交叉口附近,柏油,濕潤,無缺陷,無障礙物,無遮蔽物,良好,行車管制號誌(附設行人專用號誌),正常,雙向禁止超車線,無標記,未繪設車道線,未繪設快慢車道分隔線,無,車與車,追撞,駕駛者,未保持行車安全距離,死亡0;受傷2,3,人,乘客,女,70,戴半罩式安全帽,非駕駛人,不明,不明,其他,非汽、機及自行車,,,無(非車輛駕駛人因素),尚未發現肇事因素,否,121.511772,24.999550
2025,11,20251102,102800,A2,臺中市政府警察局,臺中市北屯區水湳里大連路一段29號前0.0公尺,晴,無照明,市區道路,50,交岔路,四岔路,交叉路口,交叉路口內,柏油,乾燥,無缺陷,無障礙物,無遮蔽物,良好,無號誌,無號誌,無,無分向設施,未繪設車道線,未繪設快慢車道分隔線,無,車與車,其他,其他,開啟或關閉車門不當,死亡0;受傷1,1,小客車(含客、貨兩用),自用,男,43,未戴安全帽或未繫安全帶(未使用幼童安全椅),未使用,車的狀態,等待(引擎未熄火),汽車,左側車身,,,其他,開啟或關閉車門不當,否,120.672126,24.175637
2025,11,20251102,102800,A2,臺中市政府警察局,臺中市北屯區水湳里大連路一段29號前0.0公尺,晴,無照明,市區道路,50,交岔路,四岔路,交叉路口,交叉路口內,柏油,乾燥,無缺陷,無障礙物,無遮蔽物,良好,無號誌,無號誌,無,無分向設施,未繪設車道線,未繪設快慢車道分隔線,無,車與車,其他,其他,開啟或關閉車門不當,死亡0;受傷1,2,機車,普通重型,女,40,戴半罩式安全帽,未使用,車的狀態,向前直行中,機車與自行車,右側車身,,,無(車輛駕駛者因素),尚未發現肇事因素,否,120.672126,24.175637
2025,11,20251102,102900,A2,新北市政府警察局,新北市五股區登林路前0.0公尺,陰,無照明,市區道路,40,單路部分,直路,路段,一般車道(未劃分快慢車道),柏油,濕潤,無缺陷,無障礙物,無遮蔽物,良好,無號誌,無號誌,無,無分向設施,未繪設車道線,未繪設快慢車道分隔線,無,車輛本身,其他,其他,其他不當駕車行為,死亡0;受傷1,1,小客車(含客、貨兩用),自用,男,34,繫安全帶(使用幼童安全椅),未使用,車的狀態,向前直行中,汽車,前車頭,,,其他,其他不當駕車行為,否,121.481409,25.009366
2025,11,20251102,102900,A2,新北市政府警察局,新北市五股區登林路前0.0公尺,陰,無照明,市區道路,40,單路部分,直路,路段,一般車道(未劃分快慢車道),柏油,濕潤,無缺陷,無障礙物,無遮蔽物,良好,無號誌,無號誌,無,無分向設施,未繪設車道線,未繪設快慢車道分隔線,無,車輛本身,其他,其他,其他不當駕車行為,死亡0;受傷1,2,,,無或物(動物、堆置物),0,,,,,,,,,無(非車輛駕駛人因素),尚未發現肇事因素,否,121.481409,25.009366
2025,11,20251102,103000,A2,高雄市政府警察局,高雄市前金區文武一街 / 高雄市前金區自強一路,晴,無照明,市區道路,30,交岔路,四岔路,交叉路口,交叉口附近,柏油,乾燥,無缺陷,無障礙物,無遮蔽物,良好,無號誌,無號誌,無,無分向設施,未繪設車道線,未繪設快慢車道分隔線,無,車與車,路口交岔撞,駕駛者,無號誌路口，支線道未讓幹線道先行,死亡0;受傷2,1,小客車(含客、貨兩用),自用,男,46,繫安全帶(使用幼童安全椅),未使用,車的狀態,向前直行中,汽車,左前車頭(身),,,駕駛者,無號誌路口，支線道未讓幹線道先行,否,120.293587,22.632901
2025,11,20251102,103000,A2,高雄市政府警察局,高雄市前金區文武一街 / 高雄市前金區自強一路,晴,無照明,市區道路,30,交岔路,四岔路,交叉路口,交叉口附近,柏油,乾燥,無缺陷,無障礙物,無遮蔽物,良好,無號誌,無號誌,無,無分向設施,未繪設車道線,未繪設快慢車道分隔線,無,車與車,路口交岔撞,駕駛者,無號誌路口，支線道未讓幹線道先行,死亡0;受傷2,2,機車,普通重型,男,42,戴非半罩式安全帽,未使用,車的狀態,向前直行中,機車與自行車,前車頭,,,駕駛者,未依規定減速,否,120.293587,22.632901
2025,11,20251102,103000,A2,高雄市政府警察局,高雄市前金區文武一街 / 高雄市前金區自強一路,晴,無照明,市區道路,30,交岔路,四岔路,交叉路口,交叉口附近,柏油,乾燥,無缺陷,無障礙物,無遮蔽物,良好,無號誌,無號誌,無,無分向設施,未繪設車道線,未繪設快慢車道分隔線,無,車與車,路口交岔撞,駕駛者,無號誌路口，支線道未讓幹線道先行,死亡0;受傷2,3,小客車(含客、貨兩用),自用,男,35,繫安全帶(使用幼童安全椅),未使用,車的狀態,等待(引擎未熄火),其他,無撞擊,,,其他,違規(臨時)停車,否,120.293587,22.632901
2025,11,20251102,103000,A2,高雄市政府警察局,高雄市前金區文武一街 / 高雄市前金區自強一路,晴,無照明,市區道路,30,交岔路,四岔路,交叉路口,交叉口附近,柏油,乾燥,無缺陷,無障礙物,無遮蔽物,良好,無號誌,無號誌,無,無分向設施,未繪設車道線,未繪設快慢車道分隔線,無,車與車,路口交岔撞,駕駛者,無號誌路口，支線道未讓幹線道先行,死亡0;受傷2,4,人,乘客,男,13,戴非半罩式安全帽,非駕駛人,不明,不明,其他,無撞擊,,,無(非車輛駕駛人因素),尚未發現肇事因素,否,120.293587,22.632901
2025,11,20251102,103508,A2,彰化縣警察局,彰化縣社頭鄉民生路與員集路2段74巷,晴,無照明,村里道路,50,交岔路,多岔路,交叉路口,交叉路口內,柏油,乾燥,無缺陷,路上有停車,有遮蔽物,建築物,無號誌,無號誌,雙向禁止超車線,附標記,未繪設車道線,未繪設快慢車道分隔線,有,車與車,路口交岔撞,駕駛者,無號誌路口，轉彎車未讓直行車先行,死亡0;受傷1,1,小客車(含客、貨兩用),自用,女,61,繫安全帶(使用幼童安全椅),未使用,車的狀態,其他,汽車,左側車身,,,駕駛者,無號誌路口，轉彎車未讓直行車先行,否,120.588888,23.896212
2025,11,20251102,103508,A2,彰化縣警察局,彰化縣社頭鄉民生路與員集路2段74巷,晴,無照明,村里道路,50,交岔路,多岔路,交叉路口,交叉路口內,柏油,乾燥,無缺陷,路上有停車,有遮蔽物,建築物,無號誌,無號誌,雙向禁止超車線,附標記,未繪設車道線,未繪設快慢車道分隔線,有,車與車,路口交岔撞,駕駛者,無號誌路口，轉彎車未讓直行車先行,死亡0;受傷1,2,機車,普通重型,男,52,戴非半罩式安全帽,未使用,車的狀態,向前直行中,機車與自行車,左側車身,,,駕駛者,未依規定減速,否,120.588888,23.896212
2025,11,20251102,103508,A2,彰化縣警察局,彰化縣社頭鄉民生路與員集路2段74巷,晴,無照明,村里道路,50,交岔路,多岔路,交叉路口,交叉路口內,柏油,乾燥,無缺陷,路上有停車,有遮蔽物,建築物,無號誌,無號誌,雙向禁止超車線,附標記,未繪設車道線,未繪設快慢車道分隔線,有,車與車,路口交岔撞,駕駛者,無號誌路口，轉彎車未讓直行車先行,死亡0;受傷1,3,小客車(含客、貨兩用),自用,女,64,不明,不明,車的狀態,靜止(引擎熄火),其他,無撞擊,,,其他,違規(臨時)停車,否,120.588888,23.896212
2025,11,20251102,104300,A2,南投縣政府警察局,南投縣埔里鎮大城里大城路31-3號前0.0公尺,晴,有照明未開啟或故障,村里道路,50,單路部分,直路,路段,一般車道(未劃分快慢車道),柏油,乾燥,無缺陷,無障礙物,無遮蔽物,良好,無號誌,無號誌,雙向禁止超車線,無標記,禁止變換車道線(無標記),未繪設快慢車道分隔線,有,車輛本身,路上翻車、摔倒,其他,車輛或機械操作不當(慎),死亡0;受傷1,1,慢車,腳踏自行車,男,15,其他(無需使用保護裝備之人),未使用,車的狀態,向前直行中,機車與自行車,左側車身,,,其他,車輛或機械操作不當(慎),否,120.959062,23.970085
2025,11,20251102,104300,A2,南投縣政府警察局,南投縣埔里鎮大城里大城路31-3號前0.0公尺,晴,有照明未開啟或故障,村里道路,50,單路部分,直路,路段,一般車道(未劃分快慢車道),柏油,乾燥,無缺陷,無障礙物,無遮蔽物,良好,無號誌,無號誌,雙向禁止超車線,無標記,禁止變換車道線(無標記),未繪設快慢車道分隔線,有,車輛本身,路上翻車、摔倒,其他,車輛或機械操作不當(慎),死亡0;受傷1,2,,,無或物(動物、堆置物),-1,,,,,,,,,無(非車輛駕駛人因素),尚未發現肇事因素,否,120.959062,23.970085
2025,11,20251102,104300,A2,新北市政府警察局,新北市板橋區縣民大道1段 / 新北市板橋區民權路,雨,有照明未開啟或故障,市區道路,50,交岔路,四岔路,交叉路口,交叉路口內,柏油,濕潤,無缺陷,無障礙物,無遮蔽物,良好,行車管制號誌(附設行人專用號誌),正常,中央分向島,窄式無柵欄,車道線(無標記),未繪設快慢車道分隔線,有,車與車,其他,駕駛者,右轉彎未依規定,死亡0;受傷1,1,小客車(含客、貨兩用),租賃車,男,33,繫安全帶(使用幼童安全椅),未使用,車的狀態,右轉彎,汽車,右後車尾(身),,,駕駛者,右轉彎未依規定,否,121.461751,25.011342
2025,11,20251102,104300,A2,新北市政府警察局,新北市板橋區縣民大道1段 / 新北市板橋區民權路,雨,有照明未開啟或故障,市區道路,50,交岔路,四岔路,交叉路口,交叉路口內,柏油,濕潤,無缺陷,無障礙物,無遮蔽物,良好,行車管制號誌(附設行人專用號誌),正常,中央分向島,窄式無柵欄,車道線(無標記),未繪設快慢車道分隔線,有,車與車,其他,駕駛者,右轉彎未依規定,死亡0;受傷1,2,機車,普通重型,女,32,戴非半罩式安全帽,未使用,車的狀態,向前直行中,機車與自行車,前車頭,,,無(車輛駕駛者因素),尚未發現肇事因素,否,121.461751,25.011342
2025,11,20251102,104400,A2,臺北市政府警察局,臺北市內湖區民權大橋前0.0公尺,陰,有照明未開啟或故障,市區道路,50,交岔路,四岔路,交叉路口,交叉路口內,柏油,乾燥,無缺陷,無障礙物,無遮蔽物,良好,行車管制號誌,正常,中央分向島,寬式(50公分以上),車道線(附標記),未繪設快慢車道分隔線,有,車與車,同向擦撞,駕駛者,閃避不當(慎),死亡0;受傷2,1,機車,普通重型,女,27,戴非半罩式安全帽,未使用,車的狀態,向前直行中,機車與自行車,前車頭,,,駕駛者,閃避不當(慎),否,121.578755,25.066715
2025,11,20251102,104400,A2,臺北市政府警察局,臺北市內湖區民權大橋前0.0公尺,陰,有照明未開啟或故障,市區道路,50,交岔路,四岔路,交叉路口,交叉路口內,柏油,乾燥,無缺陷,無障礙物,無遮蔽物,良好,行車管制號誌,正常,中央分向島,寬式(50公分以上),車道線(附標記),未繪設快慢車道分隔線,有,車與車,同向擦撞,駕駛者,閃避不當(慎),死亡0;受傷2,2,機車,普通重型,男,77,戴非半罩式安全帽,未使用,車的狀態,等待(引擎未熄火),機車與自行車,後車尾,,,駕駛者,違反其他號誌,否,121.578755,25.066715
2025,11,20251102,105100,A2,臺中市政府警察局,臺中市南區新榮里學府路 / 臺中市南區新榮里建國南路三段,晴,有照明未開啟或故障,市區道路,50,交岔路,四岔路,交叉路口,交叉路口內,柏油,乾燥,無缺陷,無障礙物,無遮蔽物,良好,行車管制號誌(附設行人專用號誌),正常,無,無分向設施,未繪設車道線,未繪設快慢車道分隔線,無,車與車,路口交岔撞,駕駛者,闖紅燈直行,死亡0;受傷2,1,慢車,微型電動二輪車,女,75,戴半罩式安全帽,未使用,車的狀態,向前直行中,機車與自行車,前車頭,,,駕駛者,闖紅燈直行,否,120.673000,24.131266
2025,11,20251102,105100,A2,臺中市政府警察局,臺中市南區新榮里學府路 / 臺中市南區新榮里建國南路三段,晴,有照明未開啟或故障,市區道路,50,交岔路,四岔路,交叉路口,交叉路口內,柏油,乾燥,無缺陷,無障礙物,無遮蔽物,良好,行車管制號誌(附設行人專用號誌),正常,無,無分向設施,未繪設車道線,未繪設快慢車道分隔線,無,車與車,路口交岔撞,駕駛者,闖紅燈直行,死亡0;受傷2,2,機車,普通重型,女,67,戴半罩式安全帽,未使用,車的狀態,向前直行中,機車與自行車,前車頭,,,無(車輛駕駛者因素),尚未發現肇事因素,否,120.673000,24.131266
2025,11,20251102,105100,A2,臺中市政府警察局,臺中市南區長春里復興路三段 / 臺中市南區長春里民意街,晴,無照明,市區道路,50,交岔路,四岔路,路段,一般車道(未劃分快慢車道),柏油,乾燥,無缺陷,無障礙物,無遮蔽物,良好,行車管制號誌(附設行人專用號誌),正常,雙向禁止超車線,無標記,未繪設車道線,未繪設快慢車道分隔線,無,車與車,倒車撞,駕駛者,倒車未依規定,死亡0;受傷1,1,小客車(含客、貨兩用),自用,男,45,不明,不明,車的狀態,倒車,汽車,左前車頭(身),,,駕駛者,倒車未依規定,否,120.681897,24.133974
2025,11,20251102,105100,A2,臺中市政府警察局,臺中市南區長春里復興路三段 / 臺中市南區長春里民意街,晴,無照明,市區道路,50,交岔路,四岔路,路段,一般車道(未劃分快慢車道),柏油,乾燥,無缺陷,無障礙物,無遮蔽物,良好,行車管制號誌(附設行人專用號誌),正常,雙向禁止超車線,無標記,未繪設車道線,未繪設快慢車道分隔線,無,車與車,倒車撞,駕駛者,倒車未依規定,死亡0;受傷1,2,機車,普通重型,女,68,不明,不明,車的狀態,等待(引擎未熄火),機車與自行車,左側車身,,,其他,其他不當駕車行為,否,120.681897,24.133974
2025,11,20251102,105900,A2,新北市政府警察局,新北市板橋區中山路2段 / 新北市板橋區中山路,陰,有照明未開啟或故障,市區道路,50,交岔路,四岔路,交叉路口,交叉路口內,柏油,乾燥,無缺陷,無障礙物,無遮蔽物,良好,行車管制號誌,正常,行車分向線,無標記,車道線(無標記),未繪設快慢車道分隔線,有,車與車,其他,駕駛者,未靠右行駛,死亡0;受傷2,1,機車,普通重型,女,25,戴半罩式安全帽,未使用,車的狀態,右轉彎,機車與自行車,右側車身,,,駕駛者,未靠右行駛,否,121.476592,25.017093
2025,11,20251102,105900,A2,新北市政府警察局,新北市板橋區中山路2段 / 新北市板橋區中山路,陰,有照明未開啟或故障,市區道路,50,交岔路,四岔路,交叉路口,交叉路口內,柏油,乾燥,無缺陷,無障礙物,無遮蔽物,良好,行車管制號誌,正常,行車分向線,無標記,車道線(無標記),未繪設快慢車道分隔線,有,車與車,其他,駕駛者,未靠右行駛,死亡0;受傷2,2,機車,普通重型,女,71,戴半罩式安全帽,未使用,車的狀態,向前直行中,機車與自行車,前車頭,,,駕駛者,恍神、緊張、心不在焉分心駕駛,否,121.476592,25.017093
2025,11,20251102,110100,A2,新北市政府警察局,新北市淡水區淡金路 / 新北市淡水區新市二路4段,晴,無照明,市區道路,50,單路部分,直路,路段,一般車道(未劃分快慢車道),柏油,乾燥,無缺陷,無障礙物,無遮蔽物,良好,行車管制號誌(附設行人專用號誌),正常,中央分向島,窄式無柵欄,車道線(附標記),未繪設快慢車道分隔線,有,車與車,同向擦撞,無(車輛駕駛者因素),尚未發現肇事因素,死亡0;受傷1,1,小客車(含客、貨兩用),自用,男,55,繫安全帶(使用幼童安全椅),未使用,車的狀態,向前直行中,汽車,右側車身,,,無(車輛駕駛者因素),尚未發現肇事因素,否,121.446519,25.192474
2025,11,20251102,110100,A2,新北市政府警察局,新北市淡水區淡金路 / 新北市淡水區新市二路4段,晴,無照明,市區道路,50,單路部分,直路,路段,一般車道(未劃分快慢車道),柏油,乾燥,無缺陷,無障礙物,無遮蔽物,良好,行車管制號誌(附設行人專用號誌),正常,中央分向島,窄式無柵欄,車道線(附標記),未繪設快慢車道分隔線,有,車與車,同向擦撞,無(車輛駕駛者因素),尚未發現肇事因素,死亡0;受傷1,2,慢車,腳踏自行車,男,60,戴半罩式安全帽,未使用,車的狀態,向前直行中,其他,不明,,,無(車輛駕駛者因素),尚未發現肇事因素,否,121.446519,25.192474
2025,11,20251102,110200,A2,臺中市政府警察局,臺中市大甲區孔門里新政路78號前0.0公尺,晴,有照明未開啟或故障,市區道路,50,單路部分,直路,路段,一般車道(未劃分快慢車道),柏油,乾燥,無缺陷,無障礙物,無遮蔽物,良好,無號誌,無號誌,行車分向線,無標記,未繪設車道線,未繪設快慢車道分隔線,有,車與車,其他,駕駛者,起步時未注意安全,死亡0;受傷2,1,機車,普通重型,女,54,戴非半罩式安全帽,未使用,車的狀態,起步,機車與自行車,前車頭,,,駕駛者,起步時未注意安全,否,120.624865,24.349241