發生年度,發生月份,發生日期,發生時間,事故類別名稱,處理單位名稱警局層,發生地點,天候名稱,光線名稱,道路類別-第1當事者-名稱,速限-第1當事者,道路型態大類別名稱,道路型態子類別名稱,事故位置大類別名稱,事故位置子類別名稱,路面狀況-路面鋪裝名稱,路面狀況-路面狀態名稱,路面狀況-路面缺陷名稱,道路障礙-障礙物名稱,道路障礙-視距品質名稱,道路障礙-視距名稱,號誌-號誌種類名稱,號誌-號誌動作名稱,車道劃分設施-分向設施大類別名稱,車道劃分設施-分向設施子類別名稱,車道劃分設施-分道設施-快車道或一般車道間名稱,車道劃分設施-分道設施-快慢車道間名稱,車道劃分設施-分道設施-路面邊線名稱,事故類型及型態大類別名稱,事故類型及型態子類別名稱,肇因研判大類別名稱-主要,肇因研判子類別名稱-主要,死亡受傷人數,當事者順位,當事者區分-類別-大類別名稱-車種,當事者區分-類別-子類別名稱-車種,當事者屬-性-別名稱,當事者事故發生時年齡,保護裝備名稱,行動電話或電腦或其他相類功能裝置名稱,當事者行動狀態大類別名稱,當事者行動狀態子類別名稱,車輛撞擊部位大類別名稱-最初,車輛撞擊部位子類別名稱-最初,車輛撞擊部位大類別名稱-其他,車輛撞擊部位子類別名稱-其他,肇因研判大類別名稱-個別,肇因研判子類別名稱-個別,肇事逃逸類別名稱-是否肇逃,經度,緯度
2025,11,20251102,110200,A2,臺中市政府警察局,臺中市大甲區孔門里新政路78號前0.0公尺,晴,有照明未開啟或故障,市區道路,50,單路部分,直路,路段,一般車道(未劃分快慢車道),柏油,乾燥,無缺陷,無障礙物,無遮蔽物,良好,無號誌,無號誌,行車分向線,無標記,未繪設車道線,未繪設快慢車道分隔線,有,車與車,其他,駕駛者,起步時未注意安全,死亡0;受傷2,2,機車,普通重型,男,18,戴非半罩式安全帽,未使用,車的狀態,向前直行中,機車與自行車,前車頭,,,無(車輛駕駛者因素),尚未發現肇事因素,否,120.624865,24.349241
2025,11,20251102,110600,A2,高雄市政府警察局,高雄市岡山區仁壽路 / 高雄市岡山區介壽路,晴,有照明未開啟或故障,市區道路,50,交岔路,四岔路,交叉路口,交叉口附近,柏油,乾燥,無缺陷,無障礙物,無遮蔽物,良好,行車管制號誌(附設行人專用號誌),正常,雙向禁止超車線,無標記,車道線(無標記),未繪設快慢車道分隔線,有,車與車,追撞,駕駛者,恍神、緊張、心不在焉分心駕駛,死亡0;受傷1,1,機車,普通重型,男,18,戴半罩式安全帽,未使用,車的狀態,向前直行中,機車與自行車,前車頭,,,駕駛者,恍神、緊張、心不在焉分心駕駛,否,120.284945,22.784531
2025,11,20251102,110600,A2,高雄市政府警察局,高雄市岡山區仁壽路 / 高雄市岡山區介壽路,晴,有照明未開啟或故障,市區道路,50,交岔路,四岔路,交叉路口,交叉口附近,柏油,乾燥,無缺陷,無障礙物,無遮蔽物,良好,行車管制號誌(附設行人專用號誌),正常,雙向禁止超車線,無標記,車道線(無標記),未繪設快慢車道分隔線,有,車與車,追撞,駕駛者,恍神、緊張、心不在焉分心駕駛,死亡0;受傷1,2,慢車,腳踏自行車,女,77,其他(無需使用保護裝備之人),未使用,車的狀態,向前直行中,機車與自行車,後車尾,,,無(車輛駕駛者因素),尚未發現肇事因素,否,120.284945,22.784531
2025,11,20251102,110704,A2,新竹縣政府警察局,新竹縣新豐鄉新庄路296號前,晴,有照明未開啟或故障,市區道路,50,單路部分,直路,路段,一般車道(未劃分快慢車道),柏油,乾燥,無缺陷,無障礙物,無遮蔽物,良好,無號誌,無號誌,行車分向線,附標記,禁止變換車道線(無標記),未繪設快慢車道分隔線,有,車與車,其他,駕駛者,迴轉未依規定,死亡0;受傷1,1,機車,普通重型,男,64,戴半罩式安全帽,未使用,車的狀態,迴轉或橫越道路中,機車與自行車,前車頭,,,駕駛者,迴轉未依規定,否,120.985188,24.903957
2025,11,20251102,110704,A2,新竹縣政府警察局,新竹縣新豐鄉新庄路296號前,晴,有照明未開啟或故障,市區道路,50,單路部分,直路,路段,一般車道(未劃分快慢車道),柏油,乾燥,無缺陷,無障礙物,無遮蔽物,良好,無號誌,無號誌,行車分向線,附標記,禁止變換車道線(無標記),未繪設快慢車道分隔線,有,車與車,其他,駕駛者,迴轉未依規定,死亡0;受傷1,2,小客車(含客、貨兩用),自用,女,42,繫安全帶(使用幼童安全椅),未使用,車的狀態,向前直行中,汽車,右側車身,,,無(車輛駕駛者因素),尚未發現肇事因素,否,120.985188,24.903957
2025,11,20251102,110800,A2,高雄市政府警察局,高雄市左營區文川路 / 高雄市左營區重和路,晴,有照明未開啟或故障,市區道路,50,交岔路,四岔路,交叉路口,交叉路口內,柏油,乾燥,無缺陷,無障礙物,無遮蔽物,良好,行車管制號誌(附設行人專用號誌),正常,雙向禁止超車線,無標記,未繪設車道線,快慢車道分隔線,有,車與車,側撞,駕駛者,有號誌路口，轉彎車未讓直行車先行,死亡0;受傷1,1,小客車(含客、貨兩用),自用,男,58,繫安全帶(使用幼童安全椅),未使用,車的狀態,右轉彎,汽車,右前車頭(身),,,駕駛者,有號誌路口，轉彎車未讓直行車先行,否,120.312274,22.684559
2025,11,20251102,110800,A2,高雄市政府警察局,高雄市左營區文川路 / 高雄市左營區重和路,晴,有照明未開啟或故障,市區道路,50,交岔路,四岔路,交叉路口,交叉路口內,柏油,乾燥,無缺陷,無障礙物,無遮蔽物,良好,行車管制號誌(附設行人專用號誌),正常,雙向禁止超車線,無標記,未繪設車道線,快慢車道分隔線,有,車與車,側撞,駕駛者,有號誌路口，轉彎車未讓直行車先行,死亡0;受傷1,2,機車,普通重型,女,32,戴半罩式安全帽,未使用,車的狀態,向前直行中,機車與自行車,左側車身,,,無(車輛駕駛者因素),尚未發現肇事因素,否,120.312274,22.684559
2025,11,20251102,111000,A2,臺中市政府警察局,臺中市清水區中社里鰲峰路 / 臺中市清水區中社里鎮政路,晴,無照明,市區道路,50,交岔路,四岔路,交叉路口,交叉路口內,柏油,乾燥,無缺陷,道路工事(程)中,無遮蔽物,良好,行車管制號誌,正常,中央分向島,寬式(50公分以上),車道線(無標記),未繪設快慢車道分隔線,有,車與車,其他,駕駛者,闖紅燈直行,死亡0;受傷2,1,機車,普通重型,男,71,戴非半罩式安全帽,未使用,車的狀態,向前直行中,機車與自行車,左側車身,,,駕駛者,闖紅燈直行,否,120.561063,24.267270
2025,11,20251102,111000,A2,臺中市政府警察局,臺中市清水區中社里鰲峰路 / 臺中市清水區中社里鎮政路,晴,無照明,市區道路,50,交岔路,四岔路,交叉路口,交叉路口內,柏油,乾燥,無缺陷,道路工事(程)中,無遮蔽物,良好,行車管制號誌,正常,中央分向島,寬式(50公分以上),車道線(無標記),未繪設快慢車道分隔線,有,車與車,其他,駕駛者,闖紅燈直行,死亡0;受傷2,2,小客車(含客、貨兩用),自用,女,25,繫安全帶(使用幼童安全椅),未使用,車的狀態,向前直行中,汽車,前車頭,,,無(車輛駕駛者因素),尚未發現肇事因素,否,120.561063,24.267270
2025,11,20251102,111000,A2,臺中市政府警察局,臺中市清水區中社里鰲峰路 / 臺中市清水區中社里鎮政路,晴,無照明,市區道路,50,交岔路,四岔路,交叉路口,交叉路口內,柏油,乾燥,無缺陷,道路工事(程)中,無遮蔽物,良好,行車管制號誌,正常,中央分向島,寬式(50公分以上),車道線(無標記),未繪設快慢車道分隔線,有,車與車,其他,駕駛者,闖紅燈直行,死亡0;受傷2,3,機車,普通重型,女,48,戴非半罩式安全帽,未使用,車的狀態,向前直行中,機車與自行車,左側車身,,,無(車輛駕駛者因素),尚未發現肇事因素,否,120.561063,24.267270
2025,11,20251102,111200,A2,臺中市政府警察局,臺中市太平區宜昌里宜昌路前0.0公尺,晴,有照明未開啟或故障,市區道路,50,交岔路,多岔路,交叉路口,交叉路口內,柏油,乾燥,無缺陷,無障礙物,無遮蔽物,良好,行車管制號誌,正常,中央分向島,窄式無柵欄,車道線(無標記),快慢車道分隔線,有,車與車,側撞,駕駛者,起步時未注意安全,死亡0;受傷2,1,機車,普通重型,男,71,戴非半罩式安全帽,未使用,車的狀態,起步,機車與自行車,前車頭,,,駕駛者,起步時未注意安全,否,120.713093,24.143591
2025,11,20251102,111200,A2,臺中市政府警察局,臺中市太平區宜昌里宜昌路前0.0公尺,晴,有照明未開啟或故障,市區道路,50,交岔路,多岔路,交叉路口,交叉路口內,柏油,乾燥,無缺陷,無障礙物,無遮蔽物,良好,行車管制號誌,正常,中央分向島,窄式無柵欄,車道線(無標記),快慢車道分隔線,有,車與車,側撞,駕駛者,起步時未注意安全,死亡0;受傷2,2,機車,普通重型,女,24,戴非半罩式安全帽,未使用,車的狀態,右轉彎,機車與自行車,前車頭,,,無(車輛駕駛者因素),尚未發現肇事因素,否,120.713093,24.143591
2025,11,20251102,111600,A2,臺中市政府警察局,臺中市南區福平里復興路三段 / 臺中市南區福平里高院路,晴,無照明,市區道路,50,交岔路,四岔路,其他,行人穿越道,柏油,乾燥,無缺陷,無障礙物,無遮蔽物,良好,行車管制號誌(附設行人專用號誌),正常,無,無分向設施,未繪設車道線,未繪設快慢車道分隔線,無,人與車,穿越道路中,駕駛者,車輛未依規定暫停讓行人先行,死亡0;受傷2,1,小客車(含客、貨兩用),自用,男,31,繫安全帶(使用幼童安全椅),未使用,車的狀態,左轉彎,汽車,前車頭,,,駕駛者,車輛未依規定暫停讓行人先行,否,120.667553,24.128048
2025,11,20251102,111600,A2,臺中市政府警察局,臺中市南區福平里復興路三段 / 臺中市南區福平里高院路,晴,無照明,市區道路,50,交岔路,四岔路,其他,行人穿越道,柏油,乾燥,無缺陷,無障礙物,無遮蔽物,良好,行車管制號誌(附設行人專用號誌),正常,無,無分向設施,未繪設車道線,未繪設快慢車道分隔線,無,人與車,穿越道路中,駕駛者,車輛未依規定暫停讓行人先行,死亡0;受傷2,2,人,行人,女,65,其他(無需使用保護裝備之人),非駕駛人,人的狀態,步行,其他,非汽、機及自行車,,,無(非車輛駕駛人因素),尚未發現肇事因素,否,120.667553,24.128048
2025,11,20251102,111600,A2,臺中市政府警察局,臺中市南區福平里復興路三段 / 臺中市南區福平里高院路,晴,無照明,市區道路,50,交岔路,四岔路,其他,行人穿越道,柏油,乾燥,無缺陷,無障礙物,無遮蔽物,良好,行車管制號誌(附設行人專用號誌),正常,無,無分向設施,未繪設車道線,未繪設快慢車道分隔線,無,人與車,穿越道路中,駕駛者,車輛未依規定暫停讓行人先行,死亡0;受傷2,3,人,行人,男,6,其他(無需使用保護裝備之人),非駕駛人,人的狀態,步行,其他,非汽、機及自行車,,,無(非車輛駕駛人因素),尚未發現肇事因素,否,120.667553,24.128048
2025,11,20251102,111900,A2,彰化縣警察局,彰化縣員林市大明里員集路1段338號前0.0公尺,晴,無照明,市區道路,50,單路部分,直路,路段,路肩、路緣,柏油,乾燥,無缺陷,無障礙物,無遮蔽物,良好,無號誌,無號誌,雙向禁止超車線,無標記,未繪設車道線,快慢車道分隔線,有,車與車,同向擦撞,駕駛者,恍神、緊張、心不在焉分心駕駛,死亡0;受傷1,1,機車,普通重型,女,69,戴半罩式安全帽,未使用,車的狀態,向前直行中,機車與自行車,前車頭,,,駕駛者,恍神、緊張、心不在焉分心駕駛,否,120.578292,23.930187
2025,11,20251102,111900,A2,彰化縣警察局,彰化縣員林市大明里員集路1段338號前0.0公尺,晴,無照明,市區道路,50,單路部分,直路,路段,路肩、路緣,柏油,乾燥,無缺陷,無障礙物,無遮蔽物,良好,無號誌,無號誌,雙向禁止超車線,無標記,未繪設車道線,快慢車道分隔線,有,車與車,同向擦撞,駕駛者,恍神、緊張、心不在焉分心駕駛,死亡0;受傷1,2,小客車(含客、貨兩用),自用,女,71,不明,不明,車的狀態,靜止(引擎熄火),汽車,左後車尾(身),,,無(車輛駕駛者因素),尚未發現肇事因素,否,120.578292,23.930187
2025,11,20251102,112000,A2,新北市政府警察局,新北市中和區景新街555號前0.0公尺,雨,有照明未開啟或故障,其他,50,單路部分,直路,路段,一般車道(未劃分快慢車道),柏油,濕潤,無缺陷,無障礙物,無遮蔽物,良好,無號誌,無號誌,雙向禁止超車線,無標記,未繪設車道線,未繪設快慢車道分隔線,有,車與車,其他,無(車輛駕駛者因素),尚未發現肇事因素,死亡0;受傷1,1,機車,普通重型,女,59,戴半罩式安全帽,不明,車的狀態,向右變換車道,機車與自行車,右側車身,,,無(車輛駕駛者因素),尚未發現肇事因素,否,121.511856,24.999527
2025,11,20251102,112000,A2,新北市政府警察局,新北市中和區景新街555號前0.0公尺,雨,有照明未開啟或故障,其他,50,單路部分,直路,路段,一般車道(未劃分快慢車道),柏油,濕潤,無缺陷,無障礙物,無遮蔽物,良好,無號誌,無號誌,雙向禁止超車線,無標記,未繪設車道線,未繪設快慢車道分隔線,有,車與車,其他,無(車輛駕駛者因素),尚未發現肇事因素,死亡0;受傷1,2,小客車(含客、貨兩用),自用,男,48,不明,不明,車的狀態,向前直行中,汽車,左側車身,,,無(車輛駕駛者因素),尚未發現肇事因素,否,121.511856,24.999527
2025,11,20251102,112400,A2,南投縣政府警察局,南投縣鹿谷鄉凍頂巷(鹿谷鄉消防隊旁)往凍頂方向1公里處,晴,有照明未開啟或故障,村里道路,50,單路部分,坡路,路段,一般車道(未劃分快慢車道),柏油,乾燥,無缺陷,無障礙物,無遮蔽物,良好,無號誌,無號誌,無,無分向設施,未繪設車道線,未繪設快慢車道分隔線,有,車輛本身,其他,機件,煞車失靈或故障,死亡0;受傷1,1,小客車(含客、貨兩用),自用,男,57,繫安全帶(使用幼童安全椅),未使用,車的狀態,向前直行中,汽車,左前車頭(身),,,機件,煞車失靈或故障,否,120.763209,23.739543
2025,11,20251102,112400,A2,南投縣政府警察局,南投縣鹿谷鄉凍頂巷(鹿谷鄉消防隊旁)往凍頂方向1公里處,晴,有照明未開啟或故障,村里道路,50,單路部分,坡路,路段,一般車道(未劃分快慢車道),柏油,乾燥,無缺陷,無障礙物,無遮蔽物,良好,無號誌,無號誌,無,無分向設施,未繪設車道線,未繪設快慢車道分隔線,有,車輛本身,其他,機件,煞車失靈或故障,死亡0;受傷1,2,,,無或物(動物、堆置物),-1,,,,,,,,,無(非車輛駕駛人因素),尚未發現肇事因素,否,120.763209,23.739543
2025,11,20251102,112400,A2,臺中市政府警察局,臺中市西屯區龍潭里市政路 / 臺中市西屯區龍潭里環中路三段,晴,有照明未開啟或故障,市區道路,50,交岔路,三岔路,交叉路口,交叉路口內,柏油,乾燥,無缺陷,無障礙物,無遮蔽物,良好,行車管制號誌(附設行人專用號誌),正常,無,無分向設施,未繪設車道線,未繪設快慢車道分隔線,無,車與車,側撞,其他,其他不當駕車行為,死亡0;受傷1,1,小客車(含客、貨兩用),自用,男,40,不明,不明,車的狀態,左轉彎,汽車,右側車身,,,其他,其他不當駕車行為,否,120.628603,24.162931
2025,11,20251102,112400,A2,臺中市政府警察局,臺中市西屯區龍潭里市政路 / 臺中市西屯區龍潭里環中路三段,晴,有照明未開啟或故障,市區道路,50,交岔路,三岔路,交叉路口,交叉路口內,柏油,乾燥,無缺陷,無障礙物,無遮蔽物,良好,行車管制號誌(附設行人專用號誌),正常,無,無分向設施,未繪設車道線,未繪設快慢車道分隔線,無,車與車,側撞,其他,其他不當駕車行為,死亡0;受傷1,2,機車,普通重型,男,18,不明,不明,車的狀態,向前直行中,機車與自行車,前車頭,,,駕駛者,恍神、緊張、心不在焉分心駕駛,否,120.628603,24.162931
2025,11,20251102,112500,A2,嘉義市政府警察局,嘉義市東區中山里中山路 / 嘉義市東區中山里忠孝路,晴,有照明未開啟或故障,市區道路,50,交岔路,四岔路,交叉路口,交叉口附近,柏油,乾燥,無缺陷,無障礙物,無遮蔽物,良好,行車管制號誌(附設行人專用號誌),正常,雙向禁止超車線,無標記,未繪設車道線,未繪設快慢車道分隔線,無,車與車,其他,駕駛者,起步時未注意安全,死亡0;受傷1,1,慢車,腳踏自行車,女,73,未戴安全帽或未繫安全帶(未使用幼童安全椅),未使用,車的狀態,起步,機車與自行車,右側車身,,,駕駛者,起步時未注意安全,否,120.454102,23.481602
2025,11,20251102,112500,A2,嘉義市政府警察局,嘉義市東區中山里中山路 / 嘉義市東區中山里忠孝路,晴,有照明未開啟或故障,市區道路,50,交岔路,四岔路,交叉路口,交叉口附近,柏油,乾燥,無缺陷,無障礙物,無遮蔽物,良好,行車管制號誌(附設行人專用號誌),正常,雙向禁止超車線,無標記,未繪設車道線,未繪設快慢車道分隔線,無,車與車,其他,駕駛者,起步時未注意安全,死亡0;受傷1,2,小客車(含客、貨兩用),自用,女,62,繫安全帶(使用幼童安全椅),未使用,車的狀態,右轉彎,汽車,左前車頭(身),,,無(車輛駕駛者因素),尚未發現肇事因素,否,120.454102,23.481602
2025,11,20251102,112500,A2,臺中市政府警察局,臺中市北屯區仁美里崇德路三段406號前0.0公尺,晴,無照明,市區道路,40,單路部分,直路,路段,慢車道,柏油,乾燥,無缺陷,無障礙物,無遮蔽物,良好,無號誌,無號誌,中央分向島,窄式無柵欄,車道線(無標記),快慢車道分隔線,無,車與車,其他,駕駛者,未保持行車安全間隔,死亡0;受傷2,1,慢車,腳踏自行車,男,11,未戴安全帽或未繫安全帶(未使用幼童安全椅),未使用,車的狀態,向前直行中,機車與自行車,右側車身,,,駕駛者,未保持行車安全間隔,否,120.686570,24.188843
2025,11,20251102,112500,A2,臺中市政府警察局,臺中市北屯區仁美里崇德路三段406號前0.0公尺,晴,無照明,市區道路,40,單路部分,直路,路段,慢車道,柏油,乾燥,無缺陷,無障礙物,無遮蔽物,良好,無號誌,無號誌,中央分向島,窄式無柵欄,車道線(無標記),快慢車道分隔線,無,車與車,其他,駕駛者,未保持行車安全間隔,死亡0;受傷2,2,小客車(含客、貨兩用),自用,男,50,繫安全帶(使用幼童安全椅),未使用,車的狀態,靜止(引擎熄火),汽車,左後車尾(身),,,無(車輛駕駛者因素),尚未發現肇事因素,否,120.686570,24.188843
2025,11,20251102,112500,A2,臺中市政府警察局,臺中市北屯區仁美里崇德路三段406號前0.0公尺,晴,無照明,市區道路,40,單路部分,直路,路段,慢車道,柏油,乾燥,無缺陷,無障礙物,無遮蔽物,良好,無號誌,無號誌,中央分向島,窄式無柵欄,車道線(無標記),快慢車道分隔線,無,車與車,其他,駕駛者,未保持行車安全間隔,死亡0;受傷2,3,機車,普通重型,男,43,戴半罩式安全帽,未使用,車的狀態,向前直行中,機車與自行車,右側車身,,,其他,車輛或機械操作不當(慎),否,120.686570,24.188843
2025,11,20251102,112700,A2,新北市政府警察局,新北市三峽區溪北路54號前0.0公尺,晴,有照明未開啟或故障,市區道路,40,單路部分,直路,路段,一般車道(未劃分快慢車道),柏油,乾燥,無缺陷,無障礙物,無遮蔽物,良好,無號誌,無號誌,無,無分向設施,未繪設車道線,未繪設快慢車道分隔線,無,車與車,其他,駕駛者,吸食違禁物駕駛,死亡0;受傷1,1,小客車(含客、貨兩用),自用,女,48,不明,不明,車的狀態,向前直行中,汽車,右側車身,,,駕駛者,吸食違禁物駕駛,否,121.397113,24.935946
2025,11,20251102,112700,A2,新北市政府警察局,新北市三峽區溪北路54號前0.0公尺,晴,有照明未開啟或故障,市區道路,40,單路部分,直路,路段,一般車道(未劃分快慢車道),柏油,乾燥,無缺陷,無障礙物,無遮蔽物,良好,無號誌,無號誌,無,無分向設施,未繪設車道線,未繪設快慢車道分隔線,無,車與車,其他,駕駛者,吸食違禁物駕駛,死亡0;受傷1,2,小客車(含客、貨兩用),自用,女,56,不明,不明,車的狀態,靜止(引擎熄火),汽車,左側車身,,,無(車輛駕駛者因素),尚未發現肇事因素,否,121.397113,24.935946
2025,11,20251102,113200,A2,臺中市政府警察局,臺中市大甲區頂店里經國(北端)路 / 臺中市大甲區頂店里中山路一段,晴,無照明,市區道路,50,交岔路,三岔路,交叉路口,交叉路口內,柏油,乾燥,無缺陷,無障礙物,無遮蔽物,良好,行車管制號誌,正常,無,無分向設施,未繪設車道線,未繪設快慢車道分隔線,無,車與車,其他,駕駛者,右轉彎未依規定,死亡0;受傷1,1,小客車(含客、貨兩用),自用,女,64,繫安全帶(使用幼童安全椅),未使用,車的狀態,右轉彎,汽車,右側車身,,,駕駛者,右轉彎未依規定,否,120.639486,24.363147
2025,11,20251102,113200,A2,臺中市政府警察局,臺中市大甲區頂店里經國(北端)路 / 臺中市大甲區頂店里中山路一段,晴,無照明,市區道路,50,交岔路,三岔路,交叉路口,交叉路口內,柏油,乾燥,無缺陷,無障礙物,無遮蔽物,良好,行車管制號誌,正常,無,無分向設施,未繪設車道線,未繪設快慢車道分隔線,無,車與車,其他,駕駛者,右轉彎未依規定,死亡0;受傷1,2,機車,普通重型,女,67,戴半罩式安全帽,未使用,車的狀態,向前直行中,機車與自行車,左側車身,,,無(車輛駕駛者因素),尚未發現肇事因素,否,120.639486,24.363147
2025,11,20251102,113300,A2,臺中市政府警察局,臺中市南區積善里興大路 / 臺中市南區積善里興大路,晴,無照明,市區道路,50,交岔路,四岔路,路段,一般車道(未劃分快慢車道),柏油,乾燥,無缺陷,無障礙物,無遮蔽物,良好,無號誌,無號誌,雙向禁止超車線,無標記,未繪設車道線,未繪設快慢車道分隔線,無,車與車,側撞,駕駛者,其他未依規定讓車,死亡0;受傷1,1,小客車(含客、貨兩用),自用,男,68,不明,不明,車的狀態,左轉彎,汽車,右前車頭(身),,,駕駛者,其他未依規定讓車,否,120.671781,24.116649
2025,11,20251102,113300,A2,臺中市政府警察局,臺中市南區積善里興大路 / 臺中市南區積善里興大路,晴,無照明,市區道路,50,交岔路,四岔路,路段,一般車道(未劃分快慢車道),柏油,乾燥,無缺陷,無障礙物,無遮蔽物,良好,無號誌,無號誌,雙向禁止超車線,無標記,未繪設車道線,未繪設快慢車道分隔線,無,車與車,側撞,駕駛者,其他未依規定讓車,死亡0;受傷1,2,機車,普通重型,男,25,不明,不明,車的狀態,向前直行中,機車與自行車,右側車身,,,駕駛者,未依規定減速,否,120.671781,24.116649
2025,11,20251102,113305,A2,嘉義縣警察局,嘉義縣太保市北新里北興路、中興路一段路口處,晴,有照明未開啟或故障,村里道路,30,交岔路,四岔路,交叉路口,交叉口附近,柏油,乾燥,無缺陷,無障礙物,無遮蔽物,良好,無號誌,無號誌,無,無分向設施,未繪設車道線,未繪設快慢車道分隔線,有,車與車,側撞,駕駛者,逆向行駛,死亡0;受傷1,1,小貨車,自用,男,60,繫安全帶(使用幼童安全椅),未使用,車的狀態,左轉彎,汽車,前車頭,,,駕駛者,逆向行駛,否,120.384961,23.499742
2025,11,20251102,113305,A2,嘉義縣警察局,嘉義縣太保市北新里北興路、中興路一段路口處,晴,有照明未開啟或故障,村里道路,30,交岔路,四岔路,交叉路口,交叉口附近,柏油,乾燥,無缺陷,無障礙物,無遮蔽物,良好,無號誌,無號誌,無,無分向設施,未繪設車道線,未繪設快慢車道分隔線,有,車與車,側撞,駕駛者,逆向行駛,死亡0;受傷1,2,機車,普通重型,男,24,戴半罩式安全帽,未使用,車的狀態,向前直行中,機車與自行車,前車頭,,,駕駛者,閃避不當(慎),否,120.384961,23.499742
2025,11,20251102,113500,A2,臺中市政府警察局,臺中市大里區仁德里仁化路 / 臺中市大里區仁德里善化路,晴,有照明未開啟或故障,市區道路,50,交岔路,四岔路,交叉路口,交叉路口內,柏油,乾燥,無缺陷,無障礙物,無遮蔽物,良好,行車管制號誌,正常,無,無分向設施,未繪設車道線,未繪設快慢車道分隔線,無,車與車,其他,其他,其他不當駕車行為,死亡0;受傷1,1,機車,普通重型,女,46,不明,不明,車的狀態,左轉彎,機車與自行車,後車尾,,,其他,其他不當駕車行為,否,120.701575,24.096124
2025,11,20251102,113500,A2,臺中市政府警察局,臺中市大里區仁德里仁化路 / 臺中市大里區仁德里善化路,晴,有照明未開啟或故障,市區道路,50,交岔路,四岔路,交叉路口,交叉路口內,柏油,乾燥,無缺陷,無障礙物,無遮蔽物,良好,行車管制號誌,正常,無,無分向設施,未繪設車道線,未繪設快慢車道分隔線,無,車與車,其他,其他,其他不當駕車行為,死亡0;受傷1,2,機車,普通重型,女,50,不明,不明,車的狀態,向前直行中,機車與自行車,前車頭,,,其他,其他不當駕車行為,否,120.701575,24.096124
2025,11,20251102,113500,A2,臺中市政府警察局,臺中市大里區仁德里仁化路 / 臺中市大里區仁德里善化路,晴,有照明未開啟或故障,市區道路,50,交岔路,四岔路,交叉路口,交叉路口內,柏油,乾燥,無缺陷,無障礙物,無遮蔽物,良好,行車管制號誌,正常,無,無分向設施,未繪設車道線,未繪設快慢車道分隔線,無,車與車,其他,其他,其他不當駕車行為,死亡0;受傷1,3,人,乘客,女,13,不明,非駕駛人,人的狀態,其他,其他,非汽、機及自行車,,,無(非車輛駕駛人因素),尚未發現肇事因素,否,120.701575,24.096124
2025,11,20251102,114000,A2,基隆市警察局,基隆市七堵區福五街94號前0.0公尺,陰,有照明未開啟或故障,市區道路,50,單路部分,直路,路段,一般車道(未劃分快慢車道),柏油,乾燥,無缺陷,無障礙物,無遮蔽物,良好,無號誌,無號誌,行車分向線,無標記,車道線(無標記),未繪設快慢車道分隔線,有,車與車,同向擦撞,駕駛者,方向不定(不包括危險駕車),死亡0;受傷2,1,機車,普通重型,男,68,戴半罩式安全帽,未使用,車的狀態,向前直行中,機車與自行車,左側車身,,,駕駛者,方向不定(不包括危險駕車),否,121.698213,25.085360
2025,11,20251102,114000,A2,基隆市警察局,基隆市七堵區福五街94號前0.0公尺,陰,有照明未開啟或故障,市區道路,50,單路部分,直路,路段,一般車道(未劃分快慢車道),柏油,乾燥,無缺陷,無障礙物,無遮蔽物,良好,無號誌,無號誌,行車分向線,無標記,車道線(無標記),未繪設快慢車道分隔線,有,車與車,同向擦撞,駕駛者,方向不定(不包括危險駕車),死亡0;受傷2,2,機車,普通重型,男,51,戴半罩式安全帽,未使用,車的狀態,向前直行中,機車與自行車,右側車身,,,無(車輛駕駛者因素),尚未發現肇事因素,否,121.698213,25.085360
2025,11,20251102,114200,A2,新北市政府警察局,新北市三重區環河北路 / 新北市三重區河邊北街,陰,有照明未開啟或故障,市區道路,50,交岔路,三岔路,交叉路口,交叉路口內,柏油,乾燥,無缺陷,無障礙物,無遮蔽物,良好,行車管制號誌(附設行人專用號誌),正常,無,無分向設施,未繪設車道線,未繪設快慢車道分隔線,無,車與車,側撞,駕駛者,未保持行車安全間隔,死亡0;受傷1,1,小客車(含客、貨兩用),自用,男,43,不明,不明,車的狀態,右轉彎,汽車,右側車身,,,駕駛者,未保持行車安全間隔,否,121.504382,25.068141
2025,11,20251102,114200,A2,新北市政府警察局,新北市三重區環河北路 / 新北市三重區河邊北街,陰,有照明未開啟或故障,市區道路,50,交岔路,三岔路,交叉路口,交叉路口內,柏油,乾燥,無缺陷,無障礙物,無遮蔽物,良好,行車管制號誌(附設行人專用號誌),正常,無,無分向設施,未繪設車道線,未繪設快慢車道分隔線,無,車與車,側撞,駕駛者,未保持行車安全間隔,死亡0;受傷1,2,機車,普通重型,男,22,不明,不明,車的狀態,向前直行中,機車與自行車,前車頭,,,駕駛者,未依規定減速,否,121.504382,25.068141
2025,11,20251102,114400,A2,新北市政府警察局,新北市板橋區三民路1段 / 新北市板橋區三民路,陰,有照明未開啟或故障,市區道路,3,交岔路,三岔路,交叉路口,交叉路口內,柏油,乾燥,無缺陷,無障礙物,無遮蔽物,良好,無號誌,無號誌,無,無分向設施,未繪設車道線,未繪設快慢車道分隔線,有,車與車,其他,駕駛者,觀看其他事故、活動、道路環境或車外資訊分心駕駛,死亡0;受傷3,1,慢車,腳踏自行車,男,13,戴非半罩式安全帽,未使用,車的狀態,向前直行中,機車與自行車,前車頭,,,駕駛者,觀看其他事故、活動、道路環境或車外資訊分心駕駛,否,121.480368,25.009910