發生年度,發生月份,發生日期,發生時間,事故類別名稱,處理單位名稱警局層,發生地點,天候名稱,光線名稱,道路類別-第1當事者-名稱,速限-第1當事者,道路型態大類別名稱,道路型態子類別名稱,事故位置大類別名稱,事故位置子類別名稱,路面狀況-路面鋪裝名稱,路面狀況-路面狀態名稱,路面狀況-路面缺陷名稱,道路障礙-障礙物名稱,道路障礙-視距品質名稱,道路障礙-視距名稱,號誌-號誌種類名稱,號誌-號誌動作名稱,車道劃分設施-分向設施大類別名稱,車道劃分設施-分向設施子類別名稱,車道劃分設施-分道設施-快車道或一般車道間名稱,車道劃分設施-分道設施-快慢車道間名稱,車道劃分設施-分道設施-路面邊線名稱,事故類型及型態大類別名稱,事故類型及型態子類別名稱,肇因研判大類別名稱-主要,肇因研判子類別名稱-主要,死亡受傷人數,當事者順位,當事者區分-類別-大類別名稱-車種,當事者區分-類別-子類別名稱-車種,當事者屬-性-別名稱,當事者事故發生時年齡,保護裝備名稱,行動電話或電腦或其他相類功能裝置名稱,當事者行動狀態大類別名稱,當事者行動狀態子類別名稱,車輛撞擊部位大類別名稱-最初,車輛撞擊部位子類別名稱-最初,車輛撞擊部位大類別名稱-其他,車輛撞擊部位子類別名稱-其他,肇因研判大類別名稱-個別,肇因研判子類別名稱-個別,肇事逃逸類別名稱-是否肇逃,經度,緯度
2025,11,20251102,135500,A2,高雄市政府警察局,高雄市新興區七賢一路 / 高雄市新興區仁愛一街,晴,有照明且開啟,市區道路,50,交岔路,四岔路,交叉路口,交叉路口內,柏油,乾燥,無缺陷,無障礙物,無遮蔽物,良好,行車管制號誌,正常,無,無分向設施,未繪設車道線,未繪設快慢車道分隔線,無,車與車,路口交岔撞,駕駛者,闖紅燈直行,死亡0;受傷3,2,機車,普通重型,男,39,戴非半罩式安全帽,未使用,車的狀態,向前直行中,機車與自行車,右側車身,,,無(車輛駕駛者因素),尚未發現肇事因素,否,120.307600,22.634380
2025,11,20251102,135500,A2,高雄市政府警察局,高雄市新興區七賢一路 / 高雄市新興區仁愛一街,晴,有照明且開啟,市區道路,50,交岔路,四岔路,交叉路口,交叉路口內,柏油,乾燥,無缺陷,無障礙物,無遮蔽物,良好,行車管制號誌,正常,無,無分向設施,未繪設車道線,未繪設快慢車道分隔線,無,車與車,路口交岔撞,駕駛者,闖紅燈直行,死亡0;受傷3,3,人,乘客,女,48,戴非半罩式安全帽,非駕駛人,人的狀態,其他,其他,非汽、機及自行車,,,無(非車輛駕駛人因素),尚未發現肇事因素,否,120.307600,22.634380
2025,11,20251102,135700,A2,臺北市政府警察局,臺北市萬華區西藏路 / 臺北市萬華區萬大路,晴,無照明,市區道路,50,交岔路,四岔路,交叉路口,交叉路口內,柏油,乾燥,無缺陷,無障礙物,無遮蔽物,良好,行車管制號誌(附設行人專用號誌),正常,中央分向島,窄式無柵欄,車道線(無標記),未繪設快慢車道分隔線,無,車與車,同向擦撞,駕駛者,闖紅燈直行,死亡0;受傷1,1,小客車(含客、貨兩用),自用,女,69,不明,不明,車的狀態,向前直行中,汽車,右前車頭(身),,,駕駛者,闖紅燈直行,否,121.500194,25.029342
2025,11,20251102,135700,A2,臺北市政府警察局,臺北市萬華區西藏路 / 臺北市萬華區萬大路,晴,無照明,市區道路,50,交岔路,四岔路,交叉路口,交叉路口內,柏油,乾燥,無缺陷,無障礙物,無遮蔽物,良好,行車管制號誌(附設行人專用號誌),正常,中央分向島,窄式無柵欄,車道線(無標記),未繪設快慢車道分隔線,無,車與車,同向擦撞,駕駛者,闖紅燈直行,死亡0;受傷1,2,機車,普通重型,男,52,戴半罩式安全帽,不明,車的狀態,向前直行中,機車與自行車,左側車身,,,無(車輛駕駛者因素),尚未發現肇事因素,否,121.500194,25.029342
2025,11,20251102,135800,A2,臺北市政府警察局,臺北市中正區汀州路1段137號前0.0公尺,晴,無照明,市區道路,50,單路部分,直路,路段,一般車道(未劃分快慢車道),柏油,乾燥,無缺陷,無障礙物,無遮蔽物,良好,無號誌,無號誌,雙向禁止超車線,無標記,車道線(無標記),未繪設快慢車道分隔線,無,車與車,其他,駕駛者,未保持行車安全距離,死亡0;受傷6,1,機車,普通重型,男,36,戴半罩式安全帽,未使用,車的狀態,向前直行中,機車與自行車,前車頭,,,駕駛者,未保持行車安全距離,否,121.509805,25.027782
2025,11,20251102,135800,A2,臺北市政府警察局,臺北市中正區汀州路1段137號前0.0公尺,晴,無照明,市區道路,50,單路部分,直路,路段,一般車道(未劃分快慢車道),柏油,乾燥,無缺陷,無障礙物,無遮蔽物,良好,無號誌,無號誌,雙向禁止超車線,無標記,車道線(無標記),未繪設快慢車道分隔線,無,車與車,其他,駕駛者,未保持行車安全距離,死亡0;受傷6,2,機車,普通重型,男,32,戴半罩式安全帽,未使用,車的狀態,等待(引擎未熄火),機車與自行車,後車尾,,,無(車輛駕駛者因素),尚未發現肇事因素,否,121.509805,25.027782
2025,11,20251102,135800,A2,臺北市政府警察局,臺北市中正區汀州路1段137號前0.0公尺,晴,無照明,市區道路,50,單路部分,直路,路段,一般車道(未劃分快慢車道),柏油,乾燥,無缺陷,無障礙物,無遮蔽物,良好,無號誌,無號誌,雙向禁止超車線,無標記,車道線(無標記),未繪設快慢車道分隔線,無,車與車,其他,駕駛者,未保持行車安全距離,死亡0;受傷6,3,慢車,微型電動二輪車,女,75,戴半罩式安全帽,未使用,車的狀態,向前直行中,機車與自行車,左側車身,,,無(車輛駕駛者因素),尚未發現肇事因素,否,121.509805,25.027782
2025,11,20251102,135800,A2,臺北市政府警察局,臺北市中正區汀州路1段137號前0.0公尺,晴,無照明,市區道路,50,單路部分,直路,路段,一般車道(未劃分快慢車道),柏油,乾燥,無缺陷,無障礙物,無遮蔽物,良好,無號誌,無號誌,雙向禁止超車線,無標記,車道線(無標記),未繪設快慢車道分隔線,無,車與車,其他,駕駛者,未保持行車安全距離,死亡0;受傷6,4,人,乘客,女,35,戴半罩式安全帽,非駕駛人,人的狀態,其他,其他,非汽、機及自行車,,,無(非車輛駕駛人因素),尚未發現肇事因素,否,121.509805,25.027782
2025,11,20251102,135800,A2,臺北市政府警察局,臺北市中正區汀州路1段137號前0.0公尺,晴,無照明,市區道路,50,單路部分,直路,路段,一般車道(未劃分快慢車道),柏油,乾燥,無缺陷,無障礙物,無遮蔽物,良好,無號誌,無號誌,雙向禁止超車線,無標記,車道線(無標記),未繪設快慢車道分隔線,無,車與車,其他,駕駛者,未保持行車安全距離,死亡0;受傷6,5,人,乘客,女,7,戴半罩式安全帽,非駕駛人,人的狀態,其他,其他,非汽、機及自行車,,,無(非車輛駕駛人因素),尚未發現肇事因素,否,121.509805,25.027782
2025,11,20251102,135800,A2,臺北市政府警察局,臺北市中正區汀州路1段137號前0.0公尺,晴,無照明,市區道路,50,單路部分,直路,路段,一般車道(未劃分快慢車道),柏油,乾燥,無缺陷,無障礙物,無遮蔽物,良好,無號誌,無號誌,雙向禁止超車線,無標記,車道線(無標記),未繪設快慢車道分隔線,無,車與車,其他,駕駛者,未保持行車安全距離,死亡0;受傷6,6,人,乘客,女,23,戴半罩式安全帽,非駕駛人,人的狀態,其他,其他,非汽、機及自行車,,,無(非車輛駕駛人因素),尚未發現肇事因素,否,121.509805,25.027782
2025,11,20251102,140000,A2,臺中市政府警察局,臺中市西區和龍里臺灣大道二段6號前0.0公尺,晴,有照明未開啟或故障,市區道路,50,交岔路,三岔路,交叉路口,交叉路口內,柏油,乾燥,無缺陷,無障礙物,無遮蔽物,良好,無號誌,無號誌,中央分向島,寬式(50公分以上),禁止變換車道線(無標記),未繪設快慢車道分隔線,無,車與車,側撞,駕駛者,右轉彎未依規定,死亡0;受傷1,1,小客車(含客、貨兩用),自用,男,35,不明,不明,車的狀態,右轉彎,汽車,右側車身,,,駕駛者,右轉彎未依規定,否,120.673689,24.148011
2025,11,20251102,140000,A2,臺中市政府警察局,臺中市西區和龍里臺灣大道二段6號前0.0公尺,晴,有照明未開啟或故障,市區道路,50,交岔路,三岔路,交叉路口,交叉路口內,柏油,乾燥,無缺陷,無障礙物,無遮蔽物,良好,無號誌,無號誌,中央分向島,寬式(50公分以上),禁止變換車道線(無標記),未繪設快慢車道分隔線,無,車與車,側撞,駕駛者,右轉彎未依規定,死亡0;受傷1,2,機車,普通重型,女,36,戴半罩式安全帽,未使用,車的狀態,向前直行中,機車與自行車,左側車身,,,無(車輛駕駛者因素),尚未發現肇事因素,否,120.673689,24.148011
2025,11,20251102,140000,A2,新竹市警察局,新竹市東區光復路一段89巷,晴,有照明未開啟或故障,市區道路,0,交岔路,四岔路,交叉路口,交叉路口內,柏油,乾燥,無缺陷,無障礙物,無遮蔽物,良好,行車管制號誌(附設行人專用號誌),正常,雙向禁止超車線,無標記,車道線(無標記),未繪設快慢車道分隔線,無,人與車,穿越道路中,非駕駛者,未依號誌或手勢指揮(示)穿越道路,死亡0;受傷2,1,人,行人,女,77,其他(無需使用保護裝備之人),非駕駛人,人的狀態,步行,其他,非汽、機及自行車,,,非駕駛者,未依號誌或手勢指揮(示)穿越道路,否,121.024060,24.781350
2025,11,20251102,140000,A2,新竹市警察局,新竹市東區光復路一段89巷,晴,有照明未開啟或故障,市區道路,0,交岔路,四岔路,交叉路口,交叉路口內,柏油,乾燥,無缺陷,無障礙物,無遮蔽物,良好,行車管制號誌(附設行人專用號誌),正常,雙向禁止超車線,無標記,車道線(無標記),未繪設快慢車道分隔線,無,人與車,穿越道路中,非駕駛者,未依號誌或手勢指揮(示)穿越道路,死亡0;受傷2,2,機車,普通重型,男,32,不明,不明,車的狀態,向前直行中,其他,不明,,,其他,其他不當駕車行為,否,121.024060,24.781350
2025,11,20251102,140000,A2,高雄市政府警察局,高雄市左營區光興街58巷15號前0.0公尺,晴,有照明未開啟或故障,市區道路,30,單路部分,直路,路段,一般車道(未劃分快慢車道),柏油,乾燥,無缺陷,無障礙物,無遮蔽物,良好,無號誌,無號誌,雙向禁止超車線,無標記,未繪設車道線,未繪設快慢車道分隔線,無,車與車,其他,其他,開啟或關閉車門不當,死亡0;受傷1,1,小客車(含客、貨兩用),自用,男,57,繫安全帶(使用幼童安全椅),未使用,車的狀態,靜止(引擎熄火),汽車,左側車身,,,其他,開啟或關閉車門不當,否,120.311026,22.663466
2025,11,20251102,140000,A2,高雄市政府警察局,高雄市左營區光興街58巷15號前0.0公尺,晴,有照明未開啟或故障,市區道路,30,單路部分,直路,路段,一般車道(未劃分快慢車道),柏油,乾燥,無缺陷,無障礙物,無遮蔽物,良好,無號誌,無號誌,雙向禁止超車線,無標記,未繪設車道線,未繪設快慢車道分隔線,無,車與車,其他,其他,開啟或關閉車門不當,死亡0;受傷1,2,慢車,腳踏自行車,男,18,其他(無需使用保護裝備之人),未使用,車的狀態,向前直行中,其他,不明,,,無(車輛駕駛者因素),尚未發現肇事因素,否,120.311026,22.663466
2025,11,20251102,140100,A2,新北市政府警察局,新北市新莊區中平路 / 新北市新莊區中平路,陰,有照明未開啟或故障,市區道路,30,交岔路,四岔路,交叉路口,交叉路口內,柏油,乾燥,無缺陷,無障礙物,無遮蔽物,良好,無號誌,無號誌,無,無分向設施,未繪設車道線,未繪設快慢車道分隔線,有,車與車,路口交岔撞,駕駛者,無號誌路口，支線道未讓幹線道先行,死亡0;受傷2,1,小客車(含客、貨兩用),計程車,男,57,繫安全帶(使用幼童安全椅),未使用,車的狀態,向前直行中,汽車,前車頭,,,駕駛者,無號誌路口，支線道未讓幹線道先行,否,121.445532,25.047340
2025,11,20251102,140100,A2,新北市政府警察局,新北市新莊區中平路 / 新北市新莊區中平路,陰,有照明未開啟或故障,市區道路,30,交岔路,四岔路,交叉路口,交叉路口內,柏油,乾燥,無缺陷,無障礙物,無遮蔽物,良好,無號誌,無號誌,無,無分向設施,未繪設車道線,未繪設快慢車道分隔線,有,車與車,路口交岔撞,駕駛者,無號誌路口，支線道未讓幹線道先行,死亡0;受傷2,2,機車,普通重型,女,43,戴半罩式安全帽,未使用,車的狀態,向前直行中,機車與自行車,右側車身,,,無(車輛駕駛者因素),尚未發現肇事因素,否,121.445532,25.047340
2025,11,20251102,140100,A2,新北市政府警察局,新北市新莊區中平路 / 新北市新莊區中平路,陰,有照明未開啟或故障,市區道路,30,交岔路,四岔路,交叉路口,交叉路口內,柏油,乾燥,無缺陷,無障礙物,無遮蔽物,良好,無號誌,無號誌,無,無分向設施,未繪設車道線,未繪設快慢車道分隔線,有,車與車,路口交岔撞,駕駛者,無號誌路口，支線道未讓幹線道先行,死亡0;受傷2,3,人,乘客,男,4,戴半罩式安全帽,非駕駛人,人的狀態,靜立(止),其他,非汽、機及自行車,,,無(非車輛駕駛人因素),尚未發現肇事因素,否,121.445532,25.047340
2025,11,20251102,140300,A2,新北市政府警察局,新北市土城區金城路1段185號前0.0公尺,陰,無照明,市區道路,45,單路部分,直路,路段,慢車道,柏油,乾燥,無缺陷,無障礙物,無遮蔽物,良好,無號誌,無號誌,中央分向島,寬式(50公分以上),車道線(附標記),快慢車道分隔線,無,車與車,追撞,駕駛者,未保持行車安全距離,死亡0;受傷1,1,機車,普通重型,男,38,戴半罩式安全帽,未使用,車的狀態,向前直行中,機車與自行車,前車頭,,,駕駛者,未保持行車安全距離,否,121.445706,24.974536
2025,11,20251102,140300,A2,新北市政府警察局,新北市土城區金城路1段185號前0.0公尺,陰,無照明,市區道路,45,單路部分,直路,路段,慢車道,柏油,乾燥,無缺陷,無障礙物,無遮蔽物,良好,無號誌,無號誌,中央分向島,寬式(50公分以上),車道線(附標記),快慢車道分隔線,無,車與車,追撞,駕駛者,未保持行車安全距離,死亡0;受傷1,2,小客車(含客、貨兩用),自用,男,59,繫安全帶(使用幼童安全椅),未使用,車的狀態,右轉彎,汽車,右後車尾(身),,,無(車輛駕駛者因素),尚未發現肇事因素,否,121.445706,24.974536
2025,11,20251102,140400,A2,新北市政府警察局,新北市板橋區藝文街 / 新北市板橋區藝文二街,陰,無照明,市區道路,50,交岔路,四岔路,交叉路口,交叉路口內,柏油,乾燥,無缺陷,無障礙物,無遮蔽物,良好,無號誌,無號誌,雙向禁止超車線,無標記,未繪設車道線,未繪設快慢車道分隔線,有,車與車,路口交岔撞,駕駛者,無號誌路口，支線道未讓幹線道先行,死亡0;受傷1,1,小客車(含客、貨兩用),自用,女,43,繫安全帶(使用幼童安全椅),未使用,車的狀態,向前直行中,汽車,右前車頭(身),,,駕駛者,無號誌路口，支線道未讓幹線道先行,否,121.451368,25.021966
2025,11,20251102,140400,A2,新北市政府警察局,新北市板橋區藝文街 / 新北市板橋區藝文二街,陰,無照明,市區道路,50,交岔路,四岔路,交叉路口,交叉路口內,柏油,乾燥,無缺陷,無障礙物,無遮蔽物,良好,無號誌,無號誌,雙向禁止超車線,無標記,未繪設車道線,未繪設快慢車道分隔線,有,車與車,路口交岔撞,駕駛者,無號誌路口，支線道未讓幹線道先行,死亡0;受傷1,2,機車,普通重型,男,74,戴半罩式安全帽,未使用,車的狀態,向前直行中,機車與自行車,右側車身,,,駕駛者,未依規定減速,否,121.451368,25.021966
2025,11,20251102,140500,A2,臺中市政府警察局,臺中市北屯區平德里崇德路二段31號前0.0公尺,晴,無照明,市區道路,0,圓環廣場,其他,其他,休息站或服務區,柏油,乾燥,無缺陷,無障礙物,無遮蔽物,良好,無號誌,無號誌,無,無分向設施,未繪設車道線,未繪設快慢車道分隔線,無,人與車,其他,駕駛者,乘客、車上動(生)物干擾分心駕駛,死亡0;受傷1,1,機車,普通重型,女,30,戴非半罩式安全帽,未使用,車的狀態,向前直行中,機車與自行車,前車頭,,,駕駛者,乘客、車上動(生)物干擾分心駕駛,否,120.685038,24.169648
2025,11,20251102,140500,A2,臺中市政府警察局,臺中市北屯區平德里崇德路二段31號前0.0公尺,晴,無照明,市區道路,0,圓環廣場,其他,其他,休息站或服務區,柏油,乾燥,無缺陷,無障礙物,無遮蔽物,良好,無號誌,無號誌,無,無分向設施,未繪設車道線,未繪設快慢車道分隔線,無,人與車,其他,駕駛者,乘客、車上動(生)物干擾分心駕駛,死亡0;受傷1,2,人,行人,男,1,其他(無需使用保護裝備之人),非駕駛人,人的狀態,步行,其他,非汽、機及自行車,,,非駕駛者,其他引起事故之疏失或行為,否,120.685038,24.169648
2025,11,20251102,140900,A2,新北市政府警察局,新北市新莊區中平路390號前0.0公尺,陰,無照明,市區道路,50,單路部分,直路,路段,一般車道(未劃分快慢車道),柏油,乾燥,無缺陷,無障礙物,無遮蔽物,良好,無號誌,無號誌,雙向禁止超車線,無標記,車道線(附標記),未繪設快慢車道分隔線,有,車與車,同向擦撞,無(車輛駕駛者因素),尚未發現肇事因素,死亡0;受傷2,1,機車,普通重型,女,45,戴半罩式安全帽,未使用,車的狀態,向前直行中,機車與自行車,前車頭,,,無(車輛駕駛者因素),尚未發現肇事因素,否,121.444702,25.053973
2025,11,20251102,140900,A2,新北市政府警察局,新北市新莊區中平路390號前0.0公尺,陰,無照明,市區道路,50,單路部分,直路,路段,一般車道(未劃分快慢車道),柏油,乾燥,無缺陷,無障礙物,無遮蔽物,良好,無號誌,無號誌,雙向禁止超車線,無標記,車道線(附標記),未繪設快慢車道分隔線,有,車與車,同向擦撞,無(車輛駕駛者因素),尚未發現肇事因素,死亡0;受傷2,2,小客車(含客、貨兩用),自用,男,67,不明,未使用,車的狀態,起步,汽車,前車頭,,,駕駛者,其他未依規定讓車,否,121.444702,25.053973
2025,11,20251102,140900,A2,新北市政府警察局,新北市新莊區中平路390號前0.0公尺,陰,無照明,市區道路,50,單路部分,直路,路段,一般車道(未劃分快慢車道),柏油,乾燥,無缺陷,無障礙物,無遮蔽物,良好,無號誌,無號誌,雙向禁止超車線,無標記,車道線(附標記),未繪設快慢車道分隔線,有,車與車,同向擦撞,無(車輛駕駛者因素),尚未發現肇事因素,死亡0;受傷2,3,人,乘客,女,20,其他(無需使用保護裝備之人),非駕駛人,人的狀態,其他,其他,非汽、機及自行車,,,非駕駛者,其他引起事故之疏失或行為,否,121.444702,25.053973
2025,11,20251102,140900,A2,臺中市政府警察局,臺中市龍井區龍津里臨港路一段220號前0.0公尺,晴,有照明未開啟或故障,市區道路,60,單路部分,直路,路段,一般車道(未劃分快慢車道),柏油,乾燥,無缺陷,無障礙物,無遮蔽物,良好,無號誌,無號誌,中央分向島,窄式無柵欄,車道線(無標記),窄式快慢車道分隔島(無柵欄),無,車與車,追撞,駕駛者,未保持行車安全距離,死亡0;受傷1,1,機車,大型重型2(250-550C.C.),男,21,戴半罩式安全帽,未使用,車的狀態,向前直行中,機車與自行車,前車頭,,,駕駛者,未保持行車安全距離,否,120.506614,24.202322
2025,11,20251102,140900,A2,臺中市政府警察局,臺中市龍井區龍津里臨港路一段220號前0.0公尺,晴,有照明未開啟或故障,市區道路,60,單路部分,直路,路段,一般車道(未劃分快慢車道),柏油,乾燥,無缺陷,無障礙物,無遮蔽物,良好,無號誌,無號誌,中央分向島,窄式無柵欄,車道線(無標記),窄式快慢車道分隔島(無柵欄),無,車與車,追撞,駕駛者,未保持行車安全距離,死亡0;受傷1,2,小客車(含客、貨兩用),自用,男,48,繫安全帶(使用幼童安全椅),未使用,車的狀態,向前直行中,汽車,左後車尾(身),,,無(車輛駕駛者因素),尚未發現肇事因素,否,120.506614,24.202322
2025,11,20251102,141452,A2,彰化縣警察局,彰化縣二林鎮二溪路一段口 / 彰化縣二林鎮同心街口,晴,有照明未開啟或故障,市區道路,60,交岔路,四岔路,路段,一般車道(未劃分快慢車道),柏油,乾燥,無缺陷,無障礙物,無遮蔽物,良好,無號誌,無號誌,雙向禁止超車線,無標記,禁止變換車道線(無標記),未繪設快慢車道分隔線,有,車與車,追撞,駕駛者,恍神、緊張、心不在焉分心駕駛,死亡0;受傷1,1,機車,普通重型,男,20,不明,不明,車的狀態,向前直行中,機車與自行車,後車尾,,,駕駛者,恍神、緊張、心不在焉分心駕駛,否,120.371395,23.901588
2025,11,20251102,141452,A2,彰化縣警察局,彰化縣二林鎮二溪路一段口 / 彰化縣二林鎮同心街口,晴,有照明未開啟或故障,市區道路,60,交岔路,四岔路,路段,一般車道(未劃分快慢車道),柏油,乾燥,無缺陷,無障礙物,無遮蔽物,良好,無號誌,無號誌,雙向禁止超車線,無標記,禁止變換車道線(無標記),未繪設快慢車道分隔線,有,車與車,追撞,駕駛者,恍神、緊張、心不在焉分心駕駛,死亡0;受傷1,2,機車,普通重型,男,46,不明,不明,車的狀態,向前直行中,機車與自行車,前車頭,,,駕駛者,恍神、緊張、心不在焉分心駕駛,否,120.371395,23.901588
2025,11,20251102,141600,A2,臺中市政府警察局,臺中市北區頂厝里崇德路一段前0.0公尺,晴,無照明,市區道路,50,圓環廣場,其他,其他,其他,柏油,乾燥,無缺陷,無障礙物,無遮蔽物,良好,無號誌,無號誌,中央分向島,窄式無柵欄,車道線(無標記),未繪設快慢車道分隔線,無,車與車,其他,駕駛者,右轉彎未依規定,死亡0;受傷1,1,小客車(含客、貨兩用),自用,男,28,不明,不明,車的狀態,右轉彎,汽車,右側車身,,,駕駛者,右轉彎未依規定,否,120.684817,24.163352
2025,11,20251102,141600,A2,臺中市政府警察局,臺中市北區頂厝里崇德路一段前0.0公尺,晴,無照明,市區道路,50,圓環廣場,其他,其他,其他,柏油,乾燥,無缺陷,無障礙物,無遮蔽物,良好,無號誌,無號誌,中央分向島,窄式無柵欄,車道線(無標記),未繪設快慢車道分隔線,無,車與車,其他,駕駛者,右轉彎未依規定,死亡0;受傷1,2,機車,普通重型,女,24,不明,不明,車的狀態,向前直行中,機車與自行車,左側車身,,,無(車輛駕駛者因素),尚未發現肇事因素,否,120.684817,24.163352
2025,11,20251102,141800,A2,臺中市政府警察局,臺中市北區新北里一中街 / 臺中市北區新北里育才街,晴,有照明未開啟或故障,市區道路,50,交岔路,四岔路,交叉路口,交叉路口內,柏油,乾燥,無缺陷,無障礙物,無遮蔽物,良好,無號誌,無號誌,雙向禁止超車線,無標記,未繪設車道線,未繪設快慢車道分隔線,無,人與車,穿越道路中,駕駛者,觀看其他事故、活動、道路環境或車外資訊分心駕駛,死亡0;受傷1,1,小客車(含客、貨兩用),自用,男,35,繫安全帶(使用幼童安全椅),未使用,車的狀態,向前直行中,汽車,左前車頭(身),,,駕駛者,觀看其他事故、活動、道路環境或車外資訊分心駕駛,否,120.685141,24.149520
2025,11,20251102,141800,A2,臺中市政府警察局,臺中市北區新北里一中街 / 臺中市北區新北里育才街,晴,有照明未開啟或故障,市區道路,50,交岔路,四岔路,交叉路口,交叉路口內,柏油,乾燥,無缺陷,無障礙物,無遮蔽物,良好,無號誌,無號誌,雙向禁止超車線,無標記,未繪設車道線,未繪設快慢車道分隔線,無,人與車,穿越道路中,駕駛者,觀看其他事故、活動、道路環境或車外資訊分心駕駛,死亡0;受傷1,2,人,行人,女,47,其他(無需使用保護裝備之人),非駕駛人,人的狀態,步行,其他,非汽、機及自行車,,,非駕駛者,未依標誌或標線穿越道路,否,120.685141,24.149520
2025,11,20251102,141900,A2,新北市政府警察局,新北市三重區忠孝橋機車道路前0.0公尺,陰,無照明,市區道路,50,單路部分,橋樑,路段,機車專用道,柏油,乾燥,無缺陷,無障礙物,無遮蔽物,良好,無號誌,無號誌,無,無分向設施,車道線(無標記),未繪設快慢車道分隔線,有,車與車,同向擦撞,駕駛者,未保持行車安全距離,死亡0;受傷1,1,機車,普通重型,男,24,不明,未使用,車的狀態,向前直行中,機車與自行車,前車頭,,,駕駛者,未保持行車安全距離,否,121.499991,25.052324
2025,11,20251102,141900,A2,新北市政府警察局,新北市三重區忠孝橋機車道路前0.0公尺,陰,無照明,市區道路,50,單路部分,橋樑,路段,機車專用道,柏油,乾燥,無缺陷,無障礙物,無遮蔽物,良好,無號誌,無號誌,無,無分向設施,車道線(無標記),未繪設快慢車道分隔線,有,車與車,同向擦撞,駕駛者,未保持行車安全距離,死亡0;受傷1,2,機車,普通重型,男,53,不明,未使用,車的狀態,向前直行中,機車與自行車,後車尾,,,裝載,其他裝載不當,否,121.499991,25.052324
2025,11,20251102,141900,A2,新北市政府警察局,新北市中和區板南路 / 新北市中和區防汛道路,陰,有照明未開啟或故障,市區道路,50,交岔路,四岔路,交叉路口,交叉路口內,柏油,乾燥,無缺陷,無障礙物,無遮蔽物,良好,行車管制號誌(附設行人專用號誌),正常,雙向禁止超車線,無標記,車道線(無標記),未繪設快慢車道分隔線,有,車與車,路口交岔撞,無(車輛駕駛者因素),尚未發現肇事因素,死亡0;受傷1,1,小客車(含客、貨兩用),自用,男,60,不明,不明,車的狀態,向前直行中,汽車,左側車身,,,無(車輛駕駛者因素),尚未發現肇事因素,否,121.477692,25.002505
2025,11,20251102,141900,A2,新北市政府警察局,新北市中和區板南路 / 新北市中和區防汛道路,陰,有照明未開啟或故障,市區道路,50,交岔路,四岔路,交叉路口,交叉路口內,柏油,乾燥,無缺陷,無障礙物,無遮蔽物,良好,行車管制號誌(附設行人專用號誌),正常,雙向禁止超車線,無標記,車道線(無標記),未繪設快慢車道分隔線,有,車與車,路口交岔撞,無(車輛駕駛者因素),尚未發現肇事因素,死亡0;受傷1,2,機車,普通重型,女,47,戴非半罩式安全帽,不明,車的狀態,向前直行中,機車與自行車,前車頭,,,駕駛者,闖紅燈直行,否,121.477692,25.002505
2025,11,20251102,141900,A2,新北市政府警察局,新北市中和區板南路 / 新北市中和區防汛道路,陰,有照明未開啟或故障,市區道路,50,交岔路,四岔路,交叉路口,交叉路口內,柏油,乾燥,無缺陷,無障礙物,無遮蔽物,良好,行車管制號誌(附設行人專用號誌),正常,雙向禁止超車線,無標記,車道線(無標記),未繪設快慢車道分隔線,有,車與車,路口交岔撞,無(車輛駕駛者因素),尚未發現肇事因素,死亡0;受傷1,3,人,乘客,女,44,戴非半罩式安全帽,非駕駛人,人的狀態,其他,其他,非汽、機及自行車,,,無(非車輛駕駛人因素),尚未發現肇事因素,否,121.477692,25.002505
2025,11,20251102,142244,A2,彰化縣警察局,彰化縣員林市和平里中正路573號前0.0公尺,晴,無照明,市區道路,50,單路部分,直路,路段,一般車道(未劃分快慢車道),柏油,乾燥,無缺陷,無障礙物,無遮蔽物,良好,無號誌,無號誌,雙向禁止超車線,無標記,未繪設車道線,未繪設快慢車道分隔線,有,車與車,側撞,駕駛者,右轉彎未依規定,死亡0;受傷1,1,大客車,公營客運,男,33,繫安全帶(使用幼童安全椅),未使用,車的狀態,右轉彎,汽車,右前車頭(身),,,駕駛者,右轉彎未依規定,否,120.571470,23.961137
2025,11,20251102,142244,A2,彰化縣警察局,彰化縣員林市和平里中正路573號前0.0公尺,晴,無照明,市區道路,50,單路部分,直路,路段,一般車道(未劃分快慢車道),柏油,乾燥,無缺陷,無障礙物,無遮蔽物,良好,無號誌,無號誌,雙向禁止超車線,無標記,未繪設車道線,未繪設快慢車道分隔線,有,車與車,側撞,駕駛者,右轉彎未依規定,死亡0;受傷1,2,機車,普通重型,男,55,戴半罩式安全帽,未使用,車的狀態,向前直行中,機車與自行車,前車頭,,,駕駛者,違規超車,否,120.571470,23.961137
2025,11,20251102,142700,A2,新北市政府警察局,新北市永和區中正路328號前0.0公尺,晴,無照明,市區道路,50,單路部分,直路,路段,快車道,柏油,乾燥,無缺陷,無障礙物,無遮蔽物,良好,無號誌,無號誌,行車分向線,無標記,車道線(無標記),未繪設快慢車道分隔線,無,車與車,追撞,駕駛者,未保持行車安全距離,死亡0;受傷1,1,大客車,民營公車,男,61,繫安全帶(使用幼童安全椅),未使用,車的狀態,向前直行中,汽車,前車頭,,,駕駛者,未保持行車安全距離,否,121.517586,24.999736