發生年度,發生月份,發生日期,發生時間,事故類別名稱,處理單位名稱警局層,發生地點,天候名稱,光線名稱,道路類別-第1當事者-名稱,速限-第1當事者,道路型態大類別名稱,道路型態子類別名稱,事故位置大類別名稱,事故位置子類別名稱,路面狀況-路面鋪裝名稱,路面狀況-路面狀態名稱,路面狀況-路面缺陷名稱,道路障礙-障礙物名稱,道路障礙-視距品質名稱,道路障礙-視距名稱,號誌-號誌種類名稱,號誌-號誌動作名稱,車道劃分設施-分向設施大類別名稱,車道劃分設施-分向設施子類別名稱,車道劃分設施-分道設施-快車道或一般車道間名稱,車道劃分設施-分道設施-快慢車道間名稱,車道劃分設施-分道設施-路面邊線名稱,事故類型及型態大類別名稱,事故類型及型態子類別名稱,肇因研判大類別名稱-主要,肇因研判子類別名稱-主要,死亡受傷人數,當事者順位,當事者區分-類別-大類別名稱-車種,當事者區分-類別-子類別名稱-車種,當事者屬-性-別名稱,當事者事故發生時年齡,保護裝備名稱,行動電話或電腦或其他相類功能裝置名稱,當事者行動狀態大類別名稱,當事者行動狀態子類別名稱,車輛撞擊部位大類別名稱-最初,車輛撞擊部位子類別名稱-最初,車輛撞擊部位大類別名稱-其他,車輛撞擊部位子類別名稱-其他,肇因研判大類別名稱-個別,肇因研判子類別名稱-個別,肇事逃逸類別名稱-是否肇逃,經度,緯度
2025,11,20251102,142700,A2,新北市政府警察局,新北市永和區中正路328號前0.0公尺,晴,無照明,市區道路,50,單路部分,直路,路段,快車道,柏油,乾燥,無缺陷,無障礙物,無遮蔽物,良好,無號誌,無號誌,行車分向線,無標記,車道線(無標記),未繪設快慢車道分隔線,無,車與車,追撞,駕駛者,未保持行車安全距離,死亡0;受傷1,2,小客車(含客、貨兩用),自用,男,41,繫安全帶(使用幼童安全椅),未使用,車的狀態,等待(引擎未熄火),汽車,後車尾,,,無(車輛駕駛者因素),尚未發現肇事因素,否,121.517586,24.999736
2025,11,20251102,142700,A2,臺中市政府警察局,臺中市南屯區永定里五權西路二段前0.0公尺,晴,無照明,市區道路,50,交岔路,多岔路,交叉路口,交叉路口內,柏油,乾燥,無缺陷,無障礙物,無遮蔽物,良好,行車管制號誌,正常,中央分向島,窄式無柵欄,車道線(無標記),未繪設快慢車道分隔線,無,車與車,路口交岔撞,其他,其他不當駕車行為,死亡0;受傷2,1,慢車,腳踏自行車,男,12,戴半罩式安全帽,未使用,車的狀態,向前直行中,機車與自行車,右側車身,,,其他,其他不當駕車行為,否,120.637756,24.142300
2025,11,20251102,142700,A2,臺中市政府警察局,臺中市南屯區永定里五權西路二段前0.0公尺,晴,無照明,市區道路,50,交岔路,多岔路,交叉路口,交叉路口內,柏油,乾燥,無缺陷,無障礙物,無遮蔽物,良好,行車管制號誌,正常,中央分向島,窄式無柵欄,車道線(無標記),未繪設快慢車道分隔線,無,車與車,路口交岔撞,其他,其他不當駕車行為,死亡0;受傷2,2,機車,普通重型,男,72,戴半罩式安全帽,未使用,車的狀態,向前直行中,機車與自行車,前車頭,,,無(車輛駕駛者因素),尚未發現肇事因素,否,120.637756,24.142300
2025,11,20251102,143000,A2,高雄市政府警察局,高雄市六龜區興隆里藤枝聯外道路4.6公里號前0.0公尺,晴,無照明,市區道路,30,單路部分,彎曲路及附近,路段,一般車道(未劃分快慢車道),柏油,乾燥,無缺陷,無障礙物,無遮蔽物,良好,無號誌,無號誌,無,無分向設施,未繪設車道線,快慢車道分隔線,有,車與車,對撞,駕駛者,未保持行車安全間隔,死亡0;受傷1,1,小客車(含客、貨兩用),自用,男,76,繫安全帶(使用幼童安全椅),未使用,車的狀態,向前直行中,汽車,左前車頭(身),,,駕駛者,未保持行車安全間隔,否,120.654502,23.002620
2025,11,20251102,143000,A2,高雄市政府警察局,高雄市六龜區興隆里藤枝聯外道路4.6公里號前0.0公尺,晴,無照明,市區道路,30,單路部分,彎曲路及附近,路段,一般車道(未劃分快慢車道),柏油,乾燥,無缺陷,無障礙物,無遮蔽物,良好,無號誌,無號誌,無,無分向設施,未繪設車道線,快慢車道分隔線,有,車與車,對撞,駕駛者,未保持行車安全間隔,死亡0;受傷1,2,機車,普通重型,男,48,戴半罩式安全帽,未使用,車的狀態,向前直行中,機車與自行車,前車頭,,,駕駛者,未保持行車安全間隔,否,120.654502,23.002620
2025,11,20251102,143700,A2,臺北市政府警察局,臺北市內湖區陽光街 / 臺北市內湖區江南街,晴,有照明且開啟,市區道路,50,交岔路,三岔路,交叉路口,交叉口附近,柏油,濕潤,無缺陷,無障礙物,無遮蔽物,良好,無號誌,無號誌,雙向禁止超車線,附標記,車道線(附標記),未繪設快慢車道分隔線,有,車與車,其他,其他,其他不當駕車行為,死亡0;受傷1,1,機車,普通重型,男,30,不明,不明,車的狀態,急減速或急停止,機車與自行車,左側車身,,,其他,其他不當駕車行為,否,121.579487,25.073908
2025,11,20251102,143700,A2,臺北市政府警察局,臺北市內湖區陽光街 / 臺北市內湖區江南街,晴,有照明且開啟,市區道路,50,交岔路,三岔路,交叉路口,交叉口附近,柏油,濕潤,無缺陷,無障礙物,無遮蔽物,良好,無號誌,無號誌,雙向禁止超車線,附標記,車道線(附標記),未繪設快慢車道分隔線,有,車與車,其他,其他,其他不當駕車行為,死亡0;受傷1,2,機車,普通重型,男,31,不明,不明,車的狀態,等待(引擎未熄火),其他,無撞擊,,,無(車輛駕駛者因素),尚未發現肇事因素,否,121.579487,25.073908
2025,11,20251102,143700,A2,新北市政府警察局,新北市板橋區長江路1段48巷5號前0.0公尺,晴,有照明且開啟,市區道路,50,單路部分,直路,路段,一般車道(未劃分快慢車道),柏油,乾燥,無缺陷,無障礙物,無遮蔽物,良好,無號誌,無號誌,無,無分向設施,未繪設車道線,未繪設快慢車道分隔線,有,人與車,同向通行中,駕駛者,閃避不當(慎),死亡0;受傷1,1,小客車(含客、貨兩用),租賃車,女,49,繫安全帶(使用幼童安全椅),未使用,車的狀態,向前直行中,汽車,前車頭,,,駕駛者,閃避不當(慎),否,121.459109,25.028596
2025,11,20251102,143700,A2,新北市政府警察局,新北市板橋區長江路1段48巷5號前0.0公尺,晴,有照明且開啟,市區道路,50,單路部分,直路,路段,一般車道(未劃分快慢車道),柏油,乾燥,無缺陷,無障礙物,無遮蔽物,良好,無號誌,無號誌,無,無分向設施,未繪設車道線,未繪設快慢車道分隔線,有,人與車,同向通行中,駕駛者,閃避不當(慎),死亡0;受傷1,2,人,行人,女,65,其他(無需使用保護裝備之人),非駕駛人,人的狀態,步行,其他,非汽、機及自行車,,,非駕駛者,穿越道路未注意左右來車,否,121.459109,25.028596
2025,11,20251102,144000,A2,臺中市政府警察局,臺中市龍井區南寮里南新路前0.0公尺,晴,有照明未開啟或故障,市區道路,50,單路部分,直路,路段,一般車道(未劃分快慢車道),柏油,乾燥,無缺陷,無障礙物,無遮蔽物,良好,無號誌,無號誌,無,無分向設施,未繪設車道線,未繪設快慢車道分隔線,無,車與車,追撞,駕駛者,未保持行車安全距離,死亡0;受傷1,1,小客車(含客、貨兩用),自用,男,63,繫安全帶(使用幼童安全椅),未使用,車的狀態,向前直行中,汽車,前車頭,,,駕駛者,未保持行車安全距離,否,120.571134,24.177641
2025,11,20251102,144000,A2,臺中市政府警察局,臺中市龍井區南寮里南新路前0.0公尺,晴,有照明未開啟或故障,市區道路,50,單路部分,直路,路段,一般車道(未劃分快慢車道),柏油,乾燥,無缺陷,無障礙物,無遮蔽物,良好,無號誌,無號誌,無,無分向設施,未繪設車道線,未繪設快慢車道分隔線,無,車與車,追撞,駕駛者,未保持行車安全距離,死亡0;受傷1,2,機車,普通重型,男,65,戴非半罩式安全帽,未使用,車的狀態,等待(引擎未熄火),機車與自行車,後車尾,,,無(車輛駕駛者因素),尚未發現肇事因素,否,120.571134,24.177641
2025,11,20251102,144000,A2,新北市政府警察局,新北市樹林區柑園街2段276巷12弄15號前0.0公尺,陰,有照明且開啟,市區道路,30,單路部分,直路,路段,一般車道(未劃分快慢車道),柏油,乾燥,無缺陷,無障礙物,無遮蔽物,良好,無號誌,無號誌,行車分向線,附標記,車道線(附標記),未繪設快慢車道分隔線,有,車與車,同向擦撞,駕駛者,未保持行車安全間隔,死亡0;受傷1,1,小客車(含客、貨兩用),計程車,男,53,繫安全帶(使用幼童安全椅),未使用,車的狀態,右轉彎,汽車,右側車身,,,駕駛者,未保持行車安全間隔,否,121.374292,24.953529
2025,11,20251102,144000,A2,新北市政府警察局,新北市樹林區柑園街2段276巷12弄15號前0.0公尺,陰,有照明且開啟,市區道路,30,單路部分,直路,路段,一般車道(未劃分快慢車道),柏油,乾燥,無缺陷,無障礙物,無遮蔽物,良好,無號誌,無號誌,行車分向線,附標記,車道線(附標記),未繪設快慢車道分隔線,有,車與車,同向擦撞,駕駛者,未保持行車安全間隔,死亡0;受傷1,2,機車,普通重型,男,18,戴非半罩式安全帽,未使用,車的狀態,向前直行中,機車與自行車,前車頭,,,駕駛者,未保持行車安全距離,否,121.374292,24.953529
2025,11,20251102,144000,A2,新北市政府警察局,新北市樹林區柑園街2段276巷12弄15號前0.0公尺,陰,有照明且開啟,市區道路,30,單路部分,直路,路段,一般車道(未劃分快慢車道),柏油,乾燥,無缺陷,無障礙物,無遮蔽物,良好,無號誌,無號誌,行車分向線,附標記,車道線(附標記),未繪設快慢車道分隔線,有,車與車,同向擦撞,駕駛者,未保持行車安全間隔,死亡0;受傷1,3,小客車(含客、貨兩用),自用,男,29,繫安全帶(使用幼童安全椅),未使用,車的狀態,向前直行中,其他,無撞擊,,,駕駛者,未保持行車安全距離,否,121.374292,24.953529
2025,11,20251102,144500,A2,高雄市政府警察局,高雄市仁武區成功路124-2號前0.0公尺,晴,有照明未開啟或故障,市區道路,40,單路部分,直路,路段,一般車道(未劃分快慢車道),柏油,乾燥,無缺陷,無障礙物,無遮蔽物,良好,無號誌,無號誌,行車分向線,無標記,未繪設車道線,未繪設快慢車道分隔線,無,車輛本身,路上翻車、摔倒,無(車輛駕駛者因素),尚未發現肇事因素,死亡0;受傷1,1,機車,普通重型,男,88,戴半罩式安全帽,未使用,車的狀態,向前直行中,其他,無撞擊,,,無(車輛駕駛者因素),尚未發現肇事因素,否,120.361514,22.678036
2025,11,20251102,144500,A2,高雄市政府警察局,高雄市仁武區成功路124-2號前0.0公尺,晴,有照明未開啟或故障,市區道路,40,單路部分,直路,路段,一般車道(未劃分快慢車道),柏油,乾燥,無缺陷,無障礙物,無遮蔽物,良好,無號誌,無號誌,行車分向線,無標記,未繪設車道線,未繪設快慢車道分隔線,無,車輛本身,路上翻車、摔倒,無(車輛駕駛者因素),尚未發現肇事因素,死亡0;受傷1,2,,,無或物(動物、堆置物),114,,,,,,,,,無(非車輛駕駛人因素),尚未發現肇事因素,否,120.361514,22.678036
2025,11,20251102,145000,A2,臺北市政府警察局,臺北市大安區羅斯福路4段前0.0公尺,陰,有照明未開啟或故障,市區道路,50,單路部分,直路,路段,一般車道(未劃分快慢車道),柏油,乾燥,無缺陷,無障礙物,無遮蔽物,良好,行車管制號誌(附設行人專用號誌),正常,中央分向島,寬式(50公分以上),車道線(無標記),未繪設快慢車道分隔線,無,車與車,同向擦撞,其他,肇事逃逸未查獲，無法查明肇因,死亡0;受傷1,1,,,肇事逃逸尚未查獲,0,,,,,,,,,,肇事逃逸未查獲，無法查明肇因,是,121.534691,25.013932
2025,11,20251102,145000,A2,臺北市政府警察局,臺北市大安區羅斯福路4段前0.0公尺,陰,有照明未開啟或故障,市區道路,50,單路部分,直路,路段,一般車道(未劃分快慢車道),柏油,乾燥,無缺陷,無障礙物,無遮蔽物,良好,行車管制號誌(附設行人專用號誌),正常,中央分向島,寬式(50公分以上),車道線(無標記),未繪設快慢車道分隔線,無,車與車,同向擦撞,其他,肇事逃逸未查獲，無法查明肇因,死亡0;受傷1,2,慢車,腳踏自行車,男,24,未戴安全帽或未繫安全帶(未使用幼童安全椅),未使用,車的狀態,向前直行中,機車與自行車,左側車身,,,無(車輛駕駛者因素),尚未發現肇事因素,否,121.534691,25.013932
2025,11,20251102,145200,A2,高雄市政府警察局,高雄市橋頭區中崎路 / 高雄市橋頭區中崎路,晴,無照明,市區道路,50,交岔路,三岔路,交叉路口,交叉路口內,碎石,乾燥,突出(高低)不平,無障礙物,無遮蔽物,良好,無號誌,無號誌,無,無分向設施,未繪設車道線,未繪設快慢車道分隔線,無,車輛本身,撞非固定設施,交通管制(設施),施工安全防護措施未依規定或未盡完善(備),死亡0;受傷1,1,,,無或物(動物、堆置物),114,,,,,,,,,交通管制(設施),施工安全防護措施未依規定或未盡完善(備),否,120.329715,22.763232
2025,11,20251102,145200,A2,高雄市政府警察局,高雄市橋頭區中崎路 / 高雄市橋頭區中崎路,晴,無照明,市區道路,50,交岔路,三岔路,交叉路口,交叉路口內,碎石,乾燥,突出(高低)不平,無障礙物,無遮蔽物,良好,無號誌,無號誌,無,無分向設施,未繪設車道線,未繪設快慢車道分隔線,無,車輛本身,撞非固定設施,交通管制(設施),施工安全防護措施未依規定或未盡完善(備),死亡0;受傷1,2,機車,普通重型,男,20,戴半罩式安全帽,未使用,車的狀態,向前直行中,其他,無撞擊,,,無(車輛駕駛者因素),尚未發現肇事因素,否,120.329715,22.763232
2025,11,20251102,145500,A2,臺中市政府警察局,臺中市北屯區廍子里環太東路508號前0.0公尺,晴,無照明,市區道路,50,單路部分,直路,路段,一般車道(未劃分快慢車道),柏油,乾燥,無缺陷,無障礙物,無遮蔽物,良好,無號誌,無號誌,行車分向線,無標記,未繪設車道線,未繪設快慢車道分隔線,無,車與車,其他,駕駛者,違規超車,死亡0;受傷1,1,機車,大型重型2(250-550C.C.),男,24,戴半罩式安全帽,未使用,車的狀態,超車(含超越),機車與自行車,左側車身,,,駕駛者,違規超車,否,120.731120,24.159511
2025,11,20251102,145500,A2,臺中市政府警察局,臺中市北屯區廍子里環太東路508號前0.0公尺,晴,無照明,市區道路,50,單路部分,直路,路段,一般車道(未劃分快慢車道),柏油,乾燥,無缺陷,無障礙物,無遮蔽物,良好,無號誌,無號誌,行車分向線,無標記,未繪設車道線,未繪設快慢車道分隔線,無,車與車,其他,駕駛者,違規超車,死亡0;受傷1,2,小客車(含客、貨兩用),自用,女,23,繫安全帶(使用幼童安全椅),未使用,車的狀態,向前直行中,汽車,右側車身,,,無(車輛駕駛者因素),尚未發現肇事因素,否,120.731120,24.159511
2025,11,20251102,145700,A2,臺中市政府警察局,臺中市西屯區西墩里環中路二段 / 臺中市西屯區西墩里西苑二街,晴,有照明未開啟或故障,市區道路,50,交岔路,三岔路,交叉路口,交叉路口內,柏油,乾燥,無缺陷,無障礙物,無遮蔽物,良好,無號誌,無號誌,無,無分向設施,未繪設車道線,未繪設快慢車道分隔線,無,車與車,側撞,駕駛者,有號誌路口，轉彎車未讓直行車先行,死亡0;受傷1,1,大客車,公營客運,男,59,不明,未使用,車的狀態,右轉彎,汽車,右前車頭(身),,,駕駛者,有號誌路口，轉彎車未讓直行車先行,否,120.636980,24.184628
2025,11,20251102,145700,A2,臺中市政府警察局,臺中市西屯區西墩里環中路二段 / 臺中市西屯區西墩里西苑二街,晴,有照明未開啟或故障,市區道路,50,交岔路,三岔路,交叉路口,交叉路口內,柏油,乾燥,無缺陷,無障礙物,無遮蔽物,良好,無號誌,無號誌,無,無分向設施,未繪設車道線,未繪設快慢車道分隔線,無,車與車,側撞,駕駛者,有號誌路口，轉彎車未讓直行車先行,死亡0;受傷1,2,機車,普通重型,男,18,不明,未使用,車的狀態,向前直行中,機車與自行車,左側車身,,,駕駛者,未依規定減速,否,120.636980,24.184628
2025,11,20251102,145800,A2,臺中市政府警察局,臺中市東區東勢里精武東路103號前0.0公尺,晴,無照明,市區道路,50,單路部分,直路,路段,慢車道,柏油,乾燥,無缺陷,無障礙物,無遮蔽物,良好,無號誌,無號誌,雙向禁止超車線,無標記,車道線(無標記),快慢車道分隔線,無,車與車,其他,其他,其他不當駕車行為,死亡0;受傷2,1,機車,普通重型,男,18,不明,不明,車的狀態,向前直行中,機車與自行車,前車頭,,,其他,其他不當駕車行為,否,120.693960,24.147899
2025,11,20251102,145800,A2,臺中市政府警察局,臺中市東區東勢里精武東路103號前0.0公尺,晴,無照明,市區道路,50,單路部分,直路,路段,慢車道,柏油,乾燥,無缺陷,無障礙物,無遮蔽物,良好,無號誌,無號誌,雙向禁止超車線,無標記,車道線(無標記),快慢車道分隔線,無,車與車,其他,其他,其他不當駕車行為,死亡0;受傷2,2,機車,普通重型,女,70,不明,不明,車的狀態,其他,機車與自行車,後車尾,,,其他,其他不當駕車行為,否,120.693960,24.147899
2025,11,20251102,150000,A2,高雄市政府警察局,高雄市鳳山區南京路161號前0.0公尺,晴,無照明,市區道路,40,單路部分,直路,路段,慢車道,其他鋪裝,乾燥,無缺陷,無障礙物,無遮蔽物,良好,無號誌,無號誌,中央分向島,寬式(50公分以上),車道線(無標記),寬式快慢車道分隔島(50公分以上),無,車輛本身,衝出路外,駕駛者,恍神、緊張、心不在焉分心駕駛,死亡0;受傷1,1,機車,普通重型,女,33,戴非半罩式安全帽,未使用,不明,不明,機車與自行車,右側車身,機車與自行車,右側車身,駕駛者,恍神、緊張、心不在焉分心駕駛,否,120.345262,22.610368
2025,11,20251102,150000,A2,高雄市政府警察局,高雄市鳳山區南京路161號前0.0公尺,晴,無照明,市區道路,40,單路部分,直路,路段,慢車道,其他鋪裝,乾燥,無缺陷,無障礙物,無遮蔽物,良好,無號誌,無號誌,中央分向島,寬式(50公分以上),車道線(無標記),寬式快慢車道分隔島(50公分以上),無,車輛本身,衝出路外,駕駛者,恍神、緊張、心不在焉分心駕駛,死亡0;受傷1,2,,,無或物(動物、堆置物),114,,,,,,,,,無(非車輛駕駛人因素),尚未發現肇事因素,否,120.345262,22.610368
2025,11,20251102,150100,A2,臺中市政府警察局,臺中市大里區永隆里大明路571號前0.0公尺,晴,有照明未開啟或故障,市區道路,50,交岔路,四岔路,交叉路口,交叉路口內,柏油,乾燥,無缺陷,無障礙物,無遮蔽物,良好,行車管制號誌,正常,無,無分向設施,未繪設車道線,未繪設快慢車道分隔線,無,車與車,其他,駕駛者,起步時未注意安全,死亡0;受傷1,1,慢車,腳踏自行車,男,59,戴半罩式安全帽,未使用,車的狀態,起步,機車與自行車,右側車身,,,駕駛者,起步時未注意安全,否,120.672286,24.114882
2025,11,20251102,150100,A2,臺中市政府警察局,臺中市大里區永隆里大明路571號前0.0公尺,晴,有照明未開啟或故障,市區道路,50,交岔路,四岔路,交叉路口,交叉路口內,柏油,乾燥,無缺陷,無障礙物,無遮蔽物,良好,行車管制號誌,正常,無,無分向設施,未繪設車道線,未繪設快慢車道分隔線,無,車與車,其他,駕駛者,起步時未注意安全,死亡0;受傷1,2,小客車(含客、貨兩用),自用,男,43,繫安全帶(使用幼童安全椅),未使用,車的狀態,向前直行中,汽車,前車頭,,,無(車輛駕駛者因素),尚未發現肇事因素,否,120.672286,24.114882
2025,11,20251102,150400,A2,高雄市政府警察局,高雄市三民區中華二路 / 高雄市三民區九如三路,晴,有照明未開啟或故障,市區道路,50,交岔路,四岔路,交叉路口,交叉路口內,柏油,乾燥,無缺陷,無障礙物,無遮蔽物,良好,行車管制號誌(附設行人專用號誌),正常,雙向禁止超車線,無標記,車道線(無標記),未繪設快慢車道分隔線,無,車與車,同向擦撞,其他,其他不當駕車行為,死亡0;受傷3,1,小客車(含客、貨兩用),自用,女,56,繫安全帶(使用幼童安全椅),未使用,車的狀態,向前直行中,汽車,右後車尾(身),,,其他,其他不當駕車行為,否,120.291300,22.642320
2025,11,20251102,150400,A2,高雄市政府警察局,高雄市三民區中華二路 / 高雄市三民區九如三路,晴,有照明未開啟或故障,市區道路,50,交岔路,四岔路,交叉路口,交叉路口內,柏油,乾燥,無缺陷,無障礙物,無遮蔽物,良好,行車管制號誌(附設行人專用號誌),正常,雙向禁止超車線,無標記,車道線(無標記),未繪設快慢車道分隔線,無,車與車,同向擦撞,其他,其他不當駕車行為,死亡0;受傷3,2,機車,普通重型,女,38,戴半罩式安全帽,未使用,車的狀態,向前直行中,機車與自行車,前車頭,,,其他,其他不當駕車行為,否,120.291300,22.642320
2025,11,20251102,150400,A2,高雄市政府警察局,高雄市三民區中華二路 / 高雄市三民區九如三路,晴,有照明未開啟或故障,市區道路,50,交岔路,四岔路,交叉路口,交叉路口內,柏油,乾燥,無缺陷,無障礙物,無遮蔽物,良好,行車管制號誌(附設行人專用號誌),正常,雙向禁止超車線,無標記,車道線(無標記),未繪設快慢車道分隔線,無,車與車,同向擦撞,其他,其他不當駕車行為,死亡0;受傷3,3,人,乘客,女,11,戴半罩式安全帽,非駕駛人,人的狀態,其他,其他,非汽、機及自行車,,,無(非車輛駕駛人因素),尚未發現肇事因素,否,120.291300,22.642320
2025,11,20251102,150400,A2,高雄市政府警察局,高雄市三民區中華二路 / 高雄市三民區九如三路,晴,有照明未開啟或故障,市區道路,50,交岔路,四岔路,交叉路口,交叉路口內,柏油,乾燥,無缺陷,無障礙物,無遮蔽物,良好,行車管制號誌(附設行人專用號誌),正常,雙向禁止超車線,無標記,車道線(無標記),未繪設快慢車道分隔線,無,車與車,同向擦撞,其他,其他不當駕車行為,死亡0;受傷3,4,人,乘客,男,6,戴半罩式安全帽,非駕駛人,人的狀態,其他,其他,非汽、機及自行車,,,無(非車輛駕駛人因素),尚未發現肇事因素,否,120.291300,22.642320
2025,11,20251102,150500,A2,臺中市政府警察局,臺中市南屯區三和里公益路二段 / 臺中市南屯區三和里黎明東街,晴,有照明未開啟或故障,市區道路,50,交岔路,三岔路,交叉路口,交叉口附近,柏油,乾燥,無缺陷,無障礙物,無遮蔽物,良好,無號誌,無號誌,中央分向島,寬式(50公分以上),車道線(無標記),快慢車道分隔線,無,車與車,側撞,駕駛者,右轉彎未依規定,死亡0;受傷1,1,小客車(含客、貨兩用),計程車,男,67,繫安全帶(使用幼童安全椅),未使用,車的狀態,右轉彎,汽車,右側車身,,,駕駛者,右轉彎未依規定,否,120.636160,24.151285
2025,11,20251102,150500,A2,臺中市政府警察局,臺中市南屯區三和里公益路二段 / 臺中市南屯區三和里黎明東街,晴,有照明未開啟或故障,市區道路,50,交岔路,三岔路,交叉路口,交叉口附近,柏油,乾燥,無缺陷,無障礙物,無遮蔽物,良好,無號誌,無號誌,中央分向島,寬式(50公分以上),車道線(無標記),快慢車道分隔線,無,車與車,側撞,駕駛者,右轉彎未依規定,死亡0;受傷1,2,機車,普通重型,女,36,戴非半罩式安全帽,未使用,車的狀態,向前直行中,機車與自行車,前車頭,,,其他,其他不當駕車行為,否,120.636160,24.151285
2025,11,20251102,151100,A2,臺中市政府警察局,臺中市北區金龍里梅亭街 / 臺中市北區金龍里健行路,晴,無照明,市區道路,50,交岔路,四岔路,交叉路口,交叉路口內,柏油,乾燥,無缺陷,無障礙物,無遮蔽物,良好,無號誌,無號誌,單向禁止超車線,無標記,未繪設車道線,未繪設快慢車道分隔線,無,車與車,其他,駕駛者,其他未依規定讓車,死亡0;受傷2,1,機車,普通重型,男,37,戴半罩式安全帽,未使用,車的狀態,向前直行中,機車與自行車,前車頭,,,駕駛者,其他未依規定讓車,否,120.688893,24.160194
2025,11,20251102,151100,A2,臺中市政府警察局,臺中市北區金龍里梅亭街 / 臺中市北區金龍里健行路,晴,無照明,市區道路,50,交岔路,四岔路,交叉路口,交叉路口內,柏油,乾燥,無缺陷,無障礙物,無遮蔽物,良好,無號誌,無號誌,單向禁止超車線,無標記,未繪設車道線,未繪設快慢車道分隔線,無,車與車,其他,駕駛者,其他未依規定讓車,死亡0;受傷2,2,機車,普通重型,男,43,戴半罩式安全帽,未使用,車的狀態,向前直行中,機車與自行車,前車頭,,,駕駛者,未依規定減速,否,120.688893,24.160194
2025,11,20251102,151100,A2,臺北市政府警察局,臺北市中山區中山北路1段 / 臺北市中山區長安東路1段,晴,無照明,市區道路,50,交岔路,四岔路,交叉路口,交叉口附近,柏油,乾燥,無缺陷,無障礙物,無遮蔽物,良好,行車管制號誌(附設行人專用號誌),正常,行車分向線,無標記,未繪設車道線,未繪設快慢車道分隔線,無,車與車,追撞,無(車輛駕駛者因素),尚未發現肇事因素,死亡0;受傷1,1,小客車(含客、貨兩用),計程車,女,55,繫安全帶(使用幼童安全椅),未使用,車的狀態,向前直行中,汽車,右後車尾(身),,,無(車輛駕駛者因素),尚未發現肇事因素,否,121.522205,25.058012
2025,11,20251102,151100,A2,臺北市政府警察局,臺北市中山區中山北路1段 / 臺北市中山區長安東路1段,晴,無照明,市區道路,50,交岔路,四岔路,交叉路口,交叉口附近,柏油,乾燥,無缺陷,無障礙物,無遮蔽物,良好,行車管制號誌(附設行人專用號誌),正常,行車分向線,無標記,未繪設車道線,未繪設快慢車道分隔線,無,車與車,追撞,無(車輛駕駛者因素),尚未發現肇事因素,死亡0;受傷1,2,機車,普通重型,男,46,戴非半罩式安全帽,未使用,車的狀態,向前直行中,機車與自行車,前車頭,,,其他,其他不當駕車行為,否,121.522205,25.058012
2025,11,20251102,152000,A2,新北市政府警察局,新北市三重區力行路1段 / 新北市三重區大勇街,晴,有照明未開啟或故障,市區道路,40,交岔路,多岔路,交叉路口,交叉路口內,柏油,乾燥,無缺陷,無障礙物,無遮蔽物,良好,行車管制號誌(附設行人專用號誌),正常,中央分向島,寬式(50公分以上),車道線(附標記),未繪設快慢車道分隔線,無,車與車,其他,駕駛者,變換車道不當,死亡0;受傷1,1,小客車(含客、貨兩用),自用,男,58,繫安全帶(使用幼童安全椅),未使用,車的狀態,向右變換車道,汽車,右側車身,,,駕駛者,變換車道不當,否,121.482037,25.071795
2025,11,20251102,152000,A2,新北市政府警察局,新北市三重區力行路1段 / 新北市三重區大勇街,晴,有照明未開啟或故障,市區道路,40,交岔路,多岔路,交叉路口,交叉路口內,柏油,乾燥,無缺陷,無障礙物,無遮蔽物,良好,行車管制號誌(附設行人專用號誌),正常,中央分向島,寬式(50公分以上),車道線(附標記),未繪設快慢車道分隔線,無,車與車,其他,駕駛者,變換車道不當,死亡0;受傷1,2,機車,普通重型,男,21,戴半罩式安全帽,未使用,車的狀態,向右變換車道,機車與自行車,前車頭,,,駕駛者,變換車道不當,否,121.482037,25.071795
2025,11,20251102,152400,A2,新北市政府警察局,新北市中和區板南路 / 新北市中和區建康路,陰,無照明,市區道路,50,交岔路,四岔路,交叉路口,交叉口附近,柏油,乾燥,無缺陷,無障礙物,無遮蔽物,良好,行車管制號誌(附設行人專用號誌),正常,雙向禁止超車線,無標記,車道線(無標記),未繪設快慢車道分隔線,有,車與車,側撞,駕駛者,有號誌路口，轉彎車未讓直行車先行,死亡0;受傷1,1,機車,普通重型,女,57,戴半罩式安全帽,不明,車的狀態,左轉彎,機車與自行車,後車尾,,,駕駛者,有號誌路口，轉彎車未讓直行車先行,否,121.492728,25.000246
2025,11,20251102,152400,A2,新北市政府警察局,新北市中和區板南路 / 新北市中和區建康路,陰,無照明,市區道路,50,交岔路,四岔路,交叉路口,交叉口附近,柏油,乾燥,無缺陷,無障礙物,無遮蔽物,良好,行車管制號誌(附設行人專用號誌),正常,雙向禁止超車線,無標記,車道線(無標記),未繪設快慢車道分隔線,有,車與車,側撞,駕駛者,有號誌路口，轉彎車未讓直行車先行,死亡0;受傷1,2,小客車(含客、貨兩用),自用,女,34,不明,不明,車的狀態,向前直行中,汽車,前車頭,,,無(車輛駕駛者因素),尚未發現肇事因素,否,121.492728,25.000246