發生年度,發生月份,發生日期,發生時間,事故類別名稱,處理單位名稱警局層,發生地點,天候名稱,光線名稱,道路類別-第1當事者-名稱,速限-第1當事者,道路型態大類別名稱,道路型態子類別名稱,事故位置大類別名稱,事故位置子類別名稱,路面狀況-路面鋪裝名稱,路面狀況-路面狀態名稱,路面狀況-路面缺陷名稱,道路障礙-障礙物名稱,道路障礙-視距品質名稱,道路障礙-視距名稱,號誌-號誌種類名稱,號誌-號誌動作名稱,車道劃分設施-分向設施大類別名稱,車道劃分設施-分向設施子類別名稱,車道劃分設施-分道設施-快車道或一般車道間名稱,車道劃分設施-分道設施-快慢車道間名稱,車道劃分設施-分道設施-路面邊線名稱,事故類型及型態大類別名稱,事故類型及型態子類別名稱,肇因研判大類別名稱-主要,肇因研判子類別名稱-主要,死亡受傷人數,當事者順位,當事者區分-類別-大類別名稱-車種,當事者區分-類別-子類別名稱-車種,當事者屬-性-別名稱,當事者事故發生時年齡,保護裝備名稱,行動電話或電腦或其他相類功能裝置名稱,當事者行動狀態大類別名稱,當事者行動狀態子類別名稱,車輛撞擊部位大類別名稱-最初,車輛撞擊部位子類別名稱-最初,車輛撞擊部位大類別名稱-其他,車輛撞擊部位子類別名稱-其他,肇因研判大類別名稱-個別,肇因研判子類別名稱-個別,肇事逃逸類別名稱-是否肇逃,經度,緯度
2025,11,20251102,152653,A2,南投縣政府警察局,南投縣埔里鎮中山路一段96號前0.0公尺,晴,無照明,省道,50,單路部分,直路,路段,一般車道(未劃分快慢車道),柏油,乾燥,無缺陷,無障礙物,無遮蔽物,良好,無號誌,無號誌,行車分向線,附標記,未繪設車道線,未繪設快慢車道分隔線,有,車輛本身,撞電桿,駕駛者,恍神、緊張、心不在焉分心駕駛,死亡0;受傷4,1,小客車(含客、貨兩用),自用,男,58,繫安全帶(使用幼童安全椅),未使用,車的狀態,向前直行中,汽車,右前車頭(身),,,駕駛者,恍神、緊張、心不在焉分心駕駛,否,121.022398,23.989105
2025,11,20251102,152653,A2,南投縣政府警察局,南投縣埔里鎮中山路一段96號前0.0公尺,晴,無照明,省道,50,單路部分,直路,路段,一般車道(未劃分快慢車道),柏油,乾燥,無缺陷,無障礙物,無遮蔽物,良好,無號誌,無號誌,行車分向線,附標記,未繪設車道線,未繪設快慢車道分隔線,有,車輛本身,撞電桿,駕駛者,恍神、緊張、心不在焉分心駕駛,死亡0;受傷4,2,,,無或物(動物、堆置物),-1,,,,,,,,,無(非車輛駕駛人因素),尚未發現肇事因素,否,121.022398,23.989105
2025,11,20251102,152653,A2,南投縣政府警察局,南投縣埔里鎮中山路一段96號前0.0公尺,晴,無照明,省道,50,單路部分,直路,路段,一般車道(未劃分快慢車道),柏油,乾燥,無缺陷,無障礙物,無遮蔽物,良好,無號誌,無號誌,行車分向線,附標記,未繪設車道線,未繪設快慢車道分隔線,有,車輛本身,撞電桿,駕駛者,恍神、緊張、心不在焉分心駕駛,死亡0;受傷4,3,人,乘客,男,24,不明,非駕駛人,人的狀態,其他,其他,非汽、機及自行車,,,無(非車輛駕駛人因素),尚未發現肇事因素,否,121.022398,23.989105
2025,11,20251102,152653,A2,南投縣政府警察局,南投縣埔里鎮中山路一段96號前0.0公尺,晴,無照明,省道,50,單路部分,直路,路段,一般車道(未劃分快慢車道),柏油,乾燥,無缺陷,無障礙物,無遮蔽物,良好,無號誌,無號誌,行車分向線,附標記,未繪設車道線,未繪設快慢車道分隔線,有,車輛本身,撞電桿,駕駛者,恍神、緊張、心不在焉分心駕駛,死亡0;受傷4,4,人,乘客,男,28,不明,非駕駛人,人的狀態,其他,其他,非汽、機及自行車,,,無(非車輛駕駛人因素),尚未發現肇事因素,否,121.022398,23.989105
2025,11,20251102,152653,A2,南投縣政府警察局,南投縣埔里鎮中山路一段96號前0.0公尺,晴,無照明,省道,50,單路部分,直路,路段,一般車道(未劃分快慢車道),柏油,乾燥,無缺陷,無障礙物,無遮蔽物,良好,無號誌,無號誌,行車分向線,附標記,未繪設車道線,未繪設快慢車道分隔線,有,車輛本身,撞電桿,駕駛者,恍神、緊張、心不在焉分心駕駛,死亡0;受傷4,5,人,乘客,男,25,不明,非駕駛人,人的狀態,其他,其他,非汽、機及自行車,,,無(非車輛駕駛人因素),尚未發現肇事因素,否,121.022398,23.989105
2025,11,20251102,152900,A2,南投縣政府警察局,南投縣鹿谷鄉中正路一段與中正一路口,晴,有照明未開啟或故障,縣道,50,交岔路,三岔路,交叉路口,交叉路口內,柏油,乾燥,無缺陷,無障礙物,無遮蔽物,良好,閃光號誌,正常,雙向禁止超車線,無標記,未繪設車道線,未繪設快慢車道分隔線,有,車與車,其他,駕駛者,違反閃光號誌,死亡0;受傷3,1,小客車(含客、貨兩用),自用,男,21,繫安全帶(使用幼童安全椅),未使用,車的狀態,向前直行中,汽車,前車頭,,,駕駛者,違反閃光號誌,否,120.758260,23.740200
2025,11,20251102,152900,A2,南投縣政府警察局,南投縣鹿谷鄉中正路一段與中正一路口,晴,有照明未開啟或故障,縣道,50,交岔路,三岔路,交叉路口,交叉路口內,柏油,乾燥,無缺陷,無障礙物,無遮蔽物,良好,閃光號誌,正常,雙向禁止超車線,無標記,未繪設車道線,未繪設快慢車道分隔線,有,車與車,其他,駕駛者,違反閃光號誌,死亡0;受傷3,2,小客車(含客、貨兩用),自用,女,20,繫安全帶(使用幼童安全椅),未使用,車的狀態,向前直行中,汽車,前車頭,,,駕駛者,未依規定減速,否,120.758260,23.740200
2025,11,20251102,152900,A2,南投縣政府警察局,南投縣鹿谷鄉中正路一段與中正一路口,晴,有照明未開啟或故障,縣道,50,交岔路,三岔路,交叉路口,交叉路口內,柏油,乾燥,無缺陷,無障礙物,無遮蔽物,良好,閃光號誌,正常,雙向禁止超車線,無標記,未繪設車道線,未繪設快慢車道分隔線,有,車與車,其他,駕駛者,違反閃光號誌,死亡0;受傷3,3,人,乘客,女,19,繫安全帶(使用幼童安全椅),非駕駛人,人的狀態,其他,其他,無撞擊,,,無(非車輛駕駛人因素),尚未發現肇事因素,否,120.758260,23.740200
2025,11,20251102,152900,A2,南投縣政府警察局,南投縣鹿谷鄉中正路一段與中正一路口,晴,有照明未開啟或故障,縣道,50,交岔路,三岔路,交叉路口,交叉路口內,柏油,乾燥,無缺陷,無障礙物,無遮蔽物,良好,閃光號誌,正常,雙向禁止超車線,無標記,未繪設車道線,未繪設快慢車道分隔線,有,車與車,其他,駕駛者,違反閃光號誌,死亡0;受傷3,4,人,乘客,女,52,繫安全帶(使用幼童安全椅),非駕駛人,人的狀態,其他,其他,無撞擊,,,無(非車輛駕駛人因素),尚未發現肇事因素,否,120.758260,23.740200
2025,11,20251102,153000,A2,屏東縣政府警察局,屏東縣東港鎮中正路一段200號前,晴,有照明且開啟,市區道路,50,交岔路,三岔路,交叉路口,交叉路口內,柏油,乾燥,無缺陷,無障礙物,無遮蔽物,良好,無號誌,無號誌,雙向禁止超車線,無標記,未繪設車道線,快慢車道分隔線,有,車與車,其他,駕駛者,起步時未注意安全,死亡0;受傷1,1,機車,普通重型,男,41,戴半罩式安全帽,未使用,車的狀態,起步,機車與自行車,前車頭,,,駕駛者,起步時未注意安全,否,120.458690,22.474231
2025,11,20251102,153000,A2,屏東縣政府警察局,屏東縣東港鎮中正路一段200號前,晴,有照明且開啟,市區道路,50,交岔路,三岔路,交叉路口,交叉路口內,柏油,乾燥,無缺陷,無障礙物,無遮蔽物,良好,無號誌,無號誌,雙向禁止超車線,無標記,未繪設車道線,快慢車道分隔線,有,車與車,其他,駕駛者,起步時未注意安全,死亡0;受傷1,2,機車,普通重型,男,43,戴半罩式安全帽,未使用,車的狀態,向前直行中,機車與自行車,前車頭,,,無(車輛駕駛者因素),尚未發現肇事因素,否,120.458690,22.474231
2025,11,20251102,153200,A2,新北市政府警察局,新北市新莊區五工路 / 新北市新莊區福慧路,陰,無照明,市區道路,50,交岔路,多岔路,交叉路口,交叉路口內,柏油,乾燥,無缺陷,無障礙物,無遮蔽物,良好,行車管制號誌,正常,雙向禁止超車線,無標記,車道線(無標記),未繪設快慢車道分隔線,無,車與車,側撞,駕駛者,其他未依規定讓車,死亡0;受傷1,1,小客車(含客、貨兩用),計程車,男,65,繫安全帶(使用幼童安全椅),未使用,車的狀態,左轉彎,汽車,右後車尾(身),,,駕駛者,其他未依規定讓車,否,121.459214,25.062271
2025,11,20251102,153200,A2,新北市政府警察局,新北市新莊區五工路 / 新北市新莊區福慧路,陰,無照明,市區道路,50,交岔路,多岔路,交叉路口,交叉路口內,柏油,乾燥,無缺陷,無障礙物,無遮蔽物,良好,行車管制號誌,正常,雙向禁止超車線,無標記,車道線(無標記),未繪設快慢車道分隔線,無,車與車,側撞,駕駛者,其他未依規定讓車,死亡0;受傷1,2,機車,普通重型,男,63,戴半罩式安全帽,未使用,車的狀態,向前直行中,機車與自行車,前車頭,,,無(車輛駕駛者因素),尚未發現肇事因素,否,121.459214,25.062271
2025,11,20251102,153300,A2,臺北市政府警察局,臺北市大同區重慶北路2段 / 臺北市大同區民生西路,晴,無照明,市區道路,50,單路部分,直路,路段,一般車道(未劃分快慢車道),柏油,乾燥,無缺陷,無障礙物,無遮蔽物,良好,無號誌,無號誌,中央分向島,寬式(50公分以上),車道線(無標記),未繪設快慢車道分隔線,無,車與車,側撞,駕駛者,變換車道不當,死亡0;受傷1,1,機車,普通重型,男,71,未戴安全帽或未繫安全帶(未使用幼童安全椅),未使用,車的狀態,向右變換車道,機車與自行車,右側車身,,,駕駛者,變換車道不當,否,121.513696,25.056750
2025,11,20251102,153300,A2,臺北市政府警察局,臺北市大同區重慶北路2段 / 臺北市大同區民生西路,晴,無照明,市區道路,50,單路部分,直路,路段,一般車道(未劃分快慢車道),柏油,乾燥,無缺陷,無障礙物,無遮蔽物,良好,無號誌,無號誌,中央分向島,寬式(50公分以上),車道線(無標記),未繪設快慢車道分隔線,無,車與車,側撞,駕駛者,變換車道不當,死亡0;受傷1,2,小客車(含客、貨兩用),自用,男,35,繫安全帶(使用幼童安全椅),未使用,車的狀態,向前直行中,汽車,左前車頭(身),,,無(車輛駕駛者因素),尚未發現肇事因素,否,121.513696,25.056750
2025,11,20251102,154300,A2,高雄市政府警察局,高雄市梓官區梓官路城隍巷6號前0.0公尺,晴,有照明未開啟或故障,市區道路,30,單路部分,直路,路段,一般車道(未劃分快慢車道),柏油,乾燥,無缺陷,無障礙物,無遮蔽物,良好,無號誌,無號誌,無,無分向設施,未繪設車道線,未繪設快慢車道分隔線,無,車輛本身,路上翻車、摔倒,其他,相關跡證不足且無具體影像紀錄，當事人各執一詞，經分析後無法釐清肇事原因,死亡0;受傷1,1,機車,普通重型,男,76,戴非半罩式安全帽,未使用,車的狀態,向前直行中,機車與自行車,右側車身,,,其他,相關跡證不足且無具體影像紀錄，當事人各執一詞，經分析後無法釐清肇事原因,否,120.267400,22.759880
2025,11,20251102,154300,A2,高雄市政府警察局,高雄市梓官區梓官路城隍巷6號前0.0公尺,晴,有照明未開啟或故障,市區道路,30,單路部分,直路,路段,一般車道(未劃分快慢車道),柏油,乾燥,無缺陷,無障礙物,無遮蔽物,良好,無號誌,無號誌,無,無分向設施,未繪設車道線,未繪設快慢車道分隔線,無,車輛本身,路上翻車、摔倒,其他,相關跡證不足且無具體影像紀錄，當事人各執一詞，經分析後無法釐清肇事原因,死亡0;受傷1,2,,,無或物(動物、堆置物),114,,,,,,,,,無(非車輛駕駛人因素),尚未發現肇事因素,否,120.267400,22.759880
2025,11,20251102,154500,A2,新北市政府警察局,新北市鶯歌區國慶街80號前0.0公尺,陰,無照明,市區道路,0,單路部分,直路,路段,一般車道(未劃分快慢車道),柏油,濕潤,無缺陷,無障礙物,無遮蔽物,良好,行車管制號誌(附設行人專用號誌),正常,雙向禁止超車線,附標記,車道線(無標記),未繪設快慢車道分隔線,無,車與車,追撞,其他,違規(臨時)停車,死亡0;受傷1,1,小客車(含客、貨兩用),自用,男,27,繫安全帶(使用幼童安全椅),未使用,車的狀態,等待(引擎未熄火),汽車,後車尾,,,其他,違規(臨時)停車,否,121.350182,24.954667
2025,11,20251102,154500,A2,新北市政府警察局,新北市鶯歌區國慶街80號前0.0公尺,陰,無照明,市區道路,0,單路部分,直路,路段,一般車道(未劃分快慢車道),柏油,濕潤,無缺陷,無障礙物,無遮蔽物,良好,行車管制號誌(附設行人專用號誌),正常,雙向禁止超車線,附標記,車道線(無標記),未繪設快慢車道分隔線,無,車與車,追撞,其他,違規(臨時)停車,死亡0;受傷1,2,慢車,腳踏自行車,女,13,其他(無需使用保護裝備之人),未使用,車的狀態,向前直行中,機車與自行車,前車頭,,,駕駛者,未保持行車安全距離,否,121.350182,24.954667
2025,11,20251102,154500,A2,新北市政府警察局,新北市鶯歌區國慶街80號前0.0公尺,陰,無照明,市區道路,0,單路部分,直路,路段,一般車道(未劃分快慢車道),柏油,濕潤,無缺陷,無障礙物,無遮蔽物,良好,行車管制號誌(附設行人專用號誌),正常,雙向禁止超車線,附標記,車道線(無標記),未繪設快慢車道分隔線,無,車與車,追撞,其他,違規(臨時)停車,死亡0;受傷1,3,小客車(含客、貨兩用),自用,男,24,繫安全帶(使用幼童安全椅),未使用,車的狀態,向前直行中,汽車,右前車頭(身),,,駕駛者,未保持行車安全距離,否,121.350182,24.954667
2025,11,20251102,154600,A2,新北市政府警察局,新北市樹林區佳園路3段 / 新北市樹林區學成路,晴,無照明,市區道路,50,單路部分,直路,路段,一般車道(未劃分快慢車道),柏油,乾燥,無缺陷,無障礙物,無遮蔽物,良好,行車管制號誌,正常,中央分向島,寬式(50公分以上),車道線(附標記),未繪設快慢車道分隔線,無,車與車,追撞,駕駛者,變換車道不當,死亡0;受傷1,1,機車,普通重型,女,73,戴半罩式安全帽,未使用,車的狀態,向左變換車道,機車與自行車,後車尾,,,駕駛者,變換車道不當,否,121.385000,24.946681
2025,11,20251102,154600,A2,新北市政府警察局,新北市樹林區佳園路3段 / 新北市樹林區學成路,晴,無照明,市區道路,50,單路部分,直路,路段,一般車道(未劃分快慢車道),柏油,乾燥,無缺陷,無障礙物,無遮蔽物,良好,行車管制號誌,正常,中央分向島,寬式(50公分以上),車道線(附標記),未繪設快慢車道分隔線,無,車與車,追撞,駕駛者,變換車道不當,死亡0;受傷1,2,小客車(含客、貨兩用),自用,男,26,不明,未使用,車的狀態,向前直行中,汽車,前車頭,,,駕駛者,未保持行車安全距離,否,121.385000,24.946681
2025,11,20251102,155000,A2,臺中市政府警察局,臺中市大肚區瑞井里遊園路一段 / 臺中市大肚區瑞井里華南路,晴,有照明未開啟或故障,市區道路,50,交岔路,多岔路,交叉路口,交叉路口內,柏油,乾燥,無缺陷,無障礙物,無遮蔽物,良好,行車管制號誌(附設行人專用號誌),正常,無,無分向設施,未繪設車道線,未繪設快慢車道分隔線,無,車與車,其他,其他,因光線、視線遮蔽致生事故,死亡0;受傷1,1,小客車(含客、貨兩用),自用,男,59,繫安全帶(使用幼童安全椅),未使用,車的狀態,左轉彎,汽車,左前車頭(身),,,其他,因光線、視線遮蔽致生事故,否,120.572260,24.155763
2025,11,20251102,155000,A2,臺中市政府警察局,臺中市大肚區瑞井里遊園路一段 / 臺中市大肚區瑞井里華南路,晴,有照明未開啟或故障,市區道路,50,交岔路,多岔路,交叉路口,交叉路口內,柏油,乾燥,無缺陷,無障礙物,無遮蔽物,良好,行車管制號誌(附設行人專用號誌),正常,無,無分向設施,未繪設車道線,未繪設快慢車道分隔線,無,車與車,其他,其他,因光線、視線遮蔽致生事故,死亡0;受傷1,2,機車,普通重型,男,78,戴非半罩式安全帽,未使用,車的狀態,等待(引擎未熄火),機車與自行車,前車頭,,,駕駛者,違反其他標誌(線)禁制,否,120.572260,24.155763
2025,11,20251102,155100,A2,彰化縣警察局,彰化縣福興鄉福興村沿海路五段口 / 彰化縣福興鄉福興村柳橋路七段口,陰,無照明,村里道路,50,交岔路,四岔路,交叉路口,交叉路口內,柏油,乾燥,無缺陷,無障礙物,無遮蔽物,良好,行車管制號誌,正常,雙向禁止超車線,無標記,禁止變換車道線(無標記),未繪設快慢車道分隔線,有,車與車,同向擦撞,駕駛者,未保持行車安全間隔,死亡0;受傷1,1,小客車(含客、貨兩用),自用,男,43,不明,不明,車的狀態,向右變換車道,汽車,右前車頭(身),,,駕駛者,未保持行車安全間隔,否,120.429685,24.048106
2025,11,20251102,155100,A2,彰化縣警察局,彰化縣福興鄉福興村沿海路五段口 / 彰化縣福興鄉福興村柳橋路七段口,陰,無照明,村里道路,50,交岔路,四岔路,交叉路口,交叉路口內,柏油,乾燥,無缺陷,無障礙物,無遮蔽物,良好,行車管制號誌,正常,雙向禁止超車線,無標記,禁止變換車道線(無標記),未繪設快慢車道分隔線,有,車與車,同向擦撞,駕駛者,未保持行車安全間隔,死亡0;受傷1,2,機車,普通重型,女,84,戴非半罩式安全帽,未使用,車的狀態,向前直行中,機車與自行車,左側車身,,,駕駛者,未保持行車安全間隔,否,120.429685,24.048106
2025,11,20251102,155200,A2,高雄市政府警察局,高雄市彌陀區中正東路 / 高雄市彌陀區中華路,晴,無照明,市區道路,60,交岔路,多岔路,交叉路口,交叉路口內,柏油,乾燥,無缺陷,無障礙物,無遮蔽物,良好,行車管制號誌,正常,無,無分向設施,未繪設車道線,未繪設快慢車道分隔線,無,車與車,側撞,駕駛者,右轉彎未依規定,死亡0;受傷1,1,小客車(含客、貨兩用),自用,男,45,繫安全帶(使用幼童安全椅),未使用,車的狀態,右轉彎,汽車,右側車身,,,駕駛者,右轉彎未依規定,否,120.251500,22.781960
2025,11,20251102,155200,A2,高雄市政府警察局,高雄市彌陀區中正東路 / 高雄市彌陀區中華路,晴,無照明,市區道路,60,交岔路,多岔路,交叉路口,交叉路口內,柏油,乾燥,無缺陷,無障礙物,無遮蔽物,良好,行車管制號誌,正常,無,無分向設施,未繪設車道線,未繪設快慢車道分隔線,無,車與車,側撞,駕駛者,右轉彎未依規定,死亡0;受傷1,2,機車,普通重型,女,21,不明,不明,不明,不明,機車與自行車,前車頭,,,其他,其他不當駕車行為,否,120.251500,22.781960
2025,11,20251102,155400,A2,新北市政府警察局,新北市三峽區國慶路148號前0.0公尺,陰,無照明,市區道路,50,單路部分,直路,路段,一般車道(未劃分快慢車道),柏油,乾燥,無缺陷,無障礙物,無遮蔽物,良好,閃光號誌,正常,雙向禁止超車線,附標記,禁止變換車道線(附標記),未繪設快慢車道分隔線,無,車與車,追撞,無(車輛駕駛者因素),尚未發現肇事因素,死亡0;受傷1,1,小客車(含客、貨兩用),自用,男,40,不明,不明,車的狀態,等待(引擎未熄火),其他,無撞擊,,,無(車輛駕駛者因素),尚未發現肇事因素,否,121.375486,24.939896
2025,11,20251102,155400,A2,新北市政府警察局,新北市三峽區國慶路148號前0.0公尺,陰,無照明,市區道路,50,單路部分,直路,路段,一般車道(未劃分快慢車道),柏油,乾燥,無缺陷,無障礙物,無遮蔽物,良好,閃光號誌,正常,雙向禁止超車線,附標記,禁止變換車道線(附標記),未繪設快慢車道分隔線,無,車與車,追撞,無(車輛駕駛者因素),尚未發現肇事因素,死亡0;受傷1,2,機車,普通重型,男,43,戴半罩式安全帽,不明,車的狀態,向前直行中,機車與自行車,後車尾,,,駕駛者,未保持行車安全距離,否,121.375486,24.939896
2025,11,20251102,160100,A2,臺中市政府警察局,臺中市沙鹿區興安里興安路57巷1號前0.0公尺,陰,有照明未開啟或故障,市區道路,30,交岔路,三岔路,交叉路口,交叉路口內,柏油,乾燥,無缺陷,無障礙物,無遮蔽物,良好,無號誌,無號誌,無,無分向設施,未繪設車道線,未繪設快慢車道分隔線,無,車與車,側撞,駕駛者,左轉彎未依規定,死亡0;受傷1,1,小客車(含客、貨兩用),自用,男,47,繫安全帶(使用幼童安全椅),未使用,車的狀態,左轉彎,汽車,左前車頭(身),,,駕駛者,左轉彎未依規定,否,120.552951,24.230626
2025,11,20251102,160100,A2,臺中市政府警察局,臺中市沙鹿區興安里興安路57巷1號前0.0公尺,陰,有照明未開啟或故障,市區道路,30,交岔路,三岔路,交叉路口,交叉路口內,柏油,乾燥,無缺陷,無障礙物,無遮蔽物,良好,無號誌,無號誌,無,無分向設施,未繪設車道線,未繪設快慢車道分隔線,無,車與車,側撞,駕駛者,左轉彎未依規定,死亡0;受傷1,2,機車,普通重型,男,61,戴半罩式安全帽,未使用,車的狀態,向前直行中,機車與自行車,前車頭,,,駕駛者,未依規定減速,否,120.552951,24.230626
2025,11,20251102,160100,A2,臺中市政府警察局,臺中市沙鹿區興安里興安路57巷1號前0.0公尺,陰,有照明未開啟或故障,市區道路,30,交岔路,三岔路,交叉路口,交叉路口內,柏油,乾燥,無缺陷,無障礙物,無遮蔽物,良好,無號誌,無號誌,無,無分向設施,未繪設車道線,未繪設快慢車道分隔線,無,車與車,側撞,駕駛者,左轉彎未依規定,死亡0;受傷1,3,人,乘客,女,58,戴半罩式安全帽,非駕駛人,人的狀態,其他,其他,非汽、機及自行車,,,無(非車輛駕駛人因素),尚未發現肇事因素,否,120.552951,24.230626
2025,11,20251102,160200,A2,臺中市政府警察局,臺中市西屯區何安里四川路 / 臺中市西屯區何安里四川三街,晴,有照明未開啟或故障,市區道路,50,交岔路,四岔路,交叉路口,交叉路口內,柏油,乾燥,無缺陷,無障礙物,無遮蔽物,良好,行車管制號誌,正常,無,無分向設施,未繪設車道線,未繪設快慢車道分隔線,無,車與車,側撞,駕駛者,右轉彎未依規定,死亡0;受傷1,1,小客車(含客、貨兩用),自用,男,50,不明,不明,車的狀態,右轉彎,汽車,右側車身,,,駕駛者,右轉彎未依規定,否,120.652400,24.163366
2025,11,20251102,160200,A2,臺中市政府警察局,臺中市西屯區何安里四川路 / 臺中市西屯區何安里四川三街,晴,有照明未開啟或故障,市區道路,50,交岔路,四岔路,交叉路口,交叉路口內,柏油,乾燥,無缺陷,無障礙物,無遮蔽物,良好,行車管制號誌,正常,無,無分向設施,未繪設車道線,未繪設快慢車道分隔線,無,車與車,側撞,駕駛者,右轉彎未依規定,死亡0;受傷1,2,機車,普通重型,男,22,不明,不明,車的狀態,向前直行中,機車與自行車,前車頭,,,駕駛者,恍神、緊張、心不在焉分心駕駛,否,120.652400,24.163366
2025,11,20251102,160200,A2,基隆市警察局,基隆市中山區西定路 / 基隆市中山區新西街,雨,有照明未開啟或故障,市區道路,50,交岔路,三岔路,交叉路口,交叉路口內,柏油,濕潤,無缺陷,無障礙物,無遮蔽物,良好,閃光號誌,正常,無,無分向設施,未繪設車道線,未繪設快慢車道分隔線,無,車與車,其他,駕駛者,迴轉未依規定,死亡0;受傷1,1,小客車(含客、貨兩用),自用,男,50,不明,不明,車的狀態,迴轉或橫越道路中,其他,無撞擊,,,駕駛者,迴轉未依規定,否,121.727570,25.140815
2025,11,20251102,160200,A2,基隆市警察局,基隆市中山區西定路 / 基隆市中山區新西街,雨,有照明未開啟或故障,市區道路,50,交岔路,三岔路,交叉路口,交叉路口內,柏油,濕潤,無缺陷,無障礙物,無遮蔽物,良好,閃光號誌,正常,無,無分向設施,未繪設車道線,未繪設快慢車道分隔線,無,車與車,其他,駕駛者,迴轉未依規定,死亡0;受傷1,2,機車,普通重型,男,26,不明,不明,車的狀態,向前直行中,機車與自行車,左側車身,,,無(車輛駕駛者因素),尚未發現肇事因素,否,121.727570,25.140815
2025,11,20251102,160500,A2,高雄市政府警察局,高雄市鹽埕區大公路83號前0.0公尺,晴,無照明,其他,40,單路部分,直路,路段,慢車道,柏油,乾燥,無缺陷,無障礙物,無遮蔽物,良好,無號誌,無號誌,行車分向線,無標記,車道線(無標記),快慢車道分隔線,無,車與車,同向擦撞,駕駛者,未保持行車安全間隔,死亡0;受傷2,1,機車,普通重型,女,22,戴非半罩式安全帽,未使用,車的狀態,向前直行中,機車與自行車,左側車身,,,駕駛者,未保持行車安全間隔,否,120.283099,22.627179
2025,11,20251102,160500,A2,高雄市政府警察局,高雄市鹽埕區大公路83號前0.0公尺,晴,無照明,其他,40,單路部分,直路,路段,慢車道,柏油,乾燥,無缺陷,無障礙物,無遮蔽物,良好,無號誌,無號誌,行車分向線,無標記,車道線(無標記),快慢車道分隔線,無,車與車,同向擦撞,駕駛者,未保持行車安全間隔,死亡0;受傷2,2,機車,普通重型,男,35,戴非半罩式安全帽,未使用,車的狀態,向前直行中,機車與自行車,右側車身,,,無(車輛駕駛者因素),尚未發現肇事因素,否,120.283099,22.627179
2025,11,20251102,161000,A2,高雄市政府警察局,高雄市前鎮區中山三路 / 高雄市前鎮區正勤路,晴,無照明,市區道路,40,交岔路,四岔路,交叉路口,交叉口附近,柏油,乾燥,無缺陷,無障礙物,無遮蔽物,良好,行車管制號誌,正常,中央分向島,寬式(50公分以上),禁止變換車道線(無標記),寬式快慢車道分隔島(50公分以上),無,車與車,追撞,駕駛者,未保持行車安全間隔,死亡0;受傷2,1,機車,普通重型,女,19,戴非半罩式安全帽,未使用,車的狀態,向前直行中,其他,不明,,,駕駛者,未保持行車安全間隔,否,120.309200,22.604280
2025,11,20251102,161000,A2,高雄市政府警察局,高雄市前鎮區中山三路 / 高雄市前鎮區正勤路,晴,無照明,市區道路,40,交岔路,四岔路,交叉路口,交叉口附近,柏油,乾燥,無缺陷,無障礙物,無遮蔽物,良好,行車管制號誌,正常,中央分向島,寬式(50公分以上),禁止變換車道線(無標記),寬式快慢車道分隔島(50公分以上),無,車與車,追撞,駕駛者,未保持行車安全間隔,死亡0;受傷2,2,機車,普通重型,女,25,戴非半罩式安全帽,未使用,車的狀態,向前直行中,其他,不明,,,無(車輛駕駛者因素),尚未發現肇事因素,否,120.309200,22.604280
2025,11,20251102,161000,A2,高雄市政府警察局,高雄市前鎮區中山三路 / 高雄市前鎮區正勤路,晴,無照明,市區道路,40,交岔路,四岔路,交叉路口,交叉口附近,柏油,乾燥,無缺陷,無障礙物,無遮蔽物,良好,行車管制號誌,正常,中央分向島,寬式(50公分以上),禁止變換車道線(無標記),寬式快慢車道分隔島(50公分以上),無,車與車,追撞,駕駛者,未保持行車安全間隔,死亡0;受傷2,3,,,肇事逃逸尚未查獲,0,,,,,,,,,,肇事逃逸未查獲，無法查明肇因,是,120.309200,22.604280
2025,11,20251102,161200,A2,嘉義市政府警察局,嘉義市東區華南里公明路 / 嘉義市東區華南里啟明路,晴,有照明未開啟或故障,市區道路,50,交岔路,三岔路,交叉路口,交叉路口內,柏油,乾燥,無缺陷,無障礙物,無遮蔽物,良好,行車管制號誌,正常,無,無分向設施,未繪設車道線,未繪設快慢車道分隔線,無,車與車,側撞,駕駛者,右轉彎未依規定,死亡0;受傷1,1,小客車(含客、貨兩用),自用,女,58,繫安全帶(使用幼童安全椅),未使用,車的狀態,右轉彎,汽車,右側車身,,,駕駛者,右轉彎未依規定,否,120.463403,23.481208
2025,11,20251102,161200,A2,嘉義市政府警察局,嘉義市東區華南里公明路 / 嘉義市東區華南里啟明路,晴,有照明未開啟或故障,市區道路,50,交岔路,三岔路,交叉路口,交叉路口內,柏油,乾燥,無缺陷,無障礙物,無遮蔽物,良好,行車管制號誌,正常,無,無分向設施,未繪設車道線,未繪設快慢車道分隔線,無,車與車,側撞,駕駛者,右轉彎未依規定,死亡0;受傷1,2,機車,普通重型,男,44,戴半罩式安全帽,未使用,車的狀態,向前直行中,機車與自行車,前車頭,,,無(車輛駕駛者因素),尚未發現肇事因素,否,120.463403,23.481208