發生年度,發生月份,發生日期,發生時間,事故類別名稱,處理單位名稱警局層,發生地點,天候名稱,光線名稱,道路類別-第1當事者-名稱,速限-第1當事者,道路型態大類別名稱,道路型態子類別名稱,事故位置大類別名稱,事故位置子類別名稱,路面狀況-路面鋪裝名稱,路面狀況-路面狀態名稱,路面狀況-路面缺陷名稱,道路障礙-障礙物名稱,道路障礙-視距品質名稱,道路障礙-視距名稱,號誌-號誌種類名稱,號誌-號誌動作名稱,車道劃分設施-分向設施大類別名稱,車道劃分設施-分向設施子類別名稱,車道劃分設施-分道設施-快車道或一般車道間名稱,車道劃分設施-分道設施-快慢車道間名稱,車道劃分設施-分道設施-路面邊線名稱,事故類型及型態大類別名稱,事故類型及型態子類別名稱,肇因研判大類別名稱-主要,肇因研判子類別名稱-主要,死亡受傷人數,當事者順位,當事者區分-類別-大類別名稱-車種,當事者區分-類別-子類別名稱-車種,當事者屬-性-別名稱,當事者事故發生時年齡,保護裝備名稱,行動電話或電腦或其他相類功能裝置名稱,當事者行動狀態大類別名稱,當事者行動狀態子類別名稱,車輛撞擊部位大類別名稱-最初,車輛撞擊部位子類別名稱-最初,車輛撞擊部位大類別名稱-其他,車輛撞擊部位子類別名稱-其他,肇因研判大類別名稱-個別,肇因研判子類別名稱-個別,肇事逃逸類別名稱-是否肇逃,經度,緯度
2025,11,20251102,161300,A2,高雄市政府警察局,高雄市橋頭區里林東路54號前0.0公尺,晴,無照明,市區道路,50,單路部分,直路,路段,一般車道(未劃分快慢車道),柏油,乾燥,無缺陷,無障礙物,無遮蔽物,良好,無號誌,無號誌,行車分向線,無標記,車道線(無標記),快慢車道分隔線,有,車與車,側撞,駕駛者,其他未依規定讓車,死亡0;受傷2,1,機車,普通重型,男,25,戴半罩式安全帽,未使用,車的狀態,迴轉或橫越道路中,機車與自行車,前車頭,,,駕駛者,其他未依規定讓車,否,120.296106,22.762751
2025,11,20251102,161300,A2,高雄市政府警察局,高雄市橋頭區里林東路54號前0.0公尺,晴,無照明,市區道路,50,單路部分,直路,路段,一般車道(未劃分快慢車道),柏油,乾燥,無缺陷,無障礙物,無遮蔽物,良好,無號誌,無號誌,行車分向線,無標記,車道線(無標記),快慢車道分隔線,有,車與車,側撞,駕駛者,其他未依規定讓車,死亡0;受傷2,2,機車,普通重型,男,60,戴半罩式安全帽,未使用,車的狀態,向前直行中,機車與自行車,左側車身,,,無(車輛駕駛者因素),尚未發現肇事因素,否,120.296106,22.762751
2025,11,20251102,161400,A2,臺中市政府警察局,臺中市北屯區平心里昌平路一段 / 臺中市北屯區平心里安順四街,陰,無照明,市區道路,40,交岔路,三岔路,交叉路口,交叉路口內,柏油,乾燥,無缺陷,無障礙物,無遮蔽物,良好,無號誌,無號誌,雙向禁止超車線,無標記,未繪設車道線,快慢車道分隔線,無,車與車,側撞,其他,開啟或關閉車門不當,死亡0;受傷1,1,小客車(含客、貨兩用),自用,男,28,未戴安全帽或未繫安全帶(未使用幼童安全椅),未使用,車的狀態,靜止(引擎熄火),汽車,左側車身,,,其他,開啟或關閉車門不當,否,120.690487,24.173331
2025,11,20251102,161400,A2,臺中市政府警察局,臺中市北屯區平心里昌平路一段 / 臺中市北屯區平心里安順四街,陰,無照明,市區道路,40,交岔路,三岔路,交叉路口,交叉路口內,柏油,乾燥,無缺陷,無障礙物,無遮蔽物,良好,無號誌,無號誌,雙向禁止超車線,無標記,未繪設車道線,快慢車道分隔線,無,車與車,側撞,其他,開啟或關閉車門不當,死亡0;受傷1,2,機車,普通重型,女,25,戴非半罩式安全帽,未使用,車的狀態,迴轉或橫越道路中,機車與自行車,右側車身,,,無(車輛駕駛者因素),尚未發現肇事因素,否,120.690487,24.173331
2025,11,20251102,162200,A2,高雄市政府警察局,高雄市左營區富國路271號前0.0公尺,晴,有照明未開啟或故障,市區道路,40,單路部分,直路,路段,慢車道,柏油,乾燥,無缺陷,無障礙物,無遮蔽物,良好,無號誌,無號誌,行車分向線,附標記,車道線(附標記),快慢車道分隔線,無,車與車,追撞,其他,肇事逃逸未查獲，無法查明肇因,死亡0;受傷1,1,,,肇事逃逸尚未查獲,0,,,,,,,,,,肇事逃逸未查獲，無法查明肇因,是,120.307067,22.665996
2025,11,20251102,162200,A2,高雄市政府警察局,高雄市左營區富國路271號前0.0公尺,晴,有照明未開啟或故障,市區道路,40,單路部分,直路,路段,慢車道,柏油,乾燥,無缺陷,無障礙物,無遮蔽物,良好,無號誌,無號誌,行車分向線,附標記,車道線(附標記),快慢車道分隔線,無,車與車,追撞,其他,肇事逃逸未查獲，無法查明肇因,死亡0;受傷1,2,機車,普通重型,男,25,戴半罩式安全帽,未使用,車的狀態,向前直行中,機車與自行車,後車尾,,,無(車輛駕駛者因素),尚未發現肇事因素,否,120.307067,22.665996
2025,11,20251102,162400,A2,高雄市政府警察局,高雄市湖內區東方路前0.0公尺,晴,有照明未開啟或故障,市區道路,60,單路部分,直路,路段,慢車道,柏油,乾燥,無缺陷,無障礙物,無遮蔽物,良好,行車管制號誌,正常,中央分向島,寬式(50公分以上),禁止變換車道線(無標記),快慢車道分隔線,有,車與車,追撞,駕駛者,未保持行車安全距離,死亡0;受傷2,1,機車,普通重型,男,39,戴非半罩式安全帽,未使用,車的狀態,向前直行中,機車與自行車,前車頭,,,駕駛者,未保持行車安全距離,否,120.232800,22.878230
2025,11,20251102,162400,A2,高雄市政府警察局,高雄市湖內區東方路前0.0公尺,晴,有照明未開啟或故障,市區道路,60,單路部分,直路,路段,慢車道,柏油,乾燥,無缺陷,無障礙物,無遮蔽物,良好,行車管制號誌,正常,中央分向島,寬式(50公分以上),禁止變換車道線(無標記),快慢車道分隔線,有,車與車,追撞,駕駛者,未保持行車安全距離,死亡0;受傷2,2,機車,普通重型,女,25,戴非半罩式安全帽,未使用,車的狀態,等待(引擎未熄火),機車與自行車,後車尾,,,無(車輛駕駛者因素),尚未發現肇事因素,否,120.232800,22.878230
2025,11,20251102,163000,A2,高雄市政府警察局,高雄市前鎮區天后街 / 高雄市前鎮區佛西街,晴,有照明未開啟或故障,市區道路,30,交岔路,四岔路,交叉路口,交叉路口內,柏油,乾燥,無缺陷,無障礙物,無遮蔽物,良好,無號誌,無號誌,無,無分向設施,未繪設車道線,未繪設快慢車道分隔線,無,車與車,路口交岔撞,駕駛者,無號誌路口，左方車未讓右方車先行,死亡0;受傷1,1,小客車(含客、貨兩用),計程車,男,49,繫安全帶(使用幼童安全椅),未使用,車的狀態,向前直行中,汽車,右後車尾(身),,,駕駛者,無號誌路口，左方車未讓右方車先行,否,120.321233,22.571167
2025,11,20251102,163000,A2,高雄市政府警察局,高雄市前鎮區天后街 / 高雄市前鎮區佛西街,晴,有照明未開啟或故障,市區道路,30,交岔路,四岔路,交叉路口,交叉路口內,柏油,乾燥,無缺陷,無障礙物,無遮蔽物,良好,無號誌,無號誌,無,無分向設施,未繪設車道線,未繪設快慢車道分隔線,無,車與車,路口交岔撞,駕駛者,無號誌路口，左方車未讓右方車先行,死亡0;受傷1,2,機車,普通重型,女,40,戴半罩式安全帽,未使用,車的狀態,向前直行中,機車與自行車,前車頭,,,駕駛者,未依規定減速,否,120.321233,22.571167
2025,11,20251102,163300,A2,高雄市政府警察局,高雄市鳳山區鳳頂路 / 高雄市鳳山區維武路,晴,無照明,市區道路,40,交岔路,四岔路,交叉路口,交叉路口內,柏油,乾燥,無缺陷,無障礙物,無遮蔽物,良好,行車管制號誌,正常,無,無分向設施,未繪設車道線,未繪設快慢車道分隔線,無,車與車,側撞,駕駛者,闖紅燈直行,死亡0;受傷1,1,機車,普通重型,女,50,戴半罩式安全帽,未使用,車的狀態,向前直行中,機車與自行車,左側車身,,,駕駛者,闖紅燈直行,否,120.362900,22.614520
2025,11,20251102,163300,A2,高雄市政府警察局,高雄市鳳山區鳳頂路 / 高雄市鳳山區維武路,晴,無照明,市區道路,40,交岔路,四岔路,交叉路口,交叉路口內,柏油,乾燥,無缺陷,無障礙物,無遮蔽物,良好,行車管制號誌,正常,無,無分向設施,未繪設車道線,未繪設快慢車道分隔線,無,車與車,側撞,駕駛者,闖紅燈直行,死亡0;受傷1,2,小客車(含客、貨兩用),自用,女,26,繫安全帶(使用幼童安全椅),未使用,車的狀態,右轉彎,汽車,右前車頭(身),,,無(車輛駕駛者因素),尚未發現肇事因素,否,120.362900,22.614520
2025,11,20251102,163600,A2,彰化縣警察局,彰化縣芬園鄉彰南路四段口 / 彰化縣芬園鄉忠孝路口,晴,有照明未開啟或故障,村里道路,50,交岔路,三岔路,交叉路口,交叉路口內,柏油,乾燥,無缺陷,無障礙物,無遮蔽物,良好,閃光號誌,正常,雙向禁止超車線,無標記,車道線(無標記),未繪設快慢車道分隔線,有,車與車,對向擦撞,駕駛者,有號誌路口，轉彎車未讓直行車先行,死亡0;受傷1,1,小客車(含客、貨兩用),自用,男,41,繫安全帶(使用幼童安全椅),未使用,車的狀態,左轉彎,汽車,右側車身,,,駕駛者,有號誌路口，轉彎車未讓直行車先行,否,120.628400,24.013045
2025,11,20251102,163600,A2,彰化縣警察局,彰化縣芬園鄉彰南路四段口 / 彰化縣芬園鄉忠孝路口,晴,有照明未開啟或故障,村里道路,50,交岔路,三岔路,交叉路口,交叉路口內,柏油,乾燥,無缺陷,無障礙物,無遮蔽物,良好,閃光號誌,正常,雙向禁止超車線,無標記,車道線(無標記),未繪設快慢車道分隔線,有,車與車,對向擦撞,駕駛者,有號誌路口，轉彎車未讓直行車先行,死亡0;受傷1,2,機車,普通重型,男,24,戴半罩式安全帽,未使用,車的狀態,向前直行中,機車與自行車,前車頭,,,駕駛者,未依規定減速,否,120.628400,24.013045
2025,11,20251102,164400,A2,臺北市政府警察局,臺北市內湖區南湖右岸河濱公園前0.0公尺,雨,有照明未開啟或故障,市區道路,0,單路部分,直路,路段,機車優先道,柏油,濕潤,無缺陷,無障礙物,無遮蔽物,良好,無號誌,無號誌,行車分向線,無標記,未繪設車道線,未繪設快慢車道分隔線,無,人與車,同向通行中,駕駛者,觀看其他事故、活動、道路環境或車外資訊分心駕駛,死亡0;受傷1,1,慢車,腳踏自行車,男,13,其他(無需使用保護裝備之人),未使用,車的狀態,向前直行中,機車與自行車,前車頭,,,駕駛者,觀看其他事故、活動、道路環境或車外資訊分心駕駛,否,121.596372,25.060433
2025,11,20251102,164400,A2,臺北市政府警察局,臺北市內湖區南湖右岸河濱公園前0.0公尺,雨,有照明未開啟或故障,市區道路,0,單路部分,直路,路段,機車優先道,柏油,濕潤,無缺陷,無障礙物,無遮蔽物,良好,無號誌,無號誌,行車分向線,無標記,未繪設車道線,未繪設快慢車道分隔線,無,人與車,同向通行中,駕駛者,觀看其他事故、活動、道路環境或車外資訊分心駕駛,死亡0;受傷1,2,人,行人,男,49,其他(無需使用保護裝備之人),非駕駛人,人的狀態,步行,其他,非汽、機及自行車,,,無(非車輛駕駛人因素),尚未發現肇事因素,否,121.596372,25.060433
2025,11,20251102,164500,A2,高雄市政府警察局,高雄市前金區中華三路 / 高雄市前金區河南二路,晴,有照明未開啟或故障,市區道路,50,交岔路,四岔路,交叉路口,交叉路口內,柏油,乾燥,無缺陷,無障礙物,無遮蔽物,良好,行車管制號誌,正常,中央分向島,窄式無柵欄,車道線(附標記),快慢車道分隔線,無,車與車,側撞,駕駛者,有號誌路口，轉彎車未讓直行車先行,死亡0;受傷1,1,小客車(含客、貨兩用),自用,女,64,繫安全帶(使用幼童安全椅),未使用,車的狀態,左轉彎,汽車,前車頭,,,駕駛者,有號誌路口，轉彎車未讓直行車先行,否,120.294000,22.634810
2025,11,20251102,164500,A2,高雄市政府警察局,高雄市前金區中華三路 / 高雄市前金區河南二路,晴,有照明未開啟或故障,市區道路,50,交岔路,四岔路,交叉路口,交叉路口內,柏油,乾燥,無缺陷,無障礙物,無遮蔽物,良好,行車管制號誌,正常,中央分向島,窄式無柵欄,車道線(附標記),快慢車道分隔線,無,車與車,側撞,駕駛者,有號誌路口，轉彎車未讓直行車先行,死亡0;受傷1,2,機車,普通重型,女,18,戴半罩式安全帽,未使用,車的狀態,向前直行中,機車與自行車,左側車身,,,無(車輛駕駛者因素),尚未發現肇事因素,否,120.294000,22.634810
2025,11,20251102,164500,A2,高雄市政府警察局,高雄市鼓山區臨海二路 / 高雄市鼓山區延平街,晴,無照明,市區道路,50,交岔路,四岔路,交叉路口,交叉路口內,柏油,乾燥,無缺陷,無障礙物,無遮蔽物,良好,行車管制號誌,正常,行車分向線,附標記,車道線(附標記),快慢車道分隔線,有,車與車,路口交岔撞,駕駛者,有號誌路口，轉彎車未讓直行車先行,死亡0;受傷1,1,小客車(含客、貨兩用),自用,男,33,繫安全帶(使用幼童安全椅),未使用,車的狀態,其他,汽車,右側車身,,,駕駛者,有號誌路口，轉彎車未讓直行車先行,否,120.272664,22.622605
2025,11,20251102,164500,A2,高雄市政府警察局,高雄市鼓山區臨海二路 / 高雄市鼓山區延平街,晴,無照明,市區道路,50,交岔路,四岔路,交叉路口,交叉路口內,柏油,乾燥,無缺陷,無障礙物,無遮蔽物,良好,行車管制號誌,正常,行車分向線,附標記,車道線(附標記),快慢車道分隔線,有,車與車,路口交岔撞,駕駛者,有號誌路口，轉彎車未讓直行車先行,死亡0;受傷1,2,機車,普通重型,男,19,戴非半罩式安全帽,未使用,車的狀態,向前直行中,機車與自行車,前車頭,,,無(車輛駕駛者因素),尚未發現肇事因素,否,120.272664,22.622605
2025,11,20251102,165100,A2,高雄市政府警察局,高雄市大寮區前庄路 / 高雄市大寮區前庄路,晴,有照明未開啟或故障,市區道路,30,交岔路,四岔路,交叉路口,交叉路口內,柏油,乾燥,無缺陷,無障礙物,無遮蔽物,良好,無號誌,無號誌,無,無分向設施,未繪設車道線,未繪設快慢車道分隔線,無,車與車,路口交岔撞,駕駛者,無號誌路口，左方車未讓右方車先行,死亡0;受傷2,1,機車,普通重型,女,55,戴非半罩式安全帽,未使用,車的狀態,向前直行中,機車與自行車,前車頭,,,駕駛者,無號誌路口，左方車未讓右方車先行,否,120.390409,22.630556
2025,11,20251102,165100,A2,高雄市政府警察局,高雄市大寮區前庄路 / 高雄市大寮區前庄路,晴,有照明未開啟或故障,市區道路,30,交岔路,四岔路,交叉路口,交叉路口內,柏油,乾燥,無缺陷,無障礙物,無遮蔽物,良好,無號誌,無號誌,無,無分向設施,未繪設車道線,未繪設快慢車道分隔線,無,車與車,路口交岔撞,駕駛者,無號誌路口，左方車未讓右方車先行,死亡0;受傷2,2,機車,普通重型,女,19,戴非半罩式安全帽,未使用,車的狀態,向前直行中,機車與自行車,左側車身,,,駕駛者,未依規定減速,否,120.390409,22.630556
2025,11,20251102,165300,A2,臺中市政府警察局,臺中市豐原區社皮里社興路 / 臺中市豐原區社皮里社興一街,晴,有照明未開啟或故障,市區道路,50,交岔路,三岔路,路段,一般車道(未劃分快慢車道),柏油,乾燥,無缺陷,無障礙物,無遮蔽物,良好,無號誌,無號誌,雙向禁止超車線,無標記,車道線(無標記),快慢車道分隔線,無,車與車,同向擦撞,駕駛者,違規超車,死亡0;受傷1,1,小客車(含客、貨兩用),自用,男,69,不明,不明,車的狀態,超車(含超越),汽車,右側車身,,,駕駛者,違規超車,否,120.706205,24.246461
2025,11,20251102,165300,A2,臺中市政府警察局,臺中市豐原區社皮里社興路 / 臺中市豐原區社皮里社興一街,晴,有照明未開啟或故障,市區道路,50,交岔路,三岔路,路段,一般車道(未劃分快慢車道),柏油,乾燥,無缺陷,無障礙物,無遮蔽物,良好,無號誌,無號誌,雙向禁止超車線,無標記,車道線(無標記),快慢車道分隔線,無,車與車,同向擦撞,駕駛者,違規超車,死亡0;受傷1,2,機車,普通輕型,女,45,不明,不明,車的狀態,向前直行中,機車與自行車,左側車身,,,無(車輛駕駛者因素),尚未發現肇事因素,否,120.706205,24.246461
2025,11,20251102,165300,A2,臺中市政府警察局,臺中市豐原區社皮里社興路 / 臺中市豐原區社皮里社興一街,晴,有照明未開啟或故障,市區道路,50,交岔路,三岔路,路段,一般車道(未劃分快慢車道),柏油,乾燥,無缺陷,無障礙物,無遮蔽物,良好,無號誌,無號誌,雙向禁止超車線,無標記,車道線(無標記),快慢車道分隔線,無,車與車,同向擦撞,駕駛者,違規超車,死亡0;受傷1,3,人,乘客,男,8,不明,非駕駛人,人的狀態,靜立(止),其他,非汽、機及自行車,,,無(非車輛駕駛人因素),尚未發現肇事因素,否,120.706205,24.246461
2025,11,20251102,165500,A2,南投縣政府警察局,南投縣草屯鎮貓羅溪橋,晴,有照明且開啟,省道,60,單路部分,橋樑,路段,一般車道(未劃分快慢車道),柏油,乾燥,無缺陷,無障礙物,無遮蔽物,良好,無號誌,無號誌,行車分向線,無標記,車道線(無標記),未繪設快慢車道分隔線,有,車與車,同向擦撞,其他,肇事逃逸未查獲，無法查明肇因,死亡0;受傷1,1,,,肇事逃逸尚未查獲,-1,,,車的狀態,向前直行中,,,,,其他,肇事逃逸未查獲，無法查明肇因,是,120.662653,23.951798
2025,11,20251102,165500,A2,南投縣政府警察局,南投縣草屯鎮貓羅溪橋,晴,有照明且開啟,省道,60,單路部分,橋樑,路段,一般車道(未劃分快慢車道),柏油,乾燥,無缺陷,無障礙物,無遮蔽物,良好,無號誌,無號誌,行車分向線,無標記,車道線(無標記),未繪設快慢車道分隔線,有,車與車,同向擦撞,其他,肇事逃逸未查獲，無法查明肇因,死亡0;受傷1,2,機車,普通重型,男,26,戴半罩式安全帽,未使用,車的狀態,向前直行中,機車與自行車,左側車身,機車與自行車,左側車身,無(車輛駕駛者因素),尚未發現肇事因素,否,120.662653,23.951798
2025,11,20251102,165548,A2,彰化縣警察局,彰化縣員林市三愛里大勇街口 / 彰化縣員林市三愛里興華東街口,陰,無照明,市區道路,50,交岔路,三岔路,交叉路口,交叉路口內,柏油,乾燥,無缺陷,無障礙物,無遮蔽物,良好,無號誌,無號誌,雙向禁止超車線,無標記,未繪設車道線,未繪設快慢車道分隔線,有,車與車,側撞,駕駛者,無號誌路口，轉彎車未讓直行車先行,死亡0;受傷1,1,小客車(含客、貨兩用),自用,男,47,繫安全帶(使用幼童安全椅),未使用,車的狀態,左轉彎,汽車,左前車頭(身),,,駕駛者,無號誌路口，轉彎車未讓直行車先行,否,120.576837,23.970744
2025,11,20251102,165548,A2,彰化縣警察局,彰化縣員林市三愛里大勇街口 / 彰化縣員林市三愛里興華東街口,陰,無照明,市區道路,50,交岔路,三岔路,交叉路口,交叉路口內,柏油,乾燥,無缺陷,無障礙物,無遮蔽物,良好,無號誌,無號誌,雙向禁止超車線,無標記,未繪設車道線,未繪設快慢車道分隔線,有,車與車,側撞,駕駛者,無號誌路口，轉彎車未讓直行車先行,死亡0;受傷1,2,慢車,腳踏自行車,男,32,其他(無需使用保護裝備之人),未使用,車的狀態,向前直行中,機車與自行車,左側車身,,,駕駛者,未依規定減速,否,120.576837,23.970744
2025,11,20251102,170000,A2,臺中市政府警察局,臺中市西屯區何德里重慶路132號前0.0公尺,晴,有照明未開啟或故障,市區道路,50,單路部分,直路,路段,一般車道(未劃分快慢車道),柏油,乾燥,無缺陷,無障礙物,無遮蔽物,良好,無號誌,無號誌,雙向禁止超車線,無標記,未繪設車道線,未繪設快慢車道分隔線,無,車與車,同向擦撞,駕駛者,未保持行車安全間隔,死亡0;受傷1,1,機車,普通重型,女,37,不明,不明,車的狀態,向前直行中,機車與自行車,左側車身,,,駕駛者,未保持行車安全間隔,否,120.656515,24.166422
2025,11,20251102,170000,A2,臺中市政府警察局,臺中市西屯區何德里重慶路132號前0.0公尺,晴,有照明未開啟或故障,市區道路,50,單路部分,直路,路段,一般車道(未劃分快慢車道),柏油,乾燥,無缺陷,無障礙物,無遮蔽物,良好,無號誌,無號誌,雙向禁止超車線,無標記,未繪設車道線,未繪設快慢車道分隔線,無,車與車,同向擦撞,駕駛者,未保持行車安全間隔,死亡0;受傷1,2,機車,普通重型,女,43,不明,不明,車的狀態,向前直行中,機車與自行車,右側車身,,,駕駛者,未保持行車安全間隔,否,120.656515,24.166422
2025,11,20251102,170000,A2,高雄市政府警察局,高雄市內門區台3省道 / 高雄市內門區無名路,晴,有照明未開啟或故障,市區道路,60,交岔路,三岔路,交叉路口,交叉口附近,柏油,乾燥,無缺陷,無障礙物,有遮蔽物,路上停放車輛,閃光號誌,正常,雙向禁止超車線,附標記,車道線(附標記),未繪設快慢車道分隔線,有,車與車,其他,駕駛者,未保持行車安全距離,死亡0;受傷2,1,機車,普通重型,男,18,戴非半罩式安全帽,未使用,車的狀態,向前直行中,機車與自行車,前車頭,,,駕駛者,未保持行車安全距離,否,120.468192,23.000585
2025,11,20251102,170000,A2,高雄市政府警察局,高雄市內門區台3省道 / 高雄市內門區無名路,晴,有照明未開啟或故障,市區道路,60,交岔路,三岔路,交叉路口,交叉口附近,柏油,乾燥,無缺陷,無障礙物,有遮蔽物,路上停放車輛,閃光號誌,正常,雙向禁止超車線,附標記,車道線(附標記),未繪設快慢車道分隔線,有,車與車,其他,駕駛者,未保持行車安全距離,死亡0;受傷2,2,小貨車,自用,男,62,繫安全帶(使用幼童安全椅),未使用,車的狀態,右轉彎,汽車,後車尾,,,無(車輛駕駛者因素),尚未發現肇事因素,否,120.468192,23.000585
2025,11,20251102,170000,A2,高雄市政府警察局,高雄市內門區台3省道 / 高雄市內門區無名路,晴,有照明未開啟或故障,市區道路,60,交岔路,三岔路,交叉路口,交叉口附近,柏油,乾燥,無缺陷,無障礙物,有遮蔽物,路上停放車輛,閃光號誌,正常,雙向禁止超車線,附標記,車道線(附標記),未繪設快慢車道分隔線,有,車與車,其他,駕駛者,未保持行車安全距離,死亡0;受傷2,3,人,乘客,女,19,戴非半罩式安全帽,非駕駛人,人的狀態,其他,其他,非汽、機及自行車,,,無(非車輛駕駛人因素),尚未發現肇事因素,否,120.468192,23.000585
2025,11,20251102,170200,A2,新北市政府警察局,新北市板橋區館前西路 / 新北市板橋區南雅西路1段,晴,有照明且開啟,市區道路,50,交岔路,多岔路,交叉路口,交叉路口內,柏油,乾燥,無缺陷,無障礙物,無遮蔽物,良好,行車管制號誌,正常,雙向禁止超車線,無標記,車道線(無標記),未繪設快慢車道分隔線,有,車與車,同向擦撞,駕駛者,違反其他標誌(線)禁制,死亡0;受傷1,1,小客車(含客、貨兩用),自用,女,47,繫安全帶(使用幼童安全椅),未使用,車的狀態,向前直行中,汽車,右側車身,,,駕駛者,違反其他標誌(線)禁制,否,121.478933,25.008582
2025,11,20251102,170200,A2,新北市政府警察局,新北市板橋區館前西路 / 新北市板橋區南雅西路1段,晴,有照明且開啟,市區道路,50,交岔路,多岔路,交叉路口,交叉路口內,柏油,乾燥,無缺陷,無障礙物,無遮蔽物,良好,行車管制號誌,正常,雙向禁止超車線,無標記,車道線(無標記),未繪設快慢車道分隔線,有,車與車,同向擦撞,駕駛者,違反其他標誌(線)禁制,死亡0;受傷1,2,機車,普通重型,女,69,戴半罩式安全帽,未使用,車的狀態,向前直行中,機車與自行車,左側車身,,,無(車輛駕駛者因素),尚未發現肇事因素,否,121.478933,25.008582
2025,11,20251102,170900,A2,新北市政府警察局,新北市泰山區明志路1段289號前0.0公尺,陰,有照明且開啟,市區道路,50,單路部分,直路,路段,一般車道(未劃分快慢車道),柏油,乾燥,無缺陷,無障礙物,無遮蔽物,良好,行車管制號誌,正常,雙向禁止超車線,無標記,未繪設車道線,未繪設快慢車道分隔線,有,車輛本身,路上翻車、摔倒,其他,其他不當駕車行為,死亡0;受傷1,1,機車,普通重型,男,63,戴半罩式安全帽,未使用,車的狀態,其他,機車與自行車,左側車身,,,其他,其他不當駕車行為,否,121.431863,25.059701
2025,11,20251102,170900,A2,新北市政府警察局,新北市泰山區明志路1段289號前0.0公尺,陰,有照明且開啟,市區道路,50,單路部分,直路,路段,一般車道(未劃分快慢車道),柏油,乾燥,無缺陷,無障礙物,無遮蔽物,良好,行車管制號誌,正常,雙向禁止超車線,無標記,未繪設車道線,未繪設快慢車道分隔線,有,車輛本身,路上翻車、摔倒,其他,其他不當駕車行為,死亡0;受傷1,2,,,無或物(動物、堆置物),114,,,,,,,,,無(非車輛駕駛人因素),尚未發現肇事因素,否,121.431863,25.059701
2025,11,20251102,171000,A2,新竹縣政府警察局,新竹縣竹北市興海街55巷8號,晴,無照明,市區道路,50,單路部分,直路,路段,一般車道(未劃分快慢車道),柏油,乾燥,無缺陷,無障礙物,無遮蔽物,良好,無號誌,無號誌,無,無分向設施,未繪設車道線,未繪設快慢車道分隔線,有,車輛本身,路上翻車、摔倒,駕駛者,恍神、緊張、心不在焉分心駕駛,死亡0;受傷1,1,慢車,腳踏自行車,女,47,未戴安全帽或未繫安全帶(未使用幼童安全椅),未使用,車的狀態,向前直行中,其他,無撞擊,,,駕駛者,恍神、緊張、心不在焉分心駕駛,否,121.041008,24.814173
2025,11,20251102,171000,A2,新竹縣政府警察局,新竹縣竹北市興海街55巷8號,晴,無照明,市區道路,50,單路部分,直路,路段,一般車道(未劃分快慢車道),柏油,乾燥,無缺陷,無障礙物,無遮蔽物,良好,無號誌,無號誌,無,無分向設施,未繪設車道線,未繪設快慢車道分隔線,有,車輛本身,路上翻車、摔倒,駕駛者,恍神、緊張、心不在焉分心駕駛,死亡0;受傷1,2,,,無或物(動物、堆置物),-1,,,,,,,,,無(非車輛駕駛人因素),尚未發現肇事因素,否,121.041008,24.814173
2025,11,20251102,171100,A2,新北市政府警察局,新北市新莊區環漢路3段 / 新北市新莊區19號越堤道,雨,有照明未開啟或故障,市區道路,50,交岔路,三岔路,交叉路口,交叉口附近,柏油,濕潤,無缺陷,無障礙物,無遮蔽物,良好,行車管制號誌,正常,雙向禁止超車線,附標記,禁止變換車道線(附標記),未繪設快慢車道分隔線,有,車與車,同向擦撞,駕駛者,未保持行車安全距離,死亡0;受傷1,1,機車,普通重型,男,29,戴半罩式安全帽,未使用,車的狀態,向前直行中,機車與自行車,前車頭,,,駕駛者,未保持行車安全距離,否,121.440398,25.020853
2025,11,20251102,171100,A2,新北市政府警察局,新北市新莊區環漢路3段 / 新北市新莊區19號越堤道,雨,有照明未開啟或故障,市區道路,50,交岔路,三岔路,交叉路口,交叉口附近,柏油,濕潤,無缺陷,無障礙物,無遮蔽物,良好,行車管制號誌,正常,雙向禁止超車線,附標記,禁止變換車道線(附標記),未繪設快慢車道分隔線,有,車與車,同向擦撞,駕駛者,未保持行車安全距離,死亡0;受傷1,2,小客車(含客、貨兩用),自用,男,31,繫安全帶(使用幼童安全椅),未使用,車的狀態,等待(引擎未熄火),汽車,右後車尾(身),,,無(車輛駕駛者因素),尚未發現肇事因素,否,121.440398,25.020853
2025,11,20251102,171100,A2,臺中市政府警察局,臺中市新社區新社里興安路21號前0.0公尺,晴,有照明未開啟或故障,市區道路,50,交岔路,三岔路,交叉路口,交叉口附近,柏油,乾燥,無缺陷,無障礙物,無遮蔽物,良好,無號誌,無號誌,雙向禁止超車線,無標記,未繪設車道線,快慢車道分隔線,有,車與車,其他,駕駛者,逆向行駛,死亡0;受傷1,1,機車,普通重型,女,59,戴半罩式安全帽,未使用,車的狀態,其他,機車與自行車,右側車身,,,駕駛者,逆向行駛,否,120.808935,24.241771
2025,11,20251102,171100,A2,臺中市政府警察局,臺中市新社區新社里興安路21號前0.0公尺,晴,有照明未開啟或故障,市區道路,50,交岔路,三岔路,交叉路口,交叉口附近,柏油,乾燥,無缺陷,無障礙物,無遮蔽物,良好,無號誌,無號誌,雙向禁止超車線,無標記,未繪設車道線,快慢車道分隔線,有,車與車,其他,駕駛者,逆向行駛,死亡0;受傷1,2,小客車(含客、貨兩用),自用,女,49,不明,不明,車的狀態,向前直行中,汽車,左前車頭(身),,,無(車輛駕駛者因素),尚未發現肇事因素,否,120.808935,24.241771