發生年度,發生月份,發生日期,發生時間,事故類別名稱,處理單位名稱警局層,發生地點,天候名稱,光線名稱,道路類別-第1當事者-名稱,速限-第1當事者,道路型態大類別名稱,道路型態子類別名稱,事故位置大類別名稱,事故位置子類別名稱,路面狀況-路面鋪裝名稱,路面狀況-路面狀態名稱,路面狀況-路面缺陷名稱,道路障礙-障礙物名稱,道路障礙-視距品質名稱,道路障礙-視距名稱,號誌-號誌種類名稱,號誌-號誌動作名稱,車道劃分設施-分向設施大類別名稱,車道劃分設施-分向設施子類別名稱,車道劃分設施-分道設施-快車道或一般車道間名稱,車道劃分設施-分道設施-快慢車道間名稱,車道劃分設施-分道設施-路面邊線名稱,事故類型及型態大類別名稱,事故類型及型態子類別名稱,肇因研判大類別名稱-主要,肇因研判子類別名稱-主要,死亡受傷人數,當事者順位,當事者區分-類別-大類別名稱-車種,當事者區分-類別-子類別名稱-車種,當事者屬-性-別名稱,當事者事故發生時年齡,保護裝備名稱,行動電話或電腦或其他相類功能裝置名稱,當事者行動狀態大類別名稱,當事者行動狀態子類別名稱,車輛撞擊部位大類別名稱-最初,車輛撞擊部位子類別名稱-最初,車輛撞擊部位大類別名稱-其他,車輛撞擊部位子類別名稱-其他,肇因研判大類別名稱-個別,肇因研判子類別名稱-個別,肇事逃逸類別名稱-是否肇逃,經度,緯度
2025,11,20251102,175200,A2,嘉義市政府警察局,嘉義市西區新富里民族路585號前0.0公尺,晴,有照明且開啟,市區道路,50,交岔路,三岔路,交叉路口,交叉口附近,柏油,乾燥,無缺陷,無障礙物,無遮蔽物,良好,無號誌,無號誌,雙向禁止超車線,無標記,車道線(無標記),未繪設快慢車道分隔線,無,車與車,側撞,駕駛者,變換車道不當,死亡0;受傷3,1,機車,普通重型,男,48,戴半罩式安全帽,未使用,車的狀態,其他,機車與自行車,右側車身,,,駕駛者,變換車道不當,否,120.446251,23.475696
2025,11,20251102,175200,A2,嘉義市政府警察局,嘉義市西區新富里民族路585號前0.0公尺,晴,有照明且開啟,市區道路,50,交岔路,三岔路,交叉路口,交叉口附近,柏油,乾燥,無缺陷,無障礙物,無遮蔽物,良好,無號誌,無號誌,雙向禁止超車線,無標記,車道線(無標記),未繪設快慢車道分隔線,無,車與車,側撞,駕駛者,變換車道不當,死亡0;受傷3,2,機車,普通重型,男,58,戴半罩式安全帽,未使用,車的狀態,向前直行中,機車與自行車,左側車身,,,無(車輛駕駛者因素),尚未發現肇事因素,否,120.446251,23.475696
2025,11,20251102,175200,A2,嘉義市政府警察局,嘉義市西區新富里民族路585號前0.0公尺,晴,有照明且開啟,市區道路,50,交岔路,三岔路,交叉路口,交叉口附近,柏油,乾燥,無缺陷,無障礙物,無遮蔽物,良好,無號誌,無號誌,雙向禁止超車線,無標記,車道線(無標記),未繪設快慢車道分隔線,無,車與車,側撞,駕駛者,變換車道不當,死亡0;受傷3,3,人,乘客,女,57,戴非半罩式安全帽,非駕駛人,人的狀態,其他,其他,非汽、機及自行車,,,無(非車輛駕駛人因素),尚未發現肇事因素,否,120.446251,23.475696
2025,11,20251102,175500,A2,新北市政府警察局,新北市土城區延吉街303號前0.0公尺,晴,有照明且開啟,市區道路,40,單路部分,直路,路段,一般車道(未劃分快慢車道),柏油,乾燥,無缺陷,無障礙物,無遮蔽物,良好,無號誌,無號誌,行車分向線,附標記,未繪設車道線,未繪設快慢車道分隔線,無,車與車,側撞,駕駛者,迴轉未依規定,死亡0;受傷2,1,機車,普通重型,男,19,戴半罩式安全帽,未使用,車的狀態,迴轉或橫越道路中,機車與自行車,左側車身,,,駕駛者,迴轉未依規定,否,121.466555,24.984573
2025,11,20251102,175500,A2,新北市政府警察局,新北市土城區延吉街303號前0.0公尺,晴,有照明且開啟,市區道路,40,單路部分,直路,路段,一般車道(未劃分快慢車道),柏油,乾燥,無缺陷,無障礙物,無遮蔽物,良好,無號誌,無號誌,行車分向線,附標記,未繪設車道線,未繪設快慢車道分隔線,無,車與車,側撞,駕駛者,迴轉未依規定,死亡0;受傷2,2,機車,普通重型,男,18,戴半罩式安全帽,未使用,車的狀態,向前直行中,機車與自行車,前車頭,,,無(車輛駕駛者因素),尚未發現肇事因素,否,121.466555,24.984573
2025,11,20251102,175600,A2,嘉義市政府警察局,嘉義市東區北門里民權路365號前0.0公尺,晴,有照明且開啟,市區道路,30,交岔路,三岔路,交叉路口,交叉路口內,柏油,乾燥,無缺陷,無障礙物,無遮蔽物,良好,無號誌,無號誌,無,無分向設施,未繪設車道線,未繪設快慢車道分隔線,無,車與車,側撞,駕駛者,無號誌路口，轉彎車未讓直行車先行,死亡0;受傷3,1,機車,普通重型,男,19,戴非半罩式安全帽,未使用,車的狀態,左轉彎,機車與自行車,左側車身,,,駕駛者,無號誌路口，轉彎車未讓直行車先行,否,120.450695,23.482462
2025,11,20251102,175600,A2,嘉義市政府警察局,嘉義市東區北門里民權路365號前0.0公尺,晴,有照明且開啟,市區道路,30,交岔路,三岔路,交叉路口,交叉路口內,柏油,乾燥,無缺陷,無障礙物,無遮蔽物,良好,無號誌,無號誌,無,無分向設施,未繪設車道線,未繪設快慢車道分隔線,無,車與車,側撞,駕駛者,無號誌路口，轉彎車未讓直行車先行,死亡0;受傷3,2,機車,普通重型,女,48,戴半罩式安全帽,未使用,車的狀態,向前直行中,機車與自行車,右側車身,,,無(車輛駕駛者因素),尚未發現肇事因素,否,120.450695,23.482462
2025,11,20251102,175600,A2,嘉義市政府警察局,嘉義市東區北門里民權路365號前0.0公尺,晴,有照明且開啟,市區道路,30,交岔路,三岔路,交叉路口,交叉路口內,柏油,乾燥,無缺陷,無障礙物,無遮蔽物,良好,無號誌,無號誌,無,無分向設施,未繪設車道線,未繪設快慢車道分隔線,無,車與車,側撞,駕駛者,無號誌路口，轉彎車未讓直行車先行,死亡0;受傷3,3,人,乘客,女,18,戴非半罩式安全帽,非駕駛人,人的狀態,其他,其他,非汽、機及自行車,,,無(非車輛駕駛人因素),尚未發現肇事因素,否,120.450695,23.482462
2025,11,20251102,175900,A2,臺中市政府警察局,臺中市北屯區大德里中清路二段 / 臺中市北屯區大德里中清路二段,晴,有照明且開啟,市區道路,50,交岔路,多岔路,交叉路口,交叉路口內,柏油,乾燥,無缺陷,無障礙物,無遮蔽物,良好,行車管制號誌(附設行人專用號誌),正常,無,無分向設施,未繪設車道線,未繪設快慢車道分隔線,無,車輛本身,路上翻車、摔倒,無(車輛駕駛者因素),尚未發現肇事因素,死亡0;受傷1,1,機車,普通輕型,女,59,戴半罩式安全帽,未使用,車的狀態,向前直行中,機車與自行車,右側車身,,,無(車輛駕駛者因素),尚未發現肇事因素,否,120.667513,24.179744
2025,11,20251102,175900,A2,臺中市政府警察局,臺中市北屯區大德里中清路二段 / 臺中市北屯區大德里中清路二段,晴,有照明且開啟,市區道路,50,交岔路,多岔路,交叉路口,交叉路口內,柏油,乾燥,無缺陷,無障礙物,無遮蔽物,良好,行車管制號誌(附設行人專用號誌),正常,無,無分向設施,未繪設車道線,未繪設快慢車道分隔線,無,車輛本身,路上翻車、摔倒,無(車輛駕駛者因素),尚未發現肇事因素,死亡0;受傷1,2,,,無或物(動物、堆置物),0,,,,,,,,,無(非車輛駕駛人因素),尚未發現肇事因素,否,120.667513,24.179744
2025,11,20251102,180600,A2,高雄市政府警察局,高雄市橋頭區白樹路路燈（白樹號前0.0公尺,晴,有照明且開啟,市區道路,40,單路部分,直路,路段,慢車道,柏油,乾燥,無缺陷,無障礙物,無遮蔽物,良好,無號誌,無號誌,雙向禁止超車線,無標記,車道線(無標記),快慢車道分隔線,有,車輛本身,其他,駕駛者,恍神、緊張、心不在焉分心駕駛,死亡0;受傷1,1,機車,普通重型,女,33,戴半罩式安全帽,未使用,車的狀態,向前直行中,其他,無撞擊,,,駕駛者,恍神、緊張、心不在焉分心駕駛,否,120.301344,22.757186
2025,11,20251102,180600,A2,高雄市政府警察局,高雄市橋頭區白樹路路燈（白樹號前0.0公尺,晴,有照明且開啟,市區道路,40,單路部分,直路,路段,慢車道,柏油,乾燥,無缺陷,無障礙物,無遮蔽物,良好,無號誌,無號誌,雙向禁止超車線,無標記,車道線(無標記),快慢車道分隔線,有,車輛本身,其他,駕駛者,恍神、緊張、心不在焉分心駕駛,死亡0;受傷1,2,,,無或物(動物、堆置物),114,,,,,,,,,無(非車輛駕駛人因素),尚未發現肇事因素,否,120.301344,22.757186
2025,11,20251102,180900,A2,臺中市政府警察局,臺中市豐原區田心里育英路100巷26號前0.0公尺,晴,有照明且開啟,市區道路,30,交岔路,三岔路,交叉路口,交叉路口內,柏油,乾燥,無缺陷,無障礙物,無遮蔽物,良好,無號誌,無號誌,無,無分向設施,未繪設車道線,未繪設快慢車道分隔線,無,車與車,側撞,駕駛者,左轉彎未依規定,死亡0;受傷1,1,小客車(含客、貨兩用),自用,男,19,繫安全帶(使用幼童安全椅),未使用,車的狀態,左轉彎,汽車,左前車頭(身),,,駕駛者,左轉彎未依規定,否,120.714971,24.242195
2025,11,20251102,180900,A2,臺中市政府警察局,臺中市豐原區田心里育英路100巷26號前0.0公尺,晴,有照明且開啟,市區道路,30,交岔路,三岔路,交叉路口,交叉路口內,柏油,乾燥,無缺陷,無障礙物,無遮蔽物,良好,無號誌,無號誌,無,無分向設施,未繪設車道線,未繪設快慢車道分隔線,無,車與車,側撞,駕駛者,左轉彎未依規定,死亡0;受傷1,2,機車,普通重型,女,28,戴半罩式安全帽,未使用,車的狀態,向前直行中,機車與自行車,前車頭,,,無(車輛駕駛者因素),尚未發現肇事因素,否,120.714971,24.242195
2025,11,20251102,180900,A2,臺中市政府警察局,臺中市豐原區田心里育英路100巷26號前0.0公尺,晴,有照明且開啟,市區道路,30,交岔路,三岔路,交叉路口,交叉路口內,柏油,乾燥,無缺陷,無障礙物,無遮蔽物,良好,無號誌,無號誌,無,無分向設施,未繪設車道線,未繪設快慢車道分隔線,無,車與車,側撞,駕駛者,左轉彎未依規定,死亡0;受傷1,3,人,乘客,女,3,戴半罩式安全帽,非駕駛人,人的狀態,其他,其他,非汽、機及自行車,,,無(非車輛駕駛人因素),尚未發現肇事因素,否,120.714971,24.242195
2025,11,20251102,181100,A2,臺中市政府警察局,臺中市西屯區大鵬里大鵬路136號前0.0公尺,晴,有照明且開啟,市區道路,50,單路部分,直路,路段,一般車道(未劃分快慢車道),柏油,乾燥,無缺陷,無障礙物,無遮蔽物,良好,無號誌,無號誌,雙向禁止超車線,無標記,車道線(無標記),快慢車道分隔線,無,車輛本身,路上翻車、摔倒,駕駛者,未保持行車安全距離,死亡0;受傷1,1,機車,普通重型,女,19,戴非半罩式安全帽,不明,車的狀態,向前直行中,機車與自行車,左側車身,,,駕駛者,未保持行車安全距離,否,120.665084,24.178170
2025,11,20251102,181100,A2,臺中市政府警察局,臺中市西屯區大鵬里大鵬路136號前0.0公尺,晴,有照明且開啟,市區道路,50,單路部分,直路,路段,一般車道(未劃分快慢車道),柏油,乾燥,無缺陷,無障礙物,無遮蔽物,良好,無號誌,無號誌,雙向禁止超車線,無標記,車道線(無標記),快慢車道分隔線,無,車輛本身,路上翻車、摔倒,駕駛者,未保持行車安全距離,死亡0;受傷1,2,,,無或物(動物、堆置物),0,,,,,,,,,無(非車輛駕駛人因素),尚未發現肇事因素,否,120.665084,24.178170
2025,11,20251102,181100,A2,臺中市政府警察局,臺中市西屯區大鵬里大鵬路136號前0.0公尺,晴,有照明且開啟,市區道路,50,單路部分,直路,路段,一般車道(未劃分快慢車道),柏油,乾燥,無缺陷,無障礙物,無遮蔽物,良好,無號誌,無號誌,雙向禁止超車線,無標記,車道線(無標記),快慢車道分隔線,無,車輛本身,路上翻車、摔倒,駕駛者,未保持行車安全距離,死亡0;受傷1,3,機車,普通重型,男,41,戴非半罩式安全帽,不明,車的狀態,左轉彎,其他,無撞擊,,,駕駛者,方向不定(不包括危險駕車),否,120.665084,24.178170
2025,11,20251102,181200,A2,新北市政府警察局,新北市新莊區中正路 / 新北市新莊區思源路,陰,有照明且開啟,市區道路,50,交岔路,四岔路,交叉路口,交叉口附近,柏油,乾燥,無缺陷,無障礙物,無遮蔽物,良好,行車管制號誌(附設行人專用號誌),正常,中央分向島,寬式(50公分以上),車道線(無標記),未繪設快慢車道分隔線,有,車與車,其他,其他,其他不當駕車行為,死亡0;受傷1,1,機車,普通重型,男,49,戴半罩式安全帽,未使用,車的狀態,向前直行中,其他,不明,,,其他,其他不當駕車行為,否,121.460209,25.038833
2025,11,20251102,181200,A2,新北市政府警察局,新北市新莊區中正路 / 新北市新莊區思源路,陰,有照明且開啟,市區道路,50,交岔路,四岔路,交叉路口,交叉口附近,柏油,乾燥,無缺陷,無障礙物,無遮蔽物,良好,行車管制號誌(附設行人專用號誌),正常,中央分向島,寬式(50公分以上),車道線(無標記),未繪設快慢車道分隔線,有,車與車,其他,其他,其他不當駕車行為,死亡0;受傷1,2,小客車(含客、貨兩用),租賃車,男,36,繫安全帶(使用幼童安全椅),未使用,車的狀態,向前直行中,汽車,右側車身,,,無(車輛駕駛者因素),尚未發現肇事因素,否,121.460209,25.038833
2025,11,20251102,181411,A2,新竹市警察局,新竹市北區北大路374號,晴,有照明且開啟,市區道路,50,交岔路,三岔路,路段,一般車道(未劃分快慢車道),柏油,乾燥,無缺陷,無障礙物,無遮蔽物,良好,無號誌,無號誌,雙向禁止超車線,無標記,車道線(無標記),未繪設快慢車道分隔線,無,車輛本身,路上翻車、摔倒,駕駛者,恍神、緊張、心不在焉分心駕駛,死亡0;受傷1,1,機車,普通重型,男,61,不明,不明,車的狀態,向前直行中,機車與自行車,左側車身,,,駕駛者,恍神、緊張、心不在焉分心駕駛,否,120.961171,24.805287
2025,11,20251102,181411,A2,新竹市警察局,新竹市北區北大路374號,晴,有照明且開啟,市區道路,50,交岔路,三岔路,路段,一般車道(未劃分快慢車道),柏油,乾燥,無缺陷,無障礙物,無遮蔽物,良好,無號誌,無號誌,雙向禁止超車線,無標記,車道線(無標記),未繪設快慢車道分隔線,無,車輛本身,路上翻車、摔倒,駕駛者,恍神、緊張、心不在焉分心駕駛,死亡0;受傷1,2,,,無或物(動物、堆置物),-1,,,,,,,,,無(非車輛駕駛人因素),尚未發現肇事因素,否,120.961171,24.805287
2025,11,20251102,181411,A2,新竹市警察局,新竹市北區北大路374號,晴,有照明且開啟,市區道路,50,交岔路,三岔路,路段,一般車道(未劃分快慢車道),柏油,乾燥,無缺陷,無障礙物,無遮蔽物,良好,無號誌,無號誌,雙向禁止超車線,無標記,車道線(無標記),未繪設快慢車道分隔線,無,車輛本身,路上翻車、摔倒,駕駛者,恍神、緊張、心不在焉分心駕駛,死亡0;受傷1,3,小客車(含客、貨兩用),計程車,男,48,不明,不明,車的狀態,左轉彎,其他,無撞擊,,,駕駛者,無號誌路口，轉彎車未讓直行車先行,否,120.961171,24.805287
2025,11,20251102,181656,A2,花蓮縣警察局,花蓮縣秀林鄉佳民92之2號前,雨,無照明,村里道路,30,單路部分,直路,路段,一般車道(未劃分快慢車道),柏油,濕潤,無缺陷,無障礙物,無遮蔽物,良好,無號誌,無號誌,無,無分向設施,未繪設車道線,未繪設快慢車道分隔線,有,車與車,其他,其他,車輛或機械操作不當(慎),死亡0;受傷2,1,慢車,微型電動二輪車,女,13,戴半罩式安全帽,未使用,車的狀態,向前直行中,機車與自行車,右側車身,,,其他,車輛或機械操作不當(慎),否,121.594169,24.054254
2025,11,20251102,181656,A2,花蓮縣警察局,花蓮縣秀林鄉佳民92之2號前,雨,無照明,村里道路,30,單路部分,直路,路段,一般車道(未劃分快慢車道),柏油,濕潤,無缺陷,無障礙物,無遮蔽物,良好,無號誌,無號誌,無,無分向設施,未繪設車道線,未繪設快慢車道分隔線,有,車與車,其他,其他,車輛或機械操作不當(慎),死亡0;受傷2,2,小客車(含客、貨兩用),自用,男,30,不明,不明,車的狀態,靜止(引擎熄火),汽車,左後車尾(身),,,無(車輛駕駛者因素),尚未發現肇事因素,否,121.594169,24.054254
2025,11,20251102,181656,A2,花蓮縣警察局,花蓮縣秀林鄉佳民92之2號前,雨,無照明,村里道路,30,單路部分,直路,路段,一般車道(未劃分快慢車道),柏油,濕潤,無缺陷,無障礙物,無遮蔽物,良好,無號誌,無號誌,無,無分向設施,未繪設車道線,未繪設快慢車道分隔線,有,車與車,其他,其他,車輛或機械操作不當(慎),死亡0;受傷2,3,人,乘客,女,1,戴半罩式安全帽,非駕駛人,人的狀態,其他,其他,非汽、機及自行車,,,無(非車輛駕駛人因素),尚未發現肇事因素,否,121.594169,24.054254
2025,11,20251102,182100,A2,高雄市政府警察局,高雄市左營區榮總路 / 高雄市左營區榮德街,陰,有照明且開啟,市區道路,30,交岔路,四岔路,交叉路口,交叉路口內,柏油,乾燥,無缺陷,無障礙物,無遮蔽物,良好,無號誌,無號誌,無,無分向設施,未繪設車道線,未繪設快慢車道分隔線,無,車與車,路口交岔撞,駕駛者,違反其他標誌(線)禁制,死亡0;受傷1,1,機車,普通重型,男,40,戴半罩式安全帽,未使用,車的狀態,向前直行中,機車與自行車,右側車身,,,駕駛者,違反其他標誌(線)禁制,否,120.321844,22.687734
2025,11,20251102,182100,A2,高雄市政府警察局,高雄市左營區榮總路 / 高雄市左營區榮德街,陰,有照明且開啟,市區道路,30,交岔路,四岔路,交叉路口,交叉路口內,柏油,乾燥,無缺陷,無障礙物,無遮蔽物,良好,無號誌,無號誌,無,無分向設施,未繪設車道線,未繪設快慢車道分隔線,無,車與車,路口交岔撞,駕駛者,違反其他標誌(線)禁制,死亡0;受傷1,2,小客車(含客、貨兩用),自用,男,49,繫安全帶(使用幼童安全椅),未使用,車的狀態,向前直行中,汽車,前車頭,,,駕駛者,違反其他標誌(線)禁制,否,120.321844,22.687734
2025,11,20251102,182200,A2,高雄市政府警察局,高雄市彌陀區南寮路 / 高雄市彌陀區公園路,晴,有照明且開啟,市區道路,50,交岔路,四岔路,交叉路口,交叉路口內,柏油,乾燥,無缺陷,無障礙物,無遮蔽物,良好,無號誌,無號誌,行車分向線,無標記,車道線(附標記),未繪設快慢車道分隔線,有,車與車,側撞,駕駛者,無號誌路口，轉彎車未讓直行車先行,死亡0;受傷2,1,小客車(含客、貨兩用),自用,女,44,繫安全帶(使用幼童安全椅),未使用,車的狀態,左轉彎,汽車,前車頭,,,駕駛者,無號誌路口，轉彎車未讓直行車先行,否,120.242330,22.763191
2025,11,20251102,182200,A2,高雄市政府警察局,高雄市彌陀區南寮路 / 高雄市彌陀區公園路,晴,有照明且開啟,市區道路,50,交岔路,四岔路,交叉路口,交叉路口內,柏油,乾燥,無缺陷,無障礙物,無遮蔽物,良好,無號誌,無號誌,行車分向線,無標記,車道線(附標記),未繪設快慢車道分隔線,有,車與車,側撞,駕駛者,無號誌路口，轉彎車未讓直行車先行,死亡0;受傷2,2,機車,普通重型,女,19,戴半罩式安全帽,未使用,車的狀態,向前直行中,機車與自行車,左側車身,,,無(車輛駕駛者因素),尚未發現肇事因素,否,120.242330,22.763191
2025,11,20251102,182200,A2,高雄市政府警察局,高雄市彌陀區南寮路 / 高雄市彌陀區公園路,晴,有照明且開啟,市區道路,50,交岔路,四岔路,交叉路口,交叉路口內,柏油,乾燥,無缺陷,無障礙物,無遮蔽物,良好,無號誌,無號誌,行車分向線,無標記,車道線(附標記),未繪設快慢車道分隔線,有,車與車,側撞,駕駛者,無號誌路口，轉彎車未讓直行車先行,死亡0;受傷2,3,人,乘客,女,19,戴半罩式安全帽,非駕駛人,人的狀態,其他,其他,無撞擊,,,無(非車輛駕駛人因素),尚未發現肇事因素,否,120.242330,22.763191
2025,11,20251102,183000,A2,臺中市政府警察局,臺中市潭子區東寶里崇德路五段 / 臺中市潭子區東寶里雅潭路二段,晴,有照明且開啟,市區道路,50,單路部分,直路,路段,一般車道(未劃分快慢車道),柏油,乾燥,突出(高低)不平,無障礙物,無遮蔽物,良好,無號誌,無號誌,中央分向島,寬式(50公分以上),禁止變換車道線(無標記),未繪設快慢車道分隔線,無,車輛本身,路上翻車、摔倒,其他,其他不當駕車行為,死亡0;受傷1,1,機車,普通重型,女,20,戴非半罩式安全帽,未使用,車的狀態,向前直行中,機車與自行車,右側車身,,,其他,其他不當駕車行為,否,120.688133,24.216082
2025,11,20251102,183000,A2,臺中市政府警察局,臺中市潭子區東寶里崇德路五段 / 臺中市潭子區東寶里雅潭路二段,晴,有照明且開啟,市區道路,50,單路部分,直路,路段,一般車道(未劃分快慢車道),柏油,乾燥,突出(高低)不平,無障礙物,無遮蔽物,良好,無號誌,無號誌,中央分向島,寬式(50公分以上),禁止變換車道線(無標記),未繪設快慢車道分隔線,無,車輛本身,路上翻車、摔倒,其他,其他不當駕車行為,死亡0;受傷1,2,,,無或物(動物、堆置物),0,,,,,,,,,無(非車輛駕駛人因素),尚未發現肇事因素,否,120.688133,24.216082
2025,11,20251102,183100,A2,高雄市政府警察局,高雄市三民區博愛一路 / 高雄市三民區九如二路,晴,有照明且開啟,市區道路,40,交岔路,四岔路,交叉路口,交叉口附近,柏油,乾燥,無缺陷,無障礙物,無遮蔽物,良好,行車管制號誌(附設行人專用號誌),正常,中央分向島,窄式無柵欄,車道線(無標記),快慢車道分隔線,無,車與車,追撞,駕駛者,未保持行車安全距離,死亡0;受傷2,1,機車,普通重型,男,25,戴半罩式安全帽,未使用,車的狀態,向前直行中,機車與自行車,右側車身,,,駕駛者,未保持行車安全距離,否,120.302600,22.641610
2025,11,20251102,183100,A2,高雄市政府警察局,高雄市三民區博愛一路 / 高雄市三民區九如二路,晴,有照明且開啟,市區道路,40,交岔路,四岔路,交叉路口,交叉口附近,柏油,乾燥,無缺陷,無障礙物,無遮蔽物,良好,行車管制號誌(附設行人專用號誌),正常,中央分向島,窄式無柵欄,車道線(無標記),快慢車道分隔線,無,車與車,追撞,駕駛者,未保持行車安全距離,死亡0;受傷2,2,機車,普通重型,男,18,戴半罩式安全帽,未使用,車的狀態,等待(引擎未熄火),其他,不明,,,無(車輛駕駛者因素),尚未發現肇事因素,否,120.302600,22.641610
2025,11,20251102,183328,A2,屏東縣政府警察局,屏東縣東港鎮中山路與頂中街口,晴,有照明且開啟,市區道路,50,交岔路,三岔路,交叉路口,交叉口附近,柏油,乾燥,無缺陷,無障礙物,無遮蔽物,良好,閃光號誌,正常,雙向禁止超車線,無標記,未繪設車道線,快慢車道分隔線,有,車與車,其他,駕駛者,起步時未注意安全,死亡0;受傷1,1,小客車(含客、貨兩用),自用,男,27,繫安全帶(使用幼童安全椅),未使用,車的狀態,起步,汽車,右前車頭(身),,,駕駛者,起步時未注意安全,否,120.449195,22.467272
2025,11,20251102,183328,A2,屏東縣政府警察局,屏東縣東港鎮中山路與頂中街口,晴,有照明且開啟,市區道路,50,交岔路,三岔路,交叉路口,交叉口附近,柏油,乾燥,無缺陷,無障礙物,無遮蔽物,良好,閃光號誌,正常,雙向禁止超車線,無標記,未繪設車道線,快慢車道分隔線,有,車與車,其他,駕駛者,起步時未注意安全,死亡0;受傷1,2,機車,普通重型,女,43,戴半罩式安全帽,未使用,車的狀態,右轉彎,機車與自行車,右側車身,,,無(車輛駕駛者因素),尚未發現肇事因素,否,120.449195,22.467272
2025,11,20251102,183400,A2,臺中市政府警察局,臺中市太平區長億里太平路 / 臺中市太平區長億里長億一街,晴,有照明且開啟,市區道路,50,交岔路,四岔路,交叉路口,交叉路口內,柏油,乾燥,無缺陷,無障礙物,無遮蔽物,良好,行車管制號誌,正常,無,無分向設施,未繪設車道線,未繪設快慢車道分隔線,無,車與車,其他,燈光,未依規定使用燈光,死亡0;受傷1,1,小客車(含客、貨兩用),自用,男,38,不明,不明,車的狀態,右轉彎,汽車,右側車身,,,燈光,未依規定使用燈光,否,120.723345,24.118302
2025,11,20251102,183400,A2,臺中市政府警察局,臺中市太平區長億里太平路 / 臺中市太平區長億里長億一街,晴,有照明且開啟,市區道路,50,交岔路,四岔路,交叉路口,交叉路口內,柏油,乾燥,無缺陷,無障礙物,無遮蔽物,良好,行車管制號誌,正常,無,無分向設施,未繪設車道線,未繪設快慢車道分隔線,無,車與車,其他,燈光,未依規定使用燈光,死亡0;受傷1,2,機車,普通重型,男,40,不明,不明,車的狀態,向前直行中,機車與自行車,左側車身,,,無(車輛駕駛者因素),尚未發現肇事因素,否,120.723345,24.118302
2025,11,20251102,183400,A2,臺中市政府警察局,臺中市太平區長億里太平路 / 臺中市太平區長億里長億一街,晴,有照明且開啟,市區道路,50,交岔路,四岔路,交叉路口,交叉路口內,柏油,乾燥,無缺陷,無障礙物,無遮蔽物,良好,行車管制號誌,正常,無,無分向設施,未繪設車道線,未繪設快慢車道分隔線,無,車與車,其他,燈光,未依規定使用燈光,死亡0;受傷1,3,人,乘客,女,34,不明,非駕駛人,人的狀態,其他,其他,非汽、機及自行車,,,無(非車輛駕駛人因素),尚未發現肇事因素,否,120.723345,24.118302
2025,11,20251102,183500,A2,臺北市政府警察局,臺北市大安區基隆路4段 / 臺北市大安區羅斯福路4段,晴,有照明且開啟,市區道路,50,單路部分,直路,路段,一般車道(未劃分快慢車道),柏油,乾燥,無缺陷,無障礙物,無遮蔽物,良好,行車管制號誌(附設行人專用號誌),正常,中央分向島,寬式(50公分以上),車道線(附標記),快慢車道分隔線,無,車與車,同向擦撞,其他,肇事逃逸未查獲，無法查明肇因,死亡0;受傷1,1,,,肇事逃逸尚未查獲,0,,,,,,,,,,肇事逃逸未查獲，無法查明肇因,是,121.537291,25.011543
2025,11,20251102,183500,A2,臺北市政府警察局,臺北市大安區基隆路4段 / 臺北市大安區羅斯福路4段,晴,有照明且開啟,市區道路,50,單路部分,直路,路段,一般車道(未劃分快慢車道),柏油,乾燥,無缺陷,無障礙物,無遮蔽物,良好,行車管制號誌(附設行人專用號誌),正常,中央分向島,寬式(50公分以上),車道線(附標記),快慢車道分隔線,無,車與車,同向擦撞,其他,肇事逃逸未查獲，無法查明肇因,死亡0;受傷1,2,機車,普通重型,女,42,戴半罩式安全帽,未使用,車的狀態,向前直行中,機車與自行車,左側車身,,,其他,相關跡證不足且無具體影像紀錄，當事人各執一詞，經分析後無法釐清肇事原因,否,121.537291,25.011543
2025,11,20251102,183600,A2,臺中市政府警察局,臺中市北屯區廍子里祥順東路二段 / 臺中市北屯區廍子里軍福十三路,晴,有照明且開啟,市區道路,50,交岔路,四岔路,交叉路口,交叉路口內,柏油,乾燥,無缺陷,無障礙物,無遮蔽物,良好,行車管制號誌,正常,無,無分向設施,未繪設車道線,未繪設快慢車道分隔線,無,車與車,側撞,駕駛者,有號誌路口，轉彎車未讓直行車先行,死亡0;受傷2,1,機車,普通重型,女,20,戴半罩式安全帽,未使用,車的狀態,左轉彎,機車與自行車,前車頭,,,駕駛者,有號誌路口，轉彎車未讓直行車先行,否,120.729609,24.171164
2025,11,20251102,183600,A2,臺中市政府警察局,臺中市北屯區廍子里祥順東路二段 / 臺中市北屯區廍子里軍福十三路,晴,有照明且開啟,市區道路,50,交岔路,四岔路,交叉路口,交叉路口內,柏油,乾燥,無缺陷,無障礙物,無遮蔽物,良好,行車管制號誌,正常,無,無分向設施,未繪設車道線,未繪設快慢車道分隔線,無,車與車,側撞,駕駛者,有號誌路口，轉彎車未讓直行車先行,死亡0;受傷2,2,機車,普通重型,男,39,戴半罩式安全帽,未使用,車的狀態,向前直行中,機車與自行車,左側車身,,,駕駛者,恍神、緊張、心不在焉分心駕駛,否,120.729609,24.171164