發生年度,發生月份,發生日期,發生時間,事故類別名稱,處理單位名稱警局層,發生地點,天候名稱,光線名稱,道路類別-第1當事者-名稱,速限-第1當事者,道路型態大類別名稱,道路型態子類別名稱,事故位置大類別名稱,事故位置子類別名稱,路面狀況-路面鋪裝名稱,路面狀況-路面狀態名稱,路面狀況-路面缺陷名稱,道路障礙-障礙物名稱,道路障礙-視距品質名稱,道路障礙-視距名稱,號誌-號誌種類名稱,號誌-號誌動作名稱,車道劃分設施-分向設施大類別名稱,車道劃分設施-分向設施子類別名稱,車道劃分設施-分道設施-快車道或一般車道間名稱,車道劃分設施-分道設施-快慢車道間名稱,車道劃分設施-分道設施-路面邊線名稱,事故類型及型態大類別名稱,事故類型及型態子類別名稱,肇因研判大類別名稱-主要,肇因研判子類別名稱-主要,死亡受傷人數,當事者順位,當事者區分-類別-大類別名稱-車種,當事者區分-類別-子類別名稱-車種,當事者屬-性-別名稱,當事者事故發生時年齡,保護裝備名稱,行動電話或電腦或其他相類功能裝置名稱,當事者行動狀態大類別名稱,當事者行動狀態子類別名稱,車輛撞擊部位大類別名稱-最初,車輛撞擊部位子類別名稱-最初,車輛撞擊部位大類別名稱-其他,車輛撞擊部位子類別名稱-其他,肇因研判大類別名稱-個別,肇因研判子類別名稱-個別,肇事逃逸類別名稱-是否肇逃,經度,緯度
2025,11,20251102,184200,A2,臺中市政府警察局,臺中市北屯區平德里天津路三段2號前0.0公尺,陰,無照明,市區道路,50,單路部分,直路,路段,快車道,柏油,乾燥,無缺陷,無障礙物,無遮蔽物,良好,無號誌,無號誌,雙向禁止超車線,無標記,未繪設車道線,快慢車道分隔線,無,車與車,側撞,駕駛者,其他未依規定讓車,死亡0;受傷2,1,機車,普通重型,男,27,戴非半罩式安全帽,未使用,車的狀態,左轉彎,機車與自行車,右側車身,,,駕駛者,其他未依規定讓車,否,120.679815,24.169766
2025,11,20251102,184200,A2,臺中市政府警察局,臺中市北屯區平德里天津路三段2號前0.0公尺,陰,無照明,市區道路,50,單路部分,直路,路段,快車道,柏油,乾燥,無缺陷,無障礙物,無遮蔽物,良好,無號誌,無號誌,雙向禁止超車線,無標記,未繪設車道線,快慢車道分隔線,無,車與車,側撞,駕駛者,其他未依規定讓車,死亡0;受傷2,2,機車,普通重型,男,23,戴非半罩式安全帽,未使用,車的狀態,向前直行中,機車與自行車,前車頭,,,駕駛者,恍神、緊張、心不在焉分心駕駛,否,120.679815,24.169766
2025,11,20251102,184700,A2,彰化縣警察局,彰化縣福興鄉144縣道路口 / 彰化縣福興鄉沿海路5段口,晴,有照明且開啟,村里道路,50,交岔路,多岔路,交叉路口,交叉路口內,柏油,乾燥,無缺陷,無障礙物,無遮蔽物,良好,行車管制號誌,正常,雙向禁止超車線,無標記,未繪設車道線,未繪設快慢車道分隔線,有,車與車,側撞,駕駛者,未保持行車安全間隔,死亡0;受傷2,1,小客車(含客、貨兩用),自用,男,33,不明,不明,車的狀態,右轉彎,汽車,右前車頭(身),汽車,右前車頭(身),駕駛者,未保持行車安全間隔,否,120.430158,24.048830
2025,11,20251102,184700,A2,彰化縣警察局,彰化縣福興鄉144縣道路口 / 彰化縣福興鄉沿海路5段口,晴,有照明且開啟,村里道路,50,交岔路,多岔路,交叉路口,交叉路口內,柏油,乾燥,無缺陷,無障礙物,無遮蔽物,良好,行車管制號誌,正常,雙向禁止超車線,無標記,未繪設車道線,未繪設快慢車道分隔線,有,車與車,側撞,駕駛者,未保持行車安全間隔,死亡0;受傷2,2,機車,普通重型,男,59,不明,不明,車的狀態,向前直行中,機車與自行車,左側車身,機車與自行車,左側車身,駕駛者,未保持行車安全間隔,否,120.430158,24.048830
2025,11,20251102,184700,A2,彰化縣警察局,彰化縣福興鄉144縣道路口 / 彰化縣福興鄉沿海路5段口,晴,有照明且開啟,村里道路,50,交岔路,多岔路,交叉路口,交叉路口內,柏油,乾燥,無缺陷,無障礙物,無遮蔽物,良好,行車管制號誌,正常,雙向禁止超車線,無標記,未繪設車道線,未繪設快慢車道分隔線,有,車與車,側撞,駕駛者,未保持行車安全間隔,死亡0;受傷2,3,人,乘客,女,17,不明,非駕駛人,人的狀態,其他,其他,非汽、機及自行車,其他,非汽、機及自行車,無(非車輛駕駛人因素),尚未發現肇事因素,否,120.430158,24.048830
2025,11,20251102,184900,A2,臺中市政府警察局,臺中市東勢區延平里豐勢路214巷15號前0.0公尺,晴,有照明且開啟,市區道路,50,交岔路,四岔路,交叉路口,交叉路口內,柏油,乾燥,無缺陷,無障礙物,無遮蔽物,良好,無號誌,無號誌,無,無分向設施,未繪設車道線,未繪設快慢車道分隔線,無,車與車,其他,駕駛者,無號誌路口，支線道未讓幹線道先行,死亡0;受傷1,1,慢車,腳踏自行車,男,16,不明,不明,車的狀態,向前直行中,機車與自行車,前車頭,,,駕駛者,無號誌路口，支線道未讓幹線道先行,否,120.830768,24.251074
2025,11,20251102,184900,A2,臺中市政府警察局,臺中市東勢區延平里豐勢路214巷15號前0.0公尺,晴,有照明且開啟,市區道路,50,交岔路,四岔路,交叉路口,交叉路口內,柏油,乾燥,無缺陷,無障礙物,無遮蔽物,良好,無號誌,無號誌,無,無分向設施,未繪設車道線,未繪設快慢車道分隔線,無,車與車,其他,駕駛者,無號誌路口，支線道未讓幹線道先行,死亡0;受傷1,2,小客車(含客、貨兩用),自用,男,29,不明,不明,車的狀態,向前直行中,汽車,左前車頭(身),,,其他,其他不當駕車行為,否,120.830768,24.251074
2025,11,20251102,185300,A2,新北市政府警察局,新北市三重區三和路4段 / 新北市三重區自強路3段,陰,有照明且開啟,市區道路,50,交岔路,四岔路,交叉路口,交叉路口內,柏油,乾燥,無缺陷,無障礙物,無遮蔽物,良好,行車管制號誌,正常,無,無分向設施,未繪設車道線,未繪設快慢車道分隔線,無,車與車,其他,駕駛者,違反二段式左(右)轉標誌(線),死亡0;受傷1,1,機車,普通重型,男,71,戴半罩式安全帽,未使用,車的狀態,左轉彎,機車與自行車,左側車身,,,駕駛者,違反二段式左(右)轉標誌(線),否,121.488002,25.075673
2025,11,20251102,185300,A2,新北市政府警察局,新北市三重區三和路4段 / 新北市三重區自強路3段,陰,有照明且開啟,市區道路,50,交岔路,四岔路,交叉路口,交叉路口內,柏油,乾燥,無缺陷,無障礙物,無遮蔽物,良好,行車管制號誌,正常,無,無分向設施,未繪設車道線,未繪設快慢車道分隔線,無,車與車,其他,駕駛者,違反二段式左(右)轉標誌(線),死亡0;受傷1,2,大客車,民營公車,男,63,繫安全帶(使用幼童安全椅),未使用,車的狀態,左轉彎,汽車,右前車頭(身),,,駕駛者,恍神、緊張、心不在焉分心駕駛,否,121.488002,25.075673
2025,11,20251102,185900,A2,彰化縣警察局,彰化縣員林市正興街64號前,晴,有照明且開啟,市區道路,50,單路部分,直路,路段,一般車道(未劃分快慢車道),柏油,乾燥,無缺陷,無障礙物,無遮蔽物,良好,無號誌,無號誌,雙向禁止超車線,無標記,未繪設車道線,未繪設快慢車道分隔線,有,車輛本身,路上翻車、摔倒,無(車輛駕駛者因素),尚未發現肇事因素,死亡0;受傷2,1,機車,普通重型,女,46,戴非半罩式安全帽,未使用,車的狀態,向前直行中,機車與自行車,前車頭,,,無(車輛駕駛者因素),尚未發現肇事因素,否,120.578186,23.961046
2025,11,20251102,185900,A2,彰化縣警察局,彰化縣員林市正興街64號前,晴,有照明且開啟,市區道路,50,單路部分,直路,路段,一般車道(未劃分快慢車道),柏油,乾燥,無缺陷,無障礙物,無遮蔽物,良好,無號誌,無號誌,雙向禁止超車線,無標記,未繪設車道線,未繪設快慢車道分隔線,有,車輛本身,路上翻車、摔倒,無(車輛駕駛者因素),尚未發現肇事因素,死亡0;受傷2,2,,,無或物(動物、堆置物),-1,,,,,,,,,無(非車輛駕駛人因素),尚未發現肇事因素,否,120.578186,23.961046
2025,11,20251102,185900,A2,彰化縣警察局,彰化縣員林市正興街64號前,晴,有照明且開啟,市區道路,50,單路部分,直路,路段,一般車道(未劃分快慢車道),柏油,乾燥,無缺陷,無障礙物,無遮蔽物,良好,無號誌,無號誌,雙向禁止超車線,無標記,未繪設車道線,未繪設快慢車道分隔線,有,車輛本身,路上翻車、摔倒,無(車輛駕駛者因素),尚未發現肇事因素,死亡0;受傷2,3,人,乘客,女,18,戴非半罩式安全帽,非駕駛人,不明,不明,其他,非汽、機及自行車,,,非駕駛者,乘坐不當(慎),否,120.578186,23.961046
2025,11,20251102,190300,A2,新竹縣政府警察局,新竹縣竹北市中正西路與溪州路口,晴,有照明且開啟,其他,50,交岔路,多岔路,交叉路口,交叉口附近,柏油,乾燥,無缺陷,無障礙物,無遮蔽物,良好,行車管制號誌,正常,雙向禁止超車線,無標記,未繪設車道線,未繪設快慢車道分隔線,有,人與車,其他,駕駛者,未保持行車安全距離,死亡0;受傷2,1,機車,普通重型,男,20,戴半罩式安全帽,未使用,車的狀態,急減速或急停止,機車與自行車,前車頭,,,駕駛者,未保持行車安全距離,否,120.975980,24.840977
2025,11,20251102,190300,A2,新竹縣政府警察局,新竹縣竹北市中正西路與溪州路口,晴,有照明且開啟,其他,50,交岔路,多岔路,交叉路口,交叉口附近,柏油,乾燥,無缺陷,無障礙物,無遮蔽物,良好,行車管制號誌,正常,雙向禁止超車線,無標記,未繪設車道線,未繪設快慢車道分隔線,有,人與車,其他,駕駛者,未保持行車安全距離,死亡0;受傷2,2,人,乘客,女,19,戴半罩式安全帽,非駕駛人,人的狀態,其他,其他,非汽、機及自行車,,,無(非車輛駕駛人因素),尚未發現肇事因素,否,120.975980,24.840977
2025,11,20251102,190300,A2,新竹縣政府警察局,新竹縣竹北市中正西路與溪州路口,晴,有照明且開啟,其他,50,交岔路,多岔路,交叉路口,交叉口附近,柏油,乾燥,無缺陷,無障礙物,無遮蔽物,良好,行車管制號誌,正常,雙向禁止超車線,無標記,未繪設車道線,未繪設快慢車道分隔線,有,人與車,其他,駕駛者,未保持行車安全距離,死亡0;受傷2,3,小客車(含客、貨兩用),自用,男,47,繫安全帶(使用幼童安全椅),未使用,車的狀態,急減速或急停止,汽車,前車頭,,,無(車輛駕駛者因素),尚未發現肇事因素,否,120.975980,24.840977
2025,11,20251102,190300,A2,新竹縣政府警察局,新竹縣竹北市中正西路與溪州路口,晴,有照明且開啟,其他,50,交岔路,多岔路,交叉路口,交叉口附近,柏油,乾燥,無缺陷,無障礙物,無遮蔽物,良好,行車管制號誌,正常,雙向禁止超車線,無標記,未繪設車道線,未繪設快慢車道分隔線,有,人與車,其他,駕駛者,未保持行車安全距離,死亡0;受傷2,4,人,乘客,女,43,繫安全帶(使用幼童安全椅),非駕駛人,人的狀態,其他,其他,非汽、機及自行車,,,無(非車輛駕駛人因素),尚未發現肇事因素,否,120.975980,24.840977
2025,11,20251102,191500,A2,基隆市警察局,基隆市七堵區八德路 / 基隆市七堵區大華橋,雨,有照明且開啟,市區道路,50,交岔路,四岔路,交叉路口,交叉路口內,柏油,濕潤,無缺陷,無障礙物,無遮蔽物,良好,行車管制號誌,正常,無,無分向設施,未繪設車道線,未繪設快慢車道分隔線,無,車與車,側撞,駕駛者,違規超車,死亡0;受傷1,1,機車,普通重型,男,25,戴非半罩式安全帽,未使用,車的狀態,向前直行中,機車與自行車,左側車身,,,駕駛者,違規超車,否,121.719255,25.100340
2025,11,20251102,191500,A2,基隆市警察局,基隆市七堵區八德路 / 基隆市七堵區大華橋,雨,有照明且開啟,市區道路,50,交岔路,四岔路,交叉路口,交叉路口內,柏油,濕潤,無缺陷,無障礙物,無遮蔽物,良好,行車管制號誌,正常,無,無分向設施,未繪設車道線,未繪設快慢車道分隔線,無,車與車,側撞,駕駛者,違規超車,死亡0;受傷1,2,機車,普通重型,女,24,戴半罩式安全帽,未使用,車的狀態,右轉彎,機車與自行車,右側車身,,,無(車輛駕駛者因素),尚未發現肇事因素,否,121.719255,25.100340
2025,11,20251102,192000,A2,臺中市政府警察局,臺中市大肚區新興里沙田路二段71-1號前0.0公尺,晴,有照明且開啟,市區道路,40,單路部分,直路,路段,慢車道,柏油,乾燥,無缺陷,無障礙物,無遮蔽物,良好,無號誌,無號誌,中央分向島,寬式(50公分以上),車道線(無標記),快慢車道分隔線,有,車輛本身,其他,駕駛者,未依規定減速,死亡0;受傷1,1,機車,普通重型,男,22,戴半罩式安全帽,未使用,車的狀態,向前直行中,機車與自行車,前車頭,,,駕駛者,未依規定減速,否,120.551514,24.137279
2025,11,20251102,192000,A2,臺中市政府警察局,臺中市大肚區新興里沙田路二段71-1號前0.0公尺,晴,有照明且開啟,市區道路,40,單路部分,直路,路段,慢車道,柏油,乾燥,無缺陷,無障礙物,無遮蔽物,良好,無號誌,無號誌,中央分向島,寬式(50公分以上),車道線(無標記),快慢車道分隔線,有,車輛本身,其他,駕駛者,未依規定減速,死亡0;受傷1,2,,,無或物(動物、堆置物),0,,,,,,,,,無(非車輛駕駛人因素),尚未發現肇事因素,否,120.551514,24.137279
2025,11,20251102,192500,A2,臺中市政府警察局,臺中市北區立人里北平路一段 / 臺中市北區立人里陝西路,晴,有照明且開啟,市區道路,50,交岔路,四岔路,交叉路口,交叉路口內,柏油,乾燥,無缺陷,無障礙物,無遮蔽物,良好,行車管制號誌,正常,無,無分向設施,未繪設車道線,未繪設快慢車道分隔線,無,車與車,追撞,駕駛者,恍神、緊張、心不在焉分心駕駛,死亡0;受傷3,1,機車,普通重型,女,51,戴半罩式安全帽,未使用,車的狀態,向前直行中,機車與自行車,前車頭,,,駕駛者,恍神、緊張、心不在焉分心駕駛,否,120.668252,24.171649
2025,11,20251102,192500,A2,臺中市政府警察局,臺中市北區立人里北平路一段 / 臺中市北區立人里陝西路,晴,有照明且開啟,市區道路,50,交岔路,四岔路,交叉路口,交叉路口內,柏油,乾燥,無缺陷,無障礙物,無遮蔽物,良好,行車管制號誌,正常,無,無分向設施,未繪設車道線,未繪設快慢車道分隔線,無,車與車,追撞,駕駛者,恍神、緊張、心不在焉分心駕駛,死亡0;受傷3,2,機車,普通重型,男,34,戴半罩式安全帽,未使用,車的狀態,右轉彎,機車與自行車,後車尾,,,無(車輛駕駛者因素),尚未發現肇事因素,否,120.668252,24.171649
2025,11,20251102,192500,A2,臺中市政府警察局,臺中市北區立人里北平路一段 / 臺中市北區立人里陝西路,晴,有照明且開啟,市區道路,50,交岔路,四岔路,交叉路口,交叉路口內,柏油,乾燥,無缺陷,無障礙物,無遮蔽物,良好,行車管制號誌,正常,無,無分向設施,未繪設車道線,未繪設快慢車道分隔線,無,車與車,追撞,駕駛者,恍神、緊張、心不在焉分心駕駛,死亡0;受傷3,3,人,乘客,女,50,戴半罩式安全帽,非駕駛人,人的狀態,其他,其他,非汽、機及自行車,,,無(非車輛駕駛人因素),尚未發現肇事因素,否,120.668252,24.171649
2025,11,20251102,192700,A2,新北市政府警察局,新北市土城區學府路1段34號前0.0公尺,晴,有照明且開啟,市區道路,40,單路部分,直路,路段,一般車道(未劃分快慢車道),柏油,乾燥,無缺陷,無障礙物,無遮蔽物,良好,無號誌,無號誌,雙向禁止超車線,附標記,未繪設車道線,未繪設快慢車道分隔線,無,車與車,同向擦撞,駕駛者,起步時未注意安全,死亡0;受傷1,1,小客車(含客、貨兩用),自用,男,23,繫安全帶(使用幼童安全椅),未使用,車的狀態,起步,其他,不明,,,駕駛者,起步時未注意安全,否,121.458232,24.988477
2025,11,20251102,192700,A2,新北市政府警察局,新北市土城區學府路1段34號前0.0公尺,晴,有照明且開啟,市區道路,40,單路部分,直路,路段,一般車道(未劃分快慢車道),柏油,乾燥,無缺陷,無障礙物,無遮蔽物,良好,無號誌,無號誌,雙向禁止超車線,附標記,未繪設車道線,未繪設快慢車道分隔線,無,車與車,同向擦撞,駕駛者,起步時未注意安全,死亡0;受傷1,2,機車,普通重型,女,64,戴半罩式安全帽,未使用,車的狀態,向前直行中,其他,不明,,,無(車輛駕駛者因素),尚未發現肇事因素,否,121.458232,24.988477
2025,11,20251102,192700,A2,新北市政府警察局,新北市土城區學府路1段34號前0.0公尺,晴,有照明且開啟,市區道路,40,單路部分,直路,路段,一般車道(未劃分快慢車道),柏油,乾燥,無缺陷,無障礙物,無遮蔽物,良好,無號誌,無號誌,雙向禁止超車線,附標記,未繪設車道線,未繪設快慢車道分隔線,無,車與車,同向擦撞,駕駛者,起步時未注意安全,死亡0;受傷1,3,機車,普通重型,男,40,戴半罩式安全帽,未使用,車的狀態,向前直行中,其他,不明,,,無(車輛駕駛者因素),尚未發現肇事因素,否,121.458232,24.988477
2025,11,20251102,193700,A2,臺北市政府警察局,臺北市南港區忠孝東路7段551號前0.0公尺,雨,有照明且開啟,市區道路,50,單路部分,直路,路段,一般車道(未劃分快慢車道),柏油,濕潤,無缺陷,無障礙物,無遮蔽物,良好,無號誌,無號誌,中央分向島,寬式(50公分以上),車道線(無標記),快慢車道分隔線,無,車與車,追撞,駕駛者,起步時未注意安全,死亡0;受傷1,1,小貨車,自用,男,77,不明,不明,車的狀態,起步,汽車,後車尾,,,駕駛者,起步時未注意安全,否,121.613436,25.052909
2025,11,20251102,193700,A2,臺北市政府警察局,臺北市南港區忠孝東路7段551號前0.0公尺,雨,有照明且開啟,市區道路,50,單路部分,直路,路段,一般車道(未劃分快慢車道),柏油,濕潤,無缺陷,無障礙物,無遮蔽物,良好,無號誌,無號誌,中央分向島,寬式(50公分以上),車道線(無標記),快慢車道分隔線,無,車與車,追撞,駕駛者,起步時未注意安全,死亡0;受傷1,2,機車,普通重型,男,22,不明,不明,車的狀態,向前直行中,機車與自行車,前車頭,,,駕駛者,未保持行車安全距離,否,121.613436,25.052909
2025,11,20251102,194000,A2,臺中市政府警察局,臺中市太平區中興里太平路583號前0.0公尺,晴,有照明且開啟,市區道路,50,單路部分,直路,路段,一般車道(未劃分快慢車道),柏油,乾燥,無缺陷,無障礙物,無遮蔽物,良好,無號誌,無號誌,雙向禁止超車線,附標記,車道線(無標記),未繪設快慢車道分隔線,無,人與車,其他,駕駛者,車輛未依規定暫停讓行人先行,死亡0;受傷1,1,機車,普通重型,男,73,戴非半罩式安全帽,未使用,車的狀態,向前直行中,機車與自行車,前車頭,,,駕駛者,車輛未依規定暫停讓行人先行,否,120.712927,24.125872
2025,11,20251102,194000,A2,臺中市政府警察局,臺中市太平區中興里太平路583號前0.0公尺,晴,有照明且開啟,市區道路,50,單路部分,直路,路段,一般車道(未劃分快慢車道),柏油,乾燥,無缺陷,無障礙物,無遮蔽物,良好,無號誌,無號誌,雙向禁止超車線,附標記,車道線(無標記),未繪設快慢車道分隔線,無,人與車,其他,駕駛者,車輛未依規定暫停讓行人先行,死亡0;受傷1,2,人,乘客,女,18,其他(無需使用保護裝備之人),非駕駛人,人的狀態,其他,其他,非汽、機及自行車,,,無(非車輛駕駛人因素),尚未發現肇事因素,否,120.712927,24.125872
2025,11,20251102,194000,A2,臺中市政府警察局,臺中市太平區中興里太平路583號前0.0公尺,晴,有照明且開啟,市區道路,50,單路部分,直路,路段,一般車道(未劃分快慢車道),柏油,乾燥,無缺陷,無障礙物,無遮蔽物,良好,無號誌,無號誌,雙向禁止超車線,附標記,車道線(無標記),未繪設快慢車道分隔線,無,人與車,其他,駕駛者,車輛未依規定暫停讓行人先行,死亡0;受傷1,3,大客車,民營客運,男,58,繫安全帶(使用幼童安全椅),未使用,車的狀態,等待(引擎未熄火),其他,無撞擊,,,其他,其他不當駕車行為,否,120.712927,24.125872
2025,11,20251102,194000,A2,臺中市政府警察局,臺中市太平區中興里太平路583號前0.0公尺,晴,有照明且開啟,市區道路,50,單路部分,直路,路段,一般車道(未劃分快慢車道),柏油,乾燥,無缺陷,無障礙物,無遮蔽物,良好,無號誌,無號誌,雙向禁止超車線,附標記,車道線(無標記),未繪設快慢車道分隔線,無,人與車,其他,駕駛者,車輛未依規定暫停讓行人先行,死亡0;受傷1,4,小客車(含客、貨兩用),自用,男,48,繫安全帶(使用幼童安全椅),未使用,車的狀態,等待(引擎未熄火),其他,無撞擊,,,其他,違規(臨時)停車,否,120.712927,24.125872
2025,11,20251102,194400,A2,臺中市政府警察局,臺中市西屯區大河里文心路三段195號前0.0公尺,晴,有照明且開啟,市區道路,50,單路部分,直路,路段,一般車道(未劃分快慢車道),柏油,乾燥,無缺陷,無障礙物,無遮蔽物,良好,無號誌,無號誌,中央分向島,寬式(50公分以上),車道線(無標記),未繪設快慢車道分隔線,無,車與車,追撞,駕駛者,未保持行車安全距離,死亡0;受傷1,1,機車,普通重型,女,19,不明,不明,車的狀態,向前直行中,機車與自行車,前車頭,,,駕駛者,未保持行車安全距離,否,120.660455,24.171582
2025,11,20251102,194400,A2,臺中市政府警察局,臺中市西屯區大河里文心路三段195號前0.0公尺,晴,有照明且開啟,市區道路,50,單路部分,直路,路段,一般車道(未劃分快慢車道),柏油,乾燥,無缺陷,無障礙物,無遮蔽物,良好,無號誌,無號誌,中央分向島,寬式(50公分以上),車道線(無標記),未繪設快慢車道分隔線,無,車與車,追撞,駕駛者,未保持行車安全距離,死亡0;受傷1,2,機車,普通重型,女,28,不明,不明,車的狀態,向前直行中,機車與自行車,後車尾,,,無(車輛駕駛者因素),尚未發現肇事因素,否,120.660455,24.171582
2025,11,20251102,194800,A2,臺北市政府警察局,臺北市文山區木新路3段 / 臺北市文山區木新路3段口,晴,有照明未開啟或故障,市區道路,40,交岔路,三岔路,交叉路口,交叉口附近,柏油,乾燥,無缺陷,無障礙物,無遮蔽物,良好,無號誌,無號誌,雙向禁止超車線,無標記,未繪設車道線,快慢車道分隔線,無,車與車,同向擦撞,駕駛者,起步時未注意安全,死亡0;受傷1,1,小客車(含客、貨兩用),自用,男,70,繫安全帶(使用幼童安全椅),未使用,車的狀態,起步,汽車,左側車身,,,駕駛者,起步時未注意安全,否,121.560388,24.981604
2025,11,20251102,194800,A2,臺北市政府警察局,臺北市文山區木新路3段 / 臺北市文山區木新路3段口,晴,有照明未開啟或故障,市區道路,40,交岔路,三岔路,交叉路口,交叉口附近,柏油,乾燥,無缺陷,無障礙物,無遮蔽物,良好,無號誌,無號誌,雙向禁止超車線,無標記,未繪設車道線,快慢車道分隔線,無,車與車,同向擦撞,駕駛者,起步時未注意安全,死亡0;受傷1,2,機車,普通重型,女,59,戴半罩式安全帽,未使用,車的狀態,向前直行中,機車與自行車,右側車身,,,駕駛者,酒醉(後)駕駛,是,121.560388,24.981604
2025,11,20251102,195000,A2,嘉義市政府警察局,嘉義市東區林森里忠孝路 / 嘉義市東區林森里忠孝路,晴,有照明且開啟,市區道路,40,交岔路,四岔路,交叉路口,交叉路口內,柏油,乾燥,無缺陷,無障礙物,無遮蔽物,良好,行車管制號誌(附設行人專用號誌),正常,無,無分向設施,未繪設車道線,未繪設快慢車道分隔線,無,車與車,側撞,駕駛者,左轉彎未依規定,死亡0;受傷2,1,機車,普通重型,男,71,戴非半罩式安全帽,未使用,車的狀態,左轉彎,機車與自行車,左側車身,,,駕駛者,左轉彎未依規定,否,120.453406,23.489133
2025,11,20251102,195000,A2,嘉義市政府警察局,嘉義市東區林森里忠孝路 / 嘉義市東區林森里忠孝路,晴,有照明且開啟,市區道路,40,交岔路,四岔路,交叉路口,交叉路口內,柏油,乾燥,無缺陷,無障礙物,無遮蔽物,良好,行車管制號誌(附設行人專用號誌),正常,無,無分向設施,未繪設車道線,未繪設快慢車道分隔線,無,車與車,側撞,駕駛者,左轉彎未依規定,死亡0;受傷2,2,機車,普通重型,女,20,戴非半罩式安全帽,未使用,車的狀態,向前直行中,機車與自行車,右側車身,,,無(車輛駕駛者因素),尚未發現肇事因素,否,120.453406,23.489133
2025,11,20251102,195000,A2,新北市政府警察局,新北市樹林區八德街395號前0.0公尺,晴,有照明且開啟,市區道路,50,單路部分,直路,路段,一般車道(未劃分快慢車道),柏油,乾燥,無缺陷,無障礙物,無遮蔽物,良好,無號誌,無號誌,單向禁止超車線,無標記,未繪設車道線,未繪設快慢車道分隔線,有,車與車,追撞,駕駛者,恍神、緊張、心不在焉分心駕駛,死亡0;受傷2,1,機車,普通重型,男,26,戴半罩式安全帽,未使用,車的狀態,向前直行中,機車與自行車,前車頭,,,駕駛者,恍神、緊張、心不在焉分心駕駛,否,121.415781,24.971830
2025,11,20251102,195000,A2,新北市政府警察局,新北市樹林區八德街395號前0.0公尺,晴,有照明且開啟,市區道路,50,單路部分,直路,路段,一般車道(未劃分快慢車道),柏油,乾燥,無缺陷,無障礙物,無遮蔽物,良好,無號誌,無號誌,單向禁止超車線,無標記,未繪設車道線,未繪設快慢車道分隔線,有,車與車,追撞,駕駛者,恍神、緊張、心不在焉分心駕駛,死亡0;受傷2,2,慢車,腳踏自行車,男,67,不明,未使用,車的狀態,向前直行中,機車與自行車,後車尾,,,無(車輛駕駛者因素),尚未發現肇事因素,否,121.415781,24.971830
2025,11,20251102,195000,A2,基隆市警察局,基隆市信義區東信路 / 基隆市信義區東光路,陰,有照明且開啟,市區道路,50,單路部分,彎曲路及附近,路段,一般車道(未劃分快慢車道),柏油,濕潤,無缺陷,無障礙物,無遮蔽物,良好,無號誌,無號誌,雙向禁止超車線,無標記,未繪設車道線,未繪設快慢車道分隔線,無,車與車,對向擦撞,駕駛者,違反禁止超車標誌(線),死亡0;受傷1,1,小客車(含客、貨兩用),自用,女,43,繫安全帶(使用幼童安全椅),未使用,車的狀態,超車(含超越),汽車,左前車頭(身),,,駕駛者,違反禁止超車標誌(線),否,121.768079,25.128719
2025,11,20251102,195000,A2,基隆市警察局,基隆市信義區東信路 / 基隆市信義區東光路,陰,有照明且開啟,市區道路,50,單路部分,彎曲路及附近,路段,一般車道(未劃分快慢車道),柏油,濕潤,無缺陷,無障礙物,無遮蔽物,良好,無號誌,無號誌,雙向禁止超車線,無標記,未繪設車道線,未繪設快慢車道分隔線,無,車與車,對向擦撞,駕駛者,違反禁止超車標誌(線),死亡0;受傷1,2,機車,普通重型,男,20,戴半罩式安全帽,未使用,車的狀態,向前直行中,機車與自行車,前車頭,,,無(車輛駕駛者因素),尚未發現肇事因素,否,121.768079,25.128719
2025,11,20251102,195134,A2,屏東縣政府警察局,屏東縣南州鄉勝利路5-15號對面,晴,無照明,縣道,50,交岔路,三岔路,路段,一般車道(未劃分快慢車道),柏油,乾燥,無缺陷,無障礙物,無遮蔽物,良好,行車管制號誌,正常,中央分向島,窄式無柵欄,禁止變換車道線(無標記),未繪設快慢車道分隔線,有,車與車,側撞,駕駛者,其他未依規定讓車,死亡0;受傷2,1,機車,普通重型,男,31,戴半罩式安全帽,未使用,車的狀態,向左變換車道,機車與自行車,左側車身,,,駕駛者,其他未依規定讓車,否,120.537045,22.491578
2025,11,20251102,195134,A2,屏東縣政府警察局,屏東縣南州鄉勝利路5-15號對面,晴,無照明,縣道,50,交岔路,三岔路,路段,一般車道(未劃分快慢車道),柏油,乾燥,無缺陷,無障礙物,無遮蔽物,良好,行車管制號誌,正常,中央分向島,窄式無柵欄,禁止變換車道線(無標記),未繪設快慢車道分隔線,有,車與車,側撞,駕駛者,其他未依規定讓車,死亡0;受傷2,2,小客車(含客、貨兩用),自用,女,46,繫安全帶(使用幼童安全椅),未使用,車的狀態,向前直行中,汽車,前車頭,,,其他,其他不當駕車行為,否,120.537045,22.491578
2025,11,20251102,195500,A2,新北市政府警察局,新北市新店區北宜路1段2號前0.0公尺,晴,無照明,市區道路,0,單路部分,直路,路段,一般車道(未劃分快慢車道),柏油,乾燥,無缺陷,無障礙物,無遮蔽物,良好,行車管制號誌,正常,無,無分向設施,未繪設車道線,未繪設快慢車道分隔線,有,人與車,其他,非駕駛者,上下車輛時未注意安全,死亡0;受傷1,1,人,乘客,男,62,未戴安全帽或未繫安全帶(未使用幼童安全椅),非駕駛人,人的狀態,上、下車,其他,無撞擊,,,非駕駛者,上下車輛時未注意安全,否,121.538014,24.958048