發生年度,發生月份,發生日期,發生時間,事故類別名稱,處理單位名稱警局層,發生地點,天候名稱,光線名稱,道路類別-第1當事者-名稱,速限-第1當事者,道路型態大類別名稱,道路型態子類別名稱,事故位置大類別名稱,事故位置子類別名稱,路面狀況-路面鋪裝名稱,路面狀況-路面狀態名稱,路面狀況-路面缺陷名稱,道路障礙-障礙物名稱,道路障礙-視距品質名稱,道路障礙-視距名稱,號誌-號誌種類名稱,號誌-號誌動作名稱,車道劃分設施-分向設施大類別名稱,車道劃分設施-分向設施子類別名稱,車道劃分設施-分道設施-快車道或一般車道間名稱,車道劃分設施-分道設施-快慢車道間名稱,車道劃分設施-分道設施-路面邊線名稱,事故類型及型態大類別名稱,事故類型及型態子類別名稱,肇因研判大類別名稱-主要,肇因研判子類別名稱-主要,死亡受傷人數,當事者順位,當事者區分-類別-大類別名稱-車種,當事者區分-類別-子類別名稱-車種,當事者屬-性-別名稱,當事者事故發生時年齡,保護裝備名稱,行動電話或電腦或其他相類功能裝置名稱,當事者行動狀態大類別名稱,當事者行動狀態子類別名稱,車輛撞擊部位大類別名稱-最初,車輛撞擊部位子類別名稱-最初,車輛撞擊部位大類別名稱-其他,車輛撞擊部位子類別名稱-其他,肇因研判大類別名稱-個別,肇因研判子類別名稱-個別,肇事逃逸類別名稱-是否肇逃,經度,緯度
2025,11,20251102,195500,A2,新北市政府警察局,新北市新店區北宜路1段2號前0.0公尺,晴,無照明,市區道路,0,單路部分,直路,路段,一般車道(未劃分快慢車道),柏油,乾燥,無缺陷,無障礙物,無遮蔽物,良好,行車管制號誌,正常,無,無分向設施,未繪設車道線,未繪設快慢車道分隔線,有,人與車,其他,非駕駛者,上下車輛時未注意安全,死亡0;受傷1,2,大客車,民營客運,男,58,繫安全帶(使用幼童安全椅),未使用,車的狀態,起步,其他,無撞擊,,,駕駛者,起步時未注意安全,否,121.538014,24.958048
2025,11,20251102,195500,A2,新北市政府警察局,新北市板橋區中山路1段279號前0.0公尺,晴,有照明且開啟,市區道路,50,單路部分,直路,路段,一般車道(未劃分快慢車道),柏油,乾燥,無缺陷,無障礙物,無遮蔽物,良好,無號誌,無號誌,行車分向線,無標記,車道線(附標記),未繪設快慢車道分隔線,有,車與車,同向擦撞,駕駛者,變換車道不當,死亡0;受傷1,1,小客車(含客、貨兩用),自用,男,36,繫安全帶(使用幼童安全椅),未使用,車的狀態,向右變換車道,汽車,右側車身,,,駕駛者,變換車道不當,否,121.469430,25.013678
2025,11,20251102,195500,A2,新北市政府警察局,新北市板橋區中山路1段279號前0.0公尺,晴,有照明且開啟,市區道路,50,單路部分,直路,路段,一般車道(未劃分快慢車道),柏油,乾燥,無缺陷,無障礙物,無遮蔽物,良好,無號誌,無號誌,行車分向線,無標記,車道線(附標記),未繪設快慢車道分隔線,有,車與車,同向擦撞,駕駛者,變換車道不當,死亡0;受傷1,2,機車,普通重型,男,67,戴半罩式安全帽,未使用,車的狀態,向前直行中,機車與自行車,左側車身,,,無(車輛駕駛者因素),尚未發現肇事因素,否,121.469430,25.013678
2025,11,20251102,195600,A2,臺中市政府警察局,臺中市西屯區上石里西屯路二段 / 臺中市西屯區上石里無名路,晴,有照明且開啟,市區道路,50,交岔路,三岔路,其他,行人穿越道,柏油,乾燥,無缺陷,無障礙物,無遮蔽物,良好,無號誌,無號誌,無,無分向設施,未繪設車道線,未繪設快慢車道分隔線,無,人與車,穿越道路中,駕駛者,車輛未依規定暫停讓行人先行,死亡0;受傷2,1,機車,普通重型,男,19,戴非半罩式安全帽,不明,車的狀態,向前直行中,機車與自行車,前車頭,,,駕駛者,車輛未依規定暫停讓行人先行,否,120.645045,24.172938
2025,11,20251102,195600,A2,臺中市政府警察局,臺中市西屯區上石里西屯路二段 / 臺中市西屯區上石里無名路,晴,有照明且開啟,市區道路,50,交岔路,三岔路,其他,行人穿越道,柏油,乾燥,無缺陷,無障礙物,無遮蔽物,良好,無號誌,無號誌,無,無分向設施,未繪設車道線,未繪設快慢車道分隔線,無,人與車,穿越道路中,駕駛者,車輛未依規定暫停讓行人先行,死亡0;受傷2,2,人,行人,男,21,其他(無需使用保護裝備之人),非駕駛人,人的狀態,步行,其他,非汽、機及自行車,,,無(非車輛駕駛人因素),尚未發現肇事因素,否,120.645045,24.172938
2025,11,20251102,195600,A2,臺中市政府警察局,臺中市西屯區上石里西屯路二段 / 臺中市西屯區上石里無名路,晴,有照明且開啟,市區道路,50,交岔路,三岔路,其他,行人穿越道,柏油,乾燥,無缺陷,無障礙物,無遮蔽物,良好,無號誌,無號誌,無,無分向設施,未繪設車道線,未繪設快慢車道分隔線,無,人與車,穿越道路中,駕駛者,車輛未依規定暫停讓行人先行,死亡0;受傷2,3,,,肇事逃逸尚未查獲,0,,,不明,不明,,,,,其他,肇事逃逸未查獲，無法查明肇因,是,120.645045,24.172938
2025,11,20251102,195900,A2,嘉義市政府警察局,嘉義市西區車店里上海路 / 嘉義市西區車店里漢口路,晴,有照明且開啟,市區道路,50,交岔路,四岔路,交叉路口,交叉路口內,柏油,乾燥,無缺陷,無障礙物,無遮蔽物,良好,行車管制號誌,正常,無,無分向設施,未繪設車道線,未繪設快慢車道分隔線,無,車與車,側撞,其他,其他不當駕車行為,死亡0;受傷1,1,小客車(含客、貨兩用),自用,男,58,繫安全帶(使用幼童安全椅),未使用,車的狀態,迴轉或橫越道路中,汽車,左前車頭(身),,,其他,其他不當駕車行為,否,120.432216,23.465915
2025,11,20251102,195900,A2,嘉義市政府警察局,嘉義市西區車店里上海路 / 嘉義市西區車店里漢口路,晴,有照明且開啟,市區道路,50,交岔路,四岔路,交叉路口,交叉路口內,柏油,乾燥,無缺陷,無障礙物,無遮蔽物,良好,行車管制號誌,正常,無,無分向設施,未繪設車道線,未繪設快慢車道分隔線,無,車與車,側撞,其他,其他不當駕車行為,死亡0;受傷1,2,機車,普通重型,女,52,戴非半罩式安全帽,未使用,車的狀態,向前直行中,機車與自行車,前車頭,,,其他,其他不當駕車行為,否,120.432216,23.465915
2025,11,20251102,200100,A2,臺北市政府警察局,臺北市萬華區桂林路67號前0.0公尺,晴,有照明且開啟,其他,0,圓環廣場,其他,其他,人行道,其他鋪裝,乾燥,無缺陷,無障礙物,無遮蔽物,良好,無號誌,無號誌,無,無分向設施,未繪設車道線,未繪設快慢車道分隔線,無,人與車,其他,其他,其他不當駕車行為,死亡0;受傷1,1,慢車,腳踏自行車,男,7,不明,不明,車的狀態,向前直行中,機車與自行車,前車頭,,,其他,其他不當駕車行為,否,121.502238,25.038399
2025,11,20251102,200100,A2,臺北市政府警察局,臺北市萬華區桂林路67號前0.0公尺,晴,有照明且開啟,其他,0,圓環廣場,其他,其他,人行道,其他鋪裝,乾燥,無缺陷,無障礙物,無遮蔽物,良好,無號誌,無號誌,無,無分向設施,未繪設車道線,未繪設快慢車道分隔線,無,人與車,其他,其他,其他不當駕車行為,死亡0;受傷1,2,人,行人,女,58,其他(無需使用保護裝備之人),非駕駛人,人的狀態,步行,其他,非汽、機及自行車,,,無(非車輛駕駛人因素),尚未發現肇事因素,否,121.502238,25.038399
2025,11,20251102,200400,A2,高雄市政府警察局,高雄市左營區左營大路186號前0.0公尺,晴,有照明且開啟,市區道路,40,單路部分,直路,路段,快車道,柏油,乾燥,無缺陷,無障礙物,無遮蔽物,良好,無號誌,無號誌,雙向禁止超車線,無標記,車道線(無標記),快慢車道分隔線,無,車與車,其他,駕駛者,逆向行駛,死亡0;受傷2,1,機車,普通重型,男,47,戴半罩式安全帽,未使用,車的狀態,向前直行中,機車與自行車,前車頭,,,駕駛者,逆向行駛,否,120.289200,22.684370
2025,11,20251102,200400,A2,高雄市政府警察局,高雄市左營區左營大路186號前0.0公尺,晴,有照明且開啟,市區道路,40,單路部分,直路,路段,快車道,柏油,乾燥,無缺陷,無障礙物,無遮蔽物,良好,無號誌,無號誌,雙向禁止超車線,無標記,車道線(無標記),快慢車道分隔線,無,車與車,其他,駕駛者,逆向行駛,死亡0;受傷2,2,慢車,腳踏自行車,男,49,不明,未使用,車的狀態,迴轉或橫越道路中,機車與自行車,前車頭,,,駕駛者,違反其他標誌(線)禁制,否,120.289200,22.684370
2025,11,20251102,200400,A2,新北市政府警察局,新北市泰山區明志路2段188號前0.0公尺,晴,有照明且開啟,市區道路,50,單路部分,直路,路段,一般車道(未劃分快慢車道),柏油,乾燥,無缺陷,無障礙物,無遮蔽物,良好,無號誌,無號誌,行車分向線,無標記,車道線(無標記),未繪設快慢車道分隔線,無,車與車,其他,駕駛者,未保持行車安全間隔,死亡0;受傷3,1,機車,普通重型,男,19,戴非半罩式安全帽,未使用,車的狀態,向前直行中,機車與自行車,左側車身,,,駕駛者,未保持行車安全間隔,否,121.427540,25.049904
2025,11,20251102,200400,A2,新北市政府警察局,新北市泰山區明志路2段188號前0.0公尺,晴,有照明且開啟,市區道路,50,單路部分,直路,路段,一般車道(未劃分快慢車道),柏油,乾燥,無缺陷,無障礙物,無遮蔽物,良好,無號誌,無號誌,行車分向線,無標記,車道線(無標記),未繪設快慢車道分隔線,無,車與車,其他,駕駛者,未保持行車安全間隔,死亡0;受傷3,2,機車,普通重型,男,24,戴非半罩式安全帽,未使用,車的狀態,向前直行中,機車與自行車,左側車身,,,駕駛者,未保持行車安全間隔,否,121.427540,25.049904
2025,11,20251102,200400,A2,新北市政府警察局,新北市泰山區明志路2段188號前0.0公尺,晴,有照明且開啟,市區道路,50,單路部分,直路,路段,一般車道(未劃分快慢車道),柏油,乾燥,無缺陷,無障礙物,無遮蔽物,良好,無號誌,無號誌,行車分向線,無標記,車道線(無標記),未繪設快慢車道分隔線,無,車與車,其他,駕駛者,未保持行車安全間隔,死亡0;受傷3,3,人,乘客,女,22,戴非半罩式安全帽,非駕駛人,不明,不明,其他,非汽、機及自行車,,,無(非車輛駕駛人因素),尚未發現肇事因素,否,121.427540,25.049904
2025,11,20251102,200500,A2,臺中市政府警察局,臺中市北區淡溝里英才路 / 臺中市北區淡溝里博館一街,晴,有照明未開啟或故障,市區道路,50,交岔路,四岔路,交叉路口,交叉路口內,柏油,乾燥,無缺陷,無障礙物,無遮蔽物,良好,行車管制號誌,正常,雙向禁止超車線,無標記,未繪設車道線,未繪設快慢車道分隔線,無,車與車,其他,駕駛者,行經圓環未依規定讓車,死亡0;受傷1,1,小客車(含客、貨兩用),計程車,男,47,繫安全帶(使用幼童安全椅),未使用,車的狀態,左轉彎,汽車,前車頭,,,駕駛者,行經圓環未依規定讓車,否,120.668073,24.154308
2025,11,20251102,200500,A2,臺中市政府警察局,臺中市北區淡溝里英才路 / 臺中市北區淡溝里博館一街,晴,有照明未開啟或故障,市區道路,50,交岔路,四岔路,交叉路口,交叉路口內,柏油,乾燥,無缺陷,無障礙物,無遮蔽物,良好,行車管制號誌,正常,雙向禁止超車線,無標記,未繪設車道線,未繪設快慢車道分隔線,無,車與車,其他,駕駛者,行經圓環未依規定讓車,死亡0;受傷1,2,機車,普通重型,女,20,戴半罩式安全帽,未使用,車的狀態,向前直行中,機車與自行車,前車頭,,,駕駛者,恍神、緊張、心不在焉分心駕駛,否,120.668073,24.154308
2025,11,20251102,201000,A2,新北市政府警察局,新北市蘆洲區集賢路224巷70號前0.0公尺,晴,有照明未開啟或故障,村里道路,40,單路部分,直路,路段,一般車道(未劃分快慢車道),柏油,乾燥,無缺陷,無障礙物,無遮蔽物,良好,無號誌,無號誌,無,無分向設施,未繪設車道線,未繪設快慢車道分隔線,有,人與車,同向通行中,非駕駛者,其他引起事故之疏失或行為,死亡0;受傷1,1,人,行人,男,48,其他(無需使用保護裝備之人),非駕駛人,人的狀態,步行,其他,非汽、機及自行車,,,非駕駛者,其他引起事故之疏失或行為,否,121.480225,25.089061
2025,11,20251102,201000,A2,新北市政府警察局,新北市蘆洲區集賢路224巷70號前0.0公尺,晴,有照明未開啟或故障,村里道路,40,單路部分,直路,路段,一般車道(未劃分快慢車道),柏油,乾燥,無缺陷,無障礙物,無遮蔽物,良好,無號誌,無號誌,無,無分向設施,未繪設車道線,未繪設快慢車道分隔線,有,人與車,同向通行中,非駕駛者,其他引起事故之疏失或行為,死亡0;受傷1,2,機車,普通輕型,女,20,戴半罩式安全帽,未使用,車的狀態,向前直行中,機車與自行車,右側車身,,,無(車輛駕駛者因素),尚未發現肇事因素,否,121.480225,25.089061
2025,11,20251102,201100,A2,臺北市政府警察局,臺北市大同區民權西路 / 臺北市大同區民權西路,陰,有照明且開啟,市區道路,50,交岔路,四岔路,交叉路口,交叉口附近,柏油,乾燥,無缺陷,無障礙物,無遮蔽物,良好,行車管制號誌(附設行人專用號誌),正常,中央分向島,寬式(50公分以上),車道線(無標記),未繪設快慢車道分隔線,無,車與車,其他,無(車輛駕駛者因素),尚未發現肇事因素,死亡0;受傷1,1,機車,普通重型,男,65,戴半罩式安全帽,不明,車的狀態,左轉彎,機車與自行車,後車尾,,,無(車輛駕駛者因素),尚未發現肇事因素,否,121.512892,25.063209
2025,11,20251102,201100,A2,臺北市政府警察局,臺北市大同區民權西路 / 臺北市大同區民權西路,陰,有照明且開啟,市區道路,50,交岔路,四岔路,交叉路口,交叉口附近,柏油,乾燥,無缺陷,無障礙物,無遮蔽物,良好,行車管制號誌(附設行人專用號誌),正常,中央分向島,寬式(50公分以上),車道線(無標記),未繪設快慢車道分隔線,無,車與車,其他,無(車輛駕駛者因素),尚未發現肇事因素,死亡0;受傷1,2,機車,普通重型,男,30,戴半罩式安全帽,不明,車的狀態,向前直行中,機車與自行車,前車頭,,,無(車輛駕駛者因素),尚未發現肇事因素,否,121.512892,25.063209
2025,11,20251102,202500,A2,嘉義縣警察局,嘉義縣太保市春珠里產業道路,陰,無照明,村里道路,30,交岔路,四岔路,交叉路口,交叉口附近,柏油,乾燥,無缺陷,無障礙物,無遮蔽物,良好,無號誌,無號誌,無,無分向設施,未繪設車道線,未繪設快慢車道分隔線,無,車輛本身,衝出路外,駕駛者,恍神、緊張、心不在焉分心駕駛,死亡0;受傷1,1,機車,普通重型,男,25,戴半罩式安全帽,未使用,車的狀態,向前直行中,機車與自行車,前車頭,,,駕駛者,恍神、緊張、心不在焉分心駕駛,否,120.339583,23.451149
2025,11,20251102,202500,A2,嘉義縣警察局,嘉義縣太保市春珠里產業道路,陰,無照明,村里道路,30,交岔路,四岔路,交叉路口,交叉口附近,柏油,乾燥,無缺陷,無障礙物,無遮蔽物,良好,無號誌,無號誌,無,無分向設施,未繪設車道線,未繪設快慢車道分隔線,無,車輛本身,衝出路外,駕駛者,恍神、緊張、心不在焉分心駕駛,死亡0;受傷1,2,,,無或物(動物、堆置物),-1,,,,,,,,,無(非車輛駕駛人因素),尚未發現肇事因素,否,120.339583,23.451149
2025,11,20251102,202800,A2,新北市政府警察局,新北市瑞芳區102線道路 / 新北市瑞芳區北35線道路,晴,有照明且開啟,縣道,50,交岔路,三岔路,交叉路口,交叉路口內,柏油,乾燥,無缺陷,無障礙物,無遮蔽物,良好,無號誌,無號誌,雙向禁止超車線,無標記,未繪設車道線,未繪設快慢車道分隔線,有,人與車,其他,非駕駛者,未依標誌或標線穿越道路,死亡0;受傷2,1,人,行人,女,75,其他(無需使用保護裝備之人),非駕駛人,人的狀態,步行,其他,非汽、機及自行車,,,非駕駛者,未依標誌或標線穿越道路,否,121.842810,25.109466
2025,11,20251102,202800,A2,新北市政府警察局,新北市瑞芳區102線道路 / 新北市瑞芳區北35線道路,晴,有照明且開啟,縣道,50,交岔路,三岔路,交叉路口,交叉路口內,柏油,乾燥,無缺陷,無障礙物,無遮蔽物,良好,無號誌,無號誌,雙向禁止超車線,無標記,未繪設車道線,未繪設快慢車道分隔線,有,人與車,其他,非駕駛者,未依標誌或標線穿越道路,死亡0;受傷2,2,機車,普通重型,男,55,戴半罩式安全帽,未使用,車的狀態,向前直行中,機車與自行車,前車頭,,,駕駛者,閃避不當(慎),否,121.842810,25.109466
2025,11,20251102,203100,A2,臺北市政府警察局,臺北市大安區仁愛路3段53號前0.0公尺,陰,有照明且開啟,市區道路,50,單路部分,直路,路段,一般車道(未劃分快慢車道),柏油,乾燥,無缺陷,無障礙物,無遮蔽物,良好,無號誌,無號誌,中央分向島,寬式(50公分以上),車道線(無標記),未繪設快慢車道分隔線,無,車與車,其他,無(車輛駕駛者因素),尚未發現肇事因素,死亡0;受傷1,1,機車,普通重型,男,50,戴半罩式安全帽,不明,車的狀態,向前直行中,其他,無撞擊,,,無(車輛駕駛者因素),尚未發現肇事因素,否,121.536288,25.038543
2025,11,20251102,203100,A2,臺北市政府警察局,臺北市大安區仁愛路3段53號前0.0公尺,陰,有照明且開啟,市區道路,50,單路部分,直路,路段,一般車道(未劃分快慢車道),柏油,乾燥,無缺陷,無障礙物,無遮蔽物,良好,無號誌,無號誌,中央分向島,寬式(50公分以上),車道線(無標記),未繪設快慢車道分隔線,無,車與車,其他,無(車輛駕駛者因素),尚未發現肇事因素,死亡0;受傷1,2,機車,普通重型,男,24,戴半罩式安全帽,不明,車的狀態,向前直行中,其他,無撞擊,,,駕駛者,未保持行車安全距離,否,121.536288,25.038543
2025,11,20251102,203200,A2,臺中市政府警察局,臺中市沙鹿區竹林里臺灣大道七段768號前0.0公尺,陰,有照明且開啟,市區道路,40,交岔路,多岔路,交叉路口,交叉口附近,柏油,乾燥,無缺陷,無障礙物,無遮蔽物,良好,行車管制號誌,正常,中央分向島,窄式無柵欄,車道線(附標記),窄式快慢車道分隔島(無柵欄),有,車與車,其他,駕駛者,未保持行車安全間隔,死亡0;受傷2,1,機車,普通重型,男,20,不明,不明,車的狀態,向前直行中,機車與自行車,左側車身,,,駕駛者,未保持行車安全間隔,否,120.569743,24.237175
2025,11,20251102,203200,A2,臺中市政府警察局,臺中市沙鹿區竹林里臺灣大道七段768號前0.0公尺,陰,有照明且開啟,市區道路,40,交岔路,多岔路,交叉路口,交叉口附近,柏油,乾燥,無缺陷,無障礙物,無遮蔽物,良好,行車管制號誌,正常,中央分向島,窄式無柵欄,車道線(附標記),窄式快慢車道分隔島(無柵欄),有,車與車,其他,駕駛者,未保持行車安全間隔,死亡0;受傷2,2,慢車,腳踏自行車,男,12,不明,不明,車的狀態,向前直行中,機車與自行車,左側車身,,,駕駛者,未保持行車安全間隔,否,120.569743,24.237175
2025,11,20251102,203200,A2,新北市政府警察局,新北市板橋區文化路1段211號前0.0公尺,陰,有照明且開啟,市區道路,0,單路部分,直路,其他,人行道,其他鋪裝,乾燥,無缺陷,無障礙物,無遮蔽物,良好,無號誌,無號誌,無,無分向設施,未繪設車道線,未繪設快慢車道分隔線,無,車輛本身,路上翻車、摔倒,其他,車輛或機械操作不當(慎),死亡0;受傷1,1,慢車,腳踏自行車,女,49,其他(無需使用保護裝備之人),未使用,車的狀態,向前直行中,其他,不明,,,其他,車輛或機械操作不當(慎),否,121.463674,25.016796
2025,11,20251102,203200,A2,新北市政府警察局,新北市板橋區文化路1段211號前0.0公尺,陰,有照明且開啟,市區道路,0,單路部分,直路,其他,人行道,其他鋪裝,乾燥,無缺陷,無障礙物,無遮蔽物,良好,無號誌,無號誌,無,無分向設施,未繪設車道線,未繪設快慢車道分隔線,無,車輛本身,路上翻車、摔倒,其他,車輛或機械操作不當(慎),死亡0;受傷1,2,,,無或物(動物、堆置物),0,,,,,,,,,無(非車輛駕駛人因素),尚未發現肇事因素,否,121.463674,25.016796
2025,11,20251102,203300,A2,臺中市政府警察局,臺中市豐原區中陽里自成街 / 臺中市豐原區中陽里自成街,晴,有照明且開啟,市區道路,50,交岔路,三岔路,交叉路口,交叉路口內,柏油,乾燥,無缺陷,無障礙物,無遮蔽物,良好,無號誌,無號誌,雙向禁止超車線,無標記,未繪設車道線,未繪設快慢車道分隔線,有,車與車,側撞,駕駛者,無號誌路口，轉彎車未讓直行車先行,死亡0;受傷1,1,小客車(含客、貨兩用),自用,男,59,不明,不明,車的狀態,左轉彎,汽車,前車頭,,,駕駛者,無號誌路口，轉彎車未讓直行車先行,否,120.725750,24.251309
2025,11,20251102,203300,A2,臺中市政府警察局,臺中市豐原區中陽里自成街 / 臺中市豐原區中陽里自成街,晴,有照明且開啟,市區道路,50,交岔路,三岔路,交叉路口,交叉路口內,柏油,乾燥,無缺陷,無障礙物,無遮蔽物,良好,無號誌,無號誌,雙向禁止超車線,無標記,未繪設車道線,未繪設快慢車道分隔線,有,車與車,側撞,駕駛者,無號誌路口，轉彎車未讓直行車先行,死亡0;受傷1,2,機車,普通重型,男,28,戴半罩式安全帽,不明,車的狀態,向前直行中,機車與自行車,右側車身,,,駕駛者,未依規定減速,否,120.725750,24.251309
2025,11,20251102,203800,A2,高雄市政府警察局,高雄市三民區十全路 / 高雄市三民區覺民路,晴,有照明且開啟,市區道路,40,交岔路,三岔路,交叉路口,交叉路口內,柏油,乾燥,無缺陷,無障礙物,無遮蔽物,良好,行車管制號誌(附設行人專用號誌),正常,雙向禁止超車線,無標記,車道線(無標記),快慢車道分隔線,無,車與車,同向擦撞,駕駛者,變換車道不當,死亡0;受傷2,1,機車,普通重型,男,19,戴半罩式安全帽,未使用,車的狀態,向右變換車道,機車與自行車,右側車身,,,駕駛者,變換車道不當,否,120.317958,22.644416
2025,11,20251102,203800,A2,高雄市政府警察局,高雄市三民區十全路 / 高雄市三民區覺民路,晴,有照明且開啟,市區道路,40,交岔路,三岔路,交叉路口,交叉路口內,柏油,乾燥,無缺陷,無障礙物,無遮蔽物,良好,行車管制號誌(附設行人專用號誌),正常,雙向禁止超車線,無標記,車道線(無標記),快慢車道分隔線,無,車與車,同向擦撞,駕駛者,變換車道不當,死亡0;受傷2,2,機車,普通重型,女,22,戴半罩式安全帽,未使用,車的狀態,向前直行中,機車與自行車,左側車身,,,無(車輛駕駛者因素),尚未發現肇事因素,否,120.317958,22.644416
2025,11,20251102,204000,A2,臺北市政府警察局,臺北市文山區光輝路 / 臺北市文山區光輝路口,晴,有照明且開啟,市區道路,30,交岔路,三岔路,交叉路口,交叉路口內,柏油,乾燥,無缺陷,無障礙物,無遮蔽物,良好,無號誌,無號誌,無,無分向設施,未繪設車道線,未繪設快慢車道分隔線,無,車與車,其他,駕駛者,左轉彎未依規定,死亡0;受傷1,1,機車,普通重型,男,21,戴半罩式安全帽,未使用,車的狀態,左轉彎,機車與自行車,左側車身,,,駕駛者,左轉彎未依規定,否,121.556512,24.985182
2025,11,20251102,204000,A2,臺北市政府警察局,臺北市文山區光輝路 / 臺北市文山區光輝路口,晴,有照明且開啟,市區道路,30,交岔路,三岔路,交叉路口,交叉路口內,柏油,乾燥,無缺陷,無障礙物,無遮蔽物,良好,無號誌,無號誌,無,無分向設施,未繪設車道線,未繪設快慢車道分隔線,無,車與車,其他,駕駛者,左轉彎未依規定,死亡0;受傷1,2,機車,普通重型,女,60,戴半罩式安全帽,未使用,車的狀態,向前直行中,機車與自行車,右側車身,,,無(車輛駕駛者因素),尚未發現肇事因素,否,121.556512,24.985182
2025,11,20251102,204100,A2,彰化縣警察局,彰化縣員林市中正路與四維街口,晴,有照明且開啟,村里道路,50,交岔路,四岔路,交叉路口,交叉路口內,柏油,乾燥,無缺陷,無障礙物,無遮蔽物,良好,行車管制號誌,正常,無,無分向設施,未繪設車道線,未繪設快慢車道分隔線,無,車與車,側撞,駕駛者,有號誌路口，轉彎車未讓直行車先行,死亡0;受傷1,1,小客車(含客、貨兩用),自用,男,73,繫安全帶(使用幼童安全椅),未使用,車的狀態,左轉彎,汽車,前車頭,,,駕駛者,有號誌路口，轉彎車未讓直行車先行,否,120.575807,23.951052
2025,11,20251102,204100,A2,彰化縣警察局,彰化縣員林市中正路與四維街口,晴,有照明且開啟,村里道路,50,交岔路,四岔路,交叉路口,交叉路口內,柏油,乾燥,無缺陷,無障礙物,無遮蔽物,良好,行車管制號誌,正常,無,無分向設施,未繪設車道線,未繪設快慢車道分隔線,無,車與車,側撞,駕駛者,有號誌路口，轉彎車未讓直行車先行,死亡0;受傷1,2,慢車,微型電動二輪車,女,16,戴半罩式安全帽,未使用,車的狀態,向前直行中,機車與自行車,前車頭,,,無(車輛駕駛者因素),尚未發現肇事因素,否,120.575807,23.951052
2025,11,20251102,204500,A2,高雄市政府警察局,高雄市旗山區旗南一路 / 高雄市旗山區中學路,晴,有照明且開啟,市區道路,50,交岔路,四岔路,交叉路口,交叉路口內,柏油,乾燥,路面鬆軟,無障礙物,無遮蔽物,良好,行車管制號誌,正常,無,無分向設施,未繪設車道線,未繪設快慢車道分隔線,無,車與車,側撞,駕駛者,有號誌路口，轉彎車未讓直行車先行,死亡0;受傷1,1,小客車(含客、貨兩用),自用,女,38,繫安全帶(使用幼童安全椅),未使用,車的狀態,左轉彎,汽車,前車頭,,,駕駛者,有號誌路口，轉彎車未讓直行車先行,否,120.483541,22.880576
2025,11,20251102,204500,A2,高雄市政府警察局,高雄市旗山區旗南一路 / 高雄市旗山區中學路,晴,有照明且開啟,市區道路,50,交岔路,四岔路,交叉路口,交叉路口內,柏油,乾燥,路面鬆軟,無障礙物,無遮蔽物,良好,行車管制號誌,正常,無,無分向設施,未繪設車道線,未繪設快慢車道分隔線,無,車與車,側撞,駕駛者,有號誌路口，轉彎車未讓直行車先行,死亡0;受傷1,2,機車,普通重型,男,24,戴非半罩式安全帽,未使用,車的狀態,向前直行中,機車與自行車,前車頭,,,無(車輛駕駛者因素),尚未發現肇事因素,否,120.483541,22.880576
2025,11,20251102,205000,A2,臺中市政府警察局,臺中市大肚區頂街里華山路380號前0.0公尺,晴,有照明且開啟,市區道路,50,單路部分,彎曲路及附近,路段,一般車道(未劃分快慢車道),柏油,乾燥,無缺陷,無障礙物,無遮蔽物,良好,無號誌,無號誌,雙向禁止超車線,附標記,未繪設車道線,未繪設快慢車道分隔線,有,車輛本身,路上翻車、摔倒,駕駛者,未依規定減速,死亡0;受傷1,1,機車,普通重型,男,19,戴半罩式安全帽,未使用,車的狀態,向前直行中,機車與自行車,左側車身,,,駕駛者,未依規定減速,否,120.550461,24.157018
2025,11,20251102,205000,A2,臺中市政府警察局,臺中市大肚區頂街里華山路380號前0.0公尺,晴,有照明且開啟,市區道路,50,單路部分,彎曲路及附近,路段,一般車道(未劃分快慢車道),柏油,乾燥,無缺陷,無障礙物,無遮蔽物,良好,無號誌,無號誌,雙向禁止超車線,附標記,未繪設車道線,未繪設快慢車道分隔線,有,車輛本身,路上翻車、摔倒,駕駛者,未依規定減速,死亡0;受傷1,2,,,無或物(動物、堆置物),0,,,,,,,,,無(非車輛駕駛人因素),尚未發現肇事因素,否,120.550461,24.157018
2025,11,20251102,205000,A2,新北市政府警察局,新北市新店區順安街61號前0.0公尺,晴,有照明且開啟,市區道路,50,單路部分,直路,路段,一般車道(未劃分快慢車道),柏油,乾燥,無缺陷,無障礙物,無遮蔽物,良好,無號誌,無號誌,行車分向線,無標記,未繪設車道線,未繪設快慢車道分隔線,無,人與車,穿越道路中,非駕駛者,未依標誌或標線穿越道路,死亡0;受傷1,1,人,行人,女,18,其他(無需使用保護裝備之人),非駕駛人,人的狀態,步行,其他,非汽、機及自行車,其他,非汽、機及自行車,非駕駛者,未依標誌或標線穿越道路,否,121.540809,24.986520
2025,11,20251102,205000,A2,新北市政府警察局,新北市新店區順安街61號前0.0公尺,晴,有照明且開啟,市區道路,50,單路部分,直路,路段,一般車道(未劃分快慢車道),柏油,乾燥,無缺陷,無障礙物,無遮蔽物,良好,無號誌,無號誌,行車分向線,無標記,未繪設車道線,未繪設快慢車道分隔線,無,人與車,穿越道路中,非駕駛者,未依標誌或標線穿越道路,死亡0;受傷1,2,機車,普通重型,男,34,戴半罩式安全帽,未使用,車的狀態,向前直行中,機車與自行車,前車頭,機車與自行車,前車頭,無(車輛駕駛者因素),尚未發現肇事因素,否,121.540809,24.986520