發生年度,發生月份,發生日期,發生時間,事故類別名稱,處理單位名稱警局層,發生地點,天候名稱,光線名稱,道路類別-第1當事者-名稱,速限-第1當事者,道路型態大類別名稱,道路型態子類別名稱,事故位置大類別名稱,事故位置子類別名稱,路面狀況-路面鋪裝名稱,路面狀況-路面狀態名稱,路面狀況-路面缺陷名稱,道路障礙-障礙物名稱,道路障礙-視距品質名稱,道路障礙-視距名稱,號誌-號誌種類名稱,號誌-號誌動作名稱,車道劃分設施-分向設施大類別名稱,車道劃分設施-分向設施子類別名稱,車道劃分設施-分道設施-快車道或一般車道間名稱,車道劃分設施-分道設施-快慢車道間名稱,車道劃分設施-分道設施-路面邊線名稱,事故類型及型態大類別名稱,事故類型及型態子類別名稱,肇因研判大類別名稱-主要,肇因研判子類別名稱-主要,死亡受傷人數,當事者順位,當事者區分-類別-大類別名稱-車種,當事者區分-類別-子類別名稱-車種,當事者屬-性-別名稱,當事者事故發生時年齡,保護裝備名稱,行動電話或電腦或其他相類功能裝置名稱,當事者行動狀態大類別名稱,當事者行動狀態子類別名稱,車輛撞擊部位大類別名稱-最初,車輛撞擊部位子類別名稱-最初,車輛撞擊部位大類別名稱-其他,車輛撞擊部位子類別名稱-其他,肇因研判大類別名稱-個別,肇因研判子類別名稱-個別,肇事逃逸類別名稱-是否肇逃,經度,緯度
2025,11,20251102,205200,A2,嘉義縣警察局,嘉義縣太保市北港路二段403巷251弄15號前,晴,有照明且開啟,市區道路,50,單路部分,直路,路段,快車道,柏油,乾燥,無缺陷,攤位、棚架,無遮蔽物,良好,無號誌,無號誌,行車分向線,無標記,車道線(無標記),快慢車道分隔線,有,車與車,追撞,駕駛者,恍神、緊張、心不在焉分心駕駛,死亡0;受傷1,1,機車,普通重型,男,19,戴非半罩式安全帽,未使用,車的狀態,向前直行中,機車與自行車,前車頭,,,駕駛者,恍神、緊張、心不在焉分心駕駛,否,120.368202,23.495952
2025,11,20251102,205200,A2,嘉義縣警察局,嘉義縣太保市北港路二段403巷251弄15號前,晴,有照明且開啟,市區道路,50,單路部分,直路,路段,快車道,柏油,乾燥,無缺陷,攤位、棚架,無遮蔽物,良好,無號誌,無號誌,行車分向線,無標記,車道線(無標記),快慢車道分隔線,有,車與車,追撞,駕駛者,恍神、緊張、心不在焉分心駕駛,死亡0;受傷1,2,小客車(含客、貨兩用),自用,女,45,繫安全帶(使用幼童安全椅),未使用,車的狀態,向前直行中,汽車,右後車尾(身),,,無(車輛駕駛者因素),尚未發現肇事因素,否,120.368202,23.495952
2025,11,20251102,205400,A2,臺中市政府警察局,臺中市西屯區西墩里福科路 / 臺中市西屯區西墩里黎明路三段,晴,有照明且開啟,市區道路,50,交岔路,四岔路,交叉路口,交叉口附近,柏油,乾燥,無缺陷,無障礙物,無遮蔽物,良好,行車管制號誌(附設行人專用號誌),正常,雙向禁止超車線,無標記,車道線(無標記),快慢車道分隔線,無,車與車,其他,駕駛者,起步時未注意安全,死亡0;受傷1,1,小客車(含客、貨兩用),自用,女,42,不明,不明,車的狀態,起步,其他,無撞擊,,,駕駛者,起步時未注意安全,否,120.637376,24.178660
2025,11,20251102,205400,A2,臺中市政府警察局,臺中市西屯區西墩里福科路 / 臺中市西屯區西墩里黎明路三段,晴,有照明且開啟,市區道路,50,交岔路,四岔路,交叉路口,交叉口附近,柏油,乾燥,無缺陷,無障礙物,無遮蔽物,良好,行車管制號誌(附設行人專用號誌),正常,雙向禁止超車線,無標記,車道線(無標記),快慢車道分隔線,無,車與車,其他,駕駛者,起步時未注意安全,死亡0;受傷1,2,機車,普通重型,男,27,不明,不明,車的狀態,急減速或急停止,其他,無撞擊,,,駕駛者,恍神、緊張、心不在焉分心駕駛,否,120.637376,24.178660
2025,11,20251102,205600,A2,臺中市政府警察局,臺中市北區頂厝里進化北路300號前0.0公尺,晴,有照明且開啟,市區道路,50,單路部分,直路,路段,一般車道(未劃分快慢車道),柏油,乾燥,無缺陷,無障礙物,無遮蔽物,良好,無號誌,無號誌,中央分向島,寬式(50公分以上),車道線(無標記),未繪設快慢車道分隔線,無,車與車,其他,駕駛者,恍神、緊張、心不在焉分心駕駛,死亡0;受傷1,1,小客車(含客、貨兩用),自用,男,22,繫安全帶(使用幼童安全椅),未使用,車的狀態,其他,汽車,前車頭,,,駕駛者,恍神、緊張、心不在焉分心駕駛,否,120.682509,24.163151
2025,11,20251102,205600,A2,臺中市政府警察局,臺中市北區頂厝里進化北路300號前0.0公尺,晴,有照明且開啟,市區道路,50,單路部分,直路,路段,一般車道(未劃分快慢車道),柏油,乾燥,無缺陷,無障礙物,無遮蔽物,良好,無號誌,無號誌,中央分向島,寬式(50公分以上),車道線(無標記),未繪設快慢車道分隔線,無,車與車,其他,駕駛者,恍神、緊張、心不在焉分心駕駛,死亡0;受傷1,2,小客車(含客、貨兩用),自用,男,39,繫安全帶(使用幼童安全椅),未使用,車的狀態,等待(引擎未熄火),汽車,後車尾,,,其他,其他不當駕車行為,否,120.682509,24.163151
2025,11,20251102,205600,A2,臺中市政府警察局,臺中市北區頂厝里進化北路300號前0.0公尺,晴,有照明且開啟,市區道路,50,單路部分,直路,路段,一般車道(未劃分快慢車道),柏油,乾燥,無缺陷,無障礙物,無遮蔽物,良好,無號誌,無號誌,中央分向島,寬式(50公分以上),車道線(無標記),未繪設快慢車道分隔線,無,車與車,其他,駕駛者,恍神、緊張、心不在焉分心駕駛,死亡0;受傷1,3,人,乘客,女,20,不明,非駕駛人,人的狀態,靜立(止),其他,非汽、機及自行車,,,無(非車輛駕駛人因素),尚未發現肇事因素,否,120.682509,24.163151
2025,11,20251102,205900,A2,高雄市政府警察局,高雄市新興區五福二路213號前0.0公尺,晴,有照明且開啟,市區道路,40,單路部分,直路,路段,慢車道,柏油,乾燥,無缺陷,無障礙物,無遮蔽物,良好,無號誌,無號誌,中央分向島,窄式附柵欄,車道線(無標記),快慢車道分隔線,無,車與車,追撞,駕駛者,未保持行車安全距離,死亡0;受傷2,1,機車,普通重型,女,27,戴非半罩式安全帽,未使用,車的狀態,向前直行中,機車與自行車,前車頭,,,駕駛者,未保持行車安全距離,否,120.301170,22.623069
2025,11,20251102,205900,A2,高雄市政府警察局,高雄市新興區五福二路213號前0.0公尺,晴,有照明且開啟,市區道路,40,單路部分,直路,路段,慢車道,柏油,乾燥,無缺陷,無障礙物,無遮蔽物,良好,無號誌,無號誌,中央分向島,窄式附柵欄,車道線(無標記),快慢車道分隔線,無,車與車,追撞,駕駛者,未保持行車安全距離,死亡0;受傷2,2,機車,普通重型,男,23,戴非半罩式安全帽,未使用,車的狀態,向前直行中,機車與自行車,後車尾,,,無(車輛駕駛者因素),尚未發現肇事因素,否,120.301170,22.623069
2025,11,20251102,205900,A2,高雄市政府警察局,高雄市新興區五福二路213號前0.0公尺,晴,有照明且開啟,市區道路,40,單路部分,直路,路段,慢車道,柏油,乾燥,無缺陷,無障礙物,無遮蔽物,良好,無號誌,無號誌,中央分向島,窄式附柵欄,車道線(無標記),快慢車道分隔線,無,車與車,追撞,駕駛者,未保持行車安全距離,死亡0;受傷2,3,人,乘客,女,38,戴非半罩式安全帽,非駕駛人,人的狀態,其他,其他,非汽、機及自行車,,,無(非車輛駕駛人因素),尚未發現肇事因素,否,120.301170,22.623069
2025,11,20251102,210200,A2,臺中市政府警察局,臺中市太平區中興里太平路596號前0.0公尺,晴,有照明且開啟,市區道路,50,交岔路,四岔路,交叉路口,交叉路口內,柏油,乾燥,無缺陷,無障礙物,無遮蔽物,良好,無號誌,無號誌,雙向禁止超車線,附標記,車道線(無標記),未繪設快慢車道分隔線,有,車與車,追撞,駕駛者,未保持行車安全距離,死亡0;受傷2,1,機車,普通重型,女,21,戴半罩式安全帽,未使用,車的狀態,向前直行中,機車與自行車,前車頭,,,駕駛者,未保持行車安全距離,否,120.712589,24.125855
2025,11,20251102,210200,A2,臺中市政府警察局,臺中市太平區中興里太平路596號前0.0公尺,晴,有照明且開啟,市區道路,50,交岔路,四岔路,交叉路口,交叉路口內,柏油,乾燥,無缺陷,無障礙物,無遮蔽物,良好,無號誌,無號誌,雙向禁止超車線,附標記,車道線(無標記),未繪設快慢車道分隔線,有,車與車,追撞,駕駛者,未保持行車安全距離,死亡0;受傷2,2,機車,普通重型,男,35,戴半罩式安全帽,未使用,車的狀態,向前直行中,機車與自行車,後車尾,,,無(車輛駕駛者因素),尚未發現肇事因素,否,120.712589,24.125855
2025,11,20251102,210200,A2,臺中市政府警察局,臺中市太平區中興里太平路596號前0.0公尺,晴,有照明且開啟,市區道路,50,交岔路,四岔路,交叉路口,交叉路口內,柏油,乾燥,無缺陷,無障礙物,無遮蔽物,良好,無號誌,無號誌,雙向禁止超車線,附標記,車道線(無標記),未繪設快慢車道分隔線,有,車與車,追撞,駕駛者,未保持行車安全距離,死亡0;受傷2,3,小客車(含客、貨兩用),計程車,男,64,繫安全帶(使用幼童安全椅),未使用,車的狀態,左轉彎,其他,無撞擊,,,駕駛者,無號誌路口，轉彎車未讓直行車先行,否,120.712589,24.125855
2025,11,20251102,210835,A2,屏東縣政府警察局,屏東縣東港鎮興和路與三和路,晴,無照明,縣道,50,交岔路,四岔路,路段,一般車道(未劃分快慢車道),柏油,乾燥,無缺陷,無障礙物,無遮蔽物,良好,行車管制號誌,正常,雙向禁止超車線,無標記,未繪設車道線,快慢車道分隔線,有,車與車,路口交岔撞,駕駛者,闖紅燈直行,死亡0;受傷2,1,機車,普通重型,男,16,戴半罩式安全帽,未使用,車的狀態,向前直行中,機車與自行車,右側車身,,,駕駛者,闖紅燈直行,否,120.485593,22.488087
2025,11,20251102,210835,A2,屏東縣政府警察局,屏東縣東港鎮興和路與三和路,晴,無照明,縣道,50,交岔路,四岔路,路段,一般車道(未劃分快慢車道),柏油,乾燥,無缺陷,無障礙物,無遮蔽物,良好,行車管制號誌,正常,雙向禁止超車線,無標記,未繪設車道線,快慢車道分隔線,有,車與車,路口交岔撞,駕駛者,闖紅燈直行,死亡0;受傷2,2,小客車(含客、貨兩用),自用,男,28,繫安全帶(使用幼童安全椅),未使用,車的狀態,向前直行中,汽車,前車頭,,,無(車輛駕駛者因素),尚未發現肇事因素,否,120.485593,22.488087
2025,11,20251102,210835,A2,屏東縣政府警察局,屏東縣東港鎮興和路與三和路,晴,無照明,縣道,50,交岔路,四岔路,路段,一般車道(未劃分快慢車道),柏油,乾燥,無缺陷,無障礙物,無遮蔽物,良好,行車管制號誌,正常,雙向禁止超車線,無標記,未繪設車道線,快慢車道分隔線,有,車與車,路口交岔撞,駕駛者,闖紅燈直行,死亡0;受傷2,3,人,乘客,女,15,戴半罩式安全帽,非駕駛人,人的狀態,靜立(止),其他,非汽、機及自行車,,,無(非車輛駕駛人因素),尚未發現肇事因素,否,120.485593,22.488087
2025,11,20251102,211200,A2,高雄市政府警察局,高雄市楠梓區學專路88之2號號前0.0公尺,晴,有照明且開啟,市區道路,30,單路部分,彎曲路及附近,路段,一般車道(未劃分快慢車道),柏油,乾燥,無缺陷,無障礙物,無遮蔽物,良好,無號誌,無號誌,無,無分向設施,未繪設車道線,未繪設快慢車道分隔線,無,車輛本身,路上翻車、摔倒,無(車輛駕駛者因素),尚未發現肇事因素,死亡0;受傷1,1,機車,普通重型,男,20,不明,不明,車的狀態,向前直行中,其他,無撞擊,,,無(車輛駕駛者因素),尚未發現肇事因素,否,120.329172,22.723447
2025,11,20251102,211200,A2,高雄市政府警察局,高雄市楠梓區學專路88之2號號前0.0公尺,晴,有照明且開啟,市區道路,30,單路部分,彎曲路及附近,路段,一般車道(未劃分快慢車道),柏油,乾燥,無缺陷,無障礙物,無遮蔽物,良好,無號誌,無號誌,無,無分向設施,未繪設車道線,未繪設快慢車道分隔線,無,車輛本身,路上翻車、摔倒,無(車輛駕駛者因素),尚未發現肇事因素,死亡0;受傷1,2,,,無或物(動物、堆置物),114,,,,,,,,,無(非車輛駕駛人因素),尚未發現肇事因素,否,120.329172,22.723447
2025,11,20251102,211400,A2,新竹市警察局,新竹市東區光復路一段、介壽路口,晴,有照明且開啟,市區道路,50,交岔路,三岔路,交叉路口,交叉路口內,柏油,乾燥,無缺陷,無障礙物,無遮蔽物,良好,行車管制號誌(附設行人專用號誌),正常,雙向禁止超車線,無標記,車道線(無標記),未繪設快慢車道分隔線,無,車與車,追撞,其他,其他不當駕車行為,死亡0;受傷1,1,小客車(含客、貨兩用),自用,男,26,不明,不明,車的狀態,向前直行中,汽車,右前車頭(身),,,其他,其他不當駕車行為,否,121.020841,24.781989
2025,11,20251102,211400,A2,新竹市警察局,新竹市東區光復路一段、介壽路口,晴,有照明且開啟,市區道路,50,交岔路,三岔路,交叉路口,交叉路口內,柏油,乾燥,無缺陷,無障礙物,無遮蔽物,良好,行車管制號誌(附設行人專用號誌),正常,雙向禁止超車線,無標記,車道線(無標記),未繪設快慢車道分隔線,無,車與車,追撞,其他,其他不當駕車行為,死亡0;受傷1,2,機車,普通重型,男,49,不明,不明,車的狀態,等待(引擎未熄火),機車與自行車,後車尾,,,其他,其他不當駕車行為,否,121.020841,24.781989
2025,11,20251102,211700,A2,臺中市政府警察局,臺中市西屯區逢甲里福星路 / 臺中市西屯區逢甲里福星路,晴,有照明且開啟,市區道路,50,交岔路,三岔路,交叉路口,交叉路口內,柏油,乾燥,無缺陷,無障礙物,無遮蔽物,良好,無號誌,無號誌,無,無分向設施,未繪設車道線,未繪設快慢車道分隔線,無,車與車,追撞,駕駛者,未保持行車安全距離,死亡0;受傷1,1,機車,普通重型,男,18,戴非半罩式安全帽,不明,車的狀態,向前直行中,機車與自行車,前車頭,,,駕駛者,未保持行車安全距離,否,120.648356,24.173732
2025,11,20251102,211700,A2,臺中市政府警察局,臺中市西屯區逢甲里福星路 / 臺中市西屯區逢甲里福星路,晴,有照明且開啟,市區道路,50,交岔路,三岔路,交叉路口,交叉路口內,柏油,乾燥,無缺陷,無障礙物,無遮蔽物,良好,無號誌,無號誌,無,無分向設施,未繪設車道線,未繪設快慢車道分隔線,無,車與車,追撞,駕駛者,未保持行車安全距離,死亡0;受傷1,2,機車,普通重型,男,20,戴非半罩式安全帽,不明,車的狀態,向前直行中,機車與自行車,後車尾,,,無(車輛駕駛者因素),尚未發現肇事因素,否,120.648356,24.173732
2025,11,20251102,212200,A2,高雄市政府警察局,高雄市苓雅區河南路61-1號前0.0公尺,晴,有照明且開啟,市區道路,30,單路部分,直路,路段,一般車道(未劃分快慢車道),柏油,乾燥,突出(高低)不平,無障礙物,無遮蔽物,良好,無號誌,無號誌,無,無分向設施,未繪設車道線,未繪設快慢車道分隔線,有,車輛本身,其他,駕駛者,恍神、緊張、心不在焉分心駕駛,死亡0;受傷1,1,機車,普通重型,男,18,戴半罩式安全帽,未使用,車的狀態,其他,機車與自行車,前車頭,,,駕駛者,恍神、緊張、心不在焉分心駕駛,否,120.328785,22.625804
2025,11,20251102,212200,A2,高雄市政府警察局,高雄市苓雅區河南路61-1號前0.0公尺,晴,有照明且開啟,市區道路,30,單路部分,直路,路段,一般車道(未劃分快慢車道),柏油,乾燥,突出(高低)不平,無障礙物,無遮蔽物,良好,無號誌,無號誌,無,無分向設施,未繪設車道線,未繪設快慢車道分隔線,有,車輛本身,其他,駕駛者,恍神、緊張、心不在焉分心駕駛,死亡0;受傷1,2,,,無或物(動物、堆置物),114,,,,,,,,,無(非車輛駕駛人因素),尚未發現肇事因素,否,120.328785,22.625804
2025,11,20251102,212500,A2,屏東縣政府警察局,屏東縣琉球鄉民生、中山路口,晴,有照明且開啟,鄉道,50,單路部分,直路,路段,一般車道(未劃分快慢車道),柏油,乾燥,無缺陷,無障礙物,無遮蔽物,良好,無號誌,無號誌,雙向禁止超車線,無標記,未繪設車道線,未繪設快慢車道分隔線,有,車與車,其他,其他,車輛或機械操作不當(慎),死亡0;受傷1,1,慢車,微型電動二輪車,男,-1,不明,未使用,車的狀態,向前直行中,機車與自行車,前車頭,,,其他,車輛或機械操作不當(慎),否,120.380010,22.350459
2025,11,20251102,212500,A2,屏東縣政府警察局,屏東縣琉球鄉民生、中山路口,晴,有照明且開啟,鄉道,50,單路部分,直路,路段,一般車道(未劃分快慢車道),柏油,乾燥,無缺陷,無障礙物,無遮蔽物,良好,無號誌,無號誌,雙向禁止超車線,無標記,未繪設車道線,未繪設快慢車道分隔線,有,車與車,其他,其他,車輛或機械操作不當(慎),死亡0;受傷1,2,機車,普通重型,女,63,不明,未使用,車的狀態,靜止(引擎熄火),機車與自行車,左側車身,,,無(車輛駕駛者因素),尚未發現肇事因素,否,120.380010,22.350459
2025,11,20251102,212500,A2,屏東縣政府警察局,屏東縣琉球鄉民生、中山路口,晴,有照明且開啟,鄉道,50,單路部分,直路,路段,一般車道(未劃分快慢車道),柏油,乾燥,無缺陷,無障礙物,無遮蔽物,良好,無號誌,無號誌,雙向禁止超車線,無標記,未繪設車道線,未繪設快慢車道分隔線,有,車與車,其他,其他,車輛或機械操作不當(慎),死亡0;受傷1,3,機車,普通重型,男,22,不明,未使用,車的狀態,靜止(引擎熄火),機車與自行車,左側車身,,,無(車輛駕駛者因素),尚未發現肇事因素,否,120.380010,22.350459
2025,11,20251102,212800,A2,臺北市政府警察局,臺北市萬華區西園路1段 / 臺北市萬華區桂林路,晴,有照明且開啟,市區道路,50,交岔路,四岔路,交叉路口,交叉口附近,柏油,乾燥,無缺陷,無障礙物,無遮蔽物,良好,行車管制號誌,正常,行車分向線,無標記,車道線(無標記),快慢車道分隔線,無,車與車,其他,其他,肇事逃逸未查獲，無法查明肇因,死亡0;受傷1,1,,,肇事逃逸尚未查獲,0,,,,,,,,,,肇事逃逸未查獲，無法查明肇因,是,121.499675,25.038440
2025,11,20251102,212800,A2,臺北市政府警察局,臺北市萬華區西園路1段 / 臺北市萬華區桂林路,晴,有照明且開啟,市區道路,50,交岔路,四岔路,交叉路口,交叉口附近,柏油,乾燥,無缺陷,無障礙物,無遮蔽物,良好,行車管制號誌,正常,行車分向線,無標記,車道線(無標記),快慢車道分隔線,無,車與車,其他,其他,肇事逃逸未查獲，無法查明肇因,死亡0;受傷1,2,機車,普通重型,女,63,戴半罩式安全帽,未使用,車的狀態,急減速或急停止,機車與自行車,左側車身,,,無(車輛駕駛者因素),尚未發現肇事因素,否,121.499675,25.038440
2025,11,20251102,213000,A2,高雄市政府警察局,高雄市楠梓區德民路 / 高雄市楠梓區右昌街,晴,有照明且開啟,市區道路,50,交岔路,四岔路,交叉路口,交叉口附近,柏油,乾燥,無缺陷,無障礙物,無遮蔽物,良好,行車管制號誌(附設行人專用號誌),正常,雙向禁止超車線,附標記,車道線(附標記),快慢車道分隔線,有,車與車,同向擦撞,駕駛者,變換車道不當,死亡0;受傷1,1,慢車,微型電動二輪車,女,17,戴非半罩式安全帽,未使用,車的狀態,向左變換車道,機車與自行車,左側車身,,,駕駛者,變換車道不當,否,120.285061,22.718472
2025,11,20251102,213000,A2,高雄市政府警察局,高雄市楠梓區德民路 / 高雄市楠梓區右昌街,晴,有照明且開啟,市區道路,50,交岔路,四岔路,交叉路口,交叉口附近,柏油,乾燥,無缺陷,無障礙物,無遮蔽物,良好,行車管制號誌(附設行人專用號誌),正常,雙向禁止超車線,附標記,車道線(附標記),快慢車道分隔線,有,車與車,同向擦撞,駕駛者,變換車道不當,死亡0;受傷1,2,小客車(含客、貨兩用),自用,女,50,繫安全帶(使用幼童安全椅),未使用,車的狀態,向前直行中,汽車,右側車身,,,無(車輛駕駛者因素),尚未發現肇事因素,否,120.285061,22.718472
2025,11,20251102,213100,A2,臺中市政府警察局,臺中市潭子區東寶里昌平路三段339號前0.0公尺,晴,有照明且開啟,市區道路,50,單路部分,直路,路段,一般車道(未劃分快慢車道),柏油,乾燥,無缺陷,無障礙物,無遮蔽物,良好,無號誌,無號誌,雙向禁止超車線,無標記,未繪設車道線,未繪設快慢車道分隔線,有,車與車,同向擦撞,駕駛者,起步時未注意安全,死亡0;受傷1,1,小客車(含客、貨兩用),自用,男,28,繫安全帶(使用幼童安全椅),未使用,車的狀態,起步,汽車,右側車身,,,駕駛者,起步時未注意安全,否,120.673782,24.207662
2025,11,20251102,213100,A2,臺中市政府警察局,臺中市潭子區東寶里昌平路三段339號前0.0公尺,晴,有照明且開啟,市區道路,50,單路部分,直路,路段,一般車道(未劃分快慢車道),柏油,乾燥,無缺陷,無障礙物,無遮蔽物,良好,無號誌,無號誌,雙向禁止超車線,無標記,未繪設車道線,未繪設快慢車道分隔線,有,車與車,同向擦撞,駕駛者,起步時未注意安全,死亡0;受傷1,2,機車,普通重型,女,22,戴非半罩式安全帽,未使用,車的狀態,向前直行中,機車與自行車,前車頭,,,駕駛者,恍神、緊張、心不在焉分心駕駛,否,120.673782,24.207662
2025,11,20251102,213400,A2,高雄市政府警察局,高雄市左營區裕誠路 / 高雄市左營區裕誠路,晴,有照明且開啟,市區道路,50,交岔路,四岔路,交叉路口,交叉路口內,柏油,乾燥,無缺陷,無障礙物,無遮蔽物,良好,無號誌,無號誌,雙向禁止超車線,附標記,車道線(無標記),快慢車道分隔線,無,車與車,倒車撞,駕駛者,倒車未依規定,死亡0;受傷1,1,小客車(含客、貨兩用),租賃車,男,53,繫安全帶(使用幼童安全椅),未使用,車的狀態,倒車,汽車,左後車尾(身),,,駕駛者,倒車未依規定,否,120.304083,22.665880
2025,11,20251102,213400,A2,高雄市政府警察局,高雄市左營區裕誠路 / 高雄市左營區裕誠路,晴,有照明且開啟,市區道路,50,交岔路,四岔路,交叉路口,交叉路口內,柏油,乾燥,無缺陷,無障礙物,無遮蔽物,良好,無號誌,無號誌,雙向禁止超車線,附標記,車道線(無標記),快慢車道分隔線,無,車與車,倒車撞,駕駛者,倒車未依規定,死亡0;受傷1,2,機車,普通重型,女,63,戴非半罩式安全帽,未使用,車的狀態,等待(引擎未熄火),機車與自行車,右側車身,,,駕駛者,違反遵行方向標誌(線),否,120.304083,22.665880
2025,11,20251102,214000,A2,臺北市政府警察局,臺北市大安區基隆路2段206號前0.0公尺,晴,有照明且開啟,市區道路,50,單路部分,直路,路段,一般車道(未劃分快慢車道),柏油,乾燥,突出(高低)不平,道路工事(程)中,無遮蔽物,良好,無號誌,無號誌,行車分向線,附標記,車道線(附標記),未繪設快慢車道分隔線,有,車與車,追撞,其他,相關跡證不足且無具體影像紀錄，當事人各執一詞，經分析後無法釐清肇事原因,死亡0;受傷2,1,機車,普通重型,女,46,戴半罩式安全帽,未使用,車的狀態,向前直行中,機車與自行車,前車頭,,,其他,相關跡證不足且無具體影像紀錄，當事人各執一詞，經分析後無法釐清肇事原因,否,121.551602,25.023630
2025,11,20251102,214000,A2,臺北市政府警察局,臺北市大安區基隆路2段206號前0.0公尺,晴,有照明且開啟,市區道路,50,單路部分,直路,路段,一般車道(未劃分快慢車道),柏油,乾燥,突出(高低)不平,道路工事(程)中,無遮蔽物,良好,無號誌,無號誌,行車分向線,附標記,車道線(附標記),未繪設快慢車道分隔線,有,車與車,追撞,其他,相關跡證不足且無具體影像紀錄，當事人各執一詞，經分析後無法釐清肇事原因,死亡0;受傷2,2,機車,普通重型,男,35,戴半罩式安全帽,未使用,車的狀態,向前直行中,機車與自行車,後車尾,,,其他,相關跡證不足且無具體影像紀錄，當事人各執一詞，經分析後無法釐清肇事原因,否,121.551602,25.023630
2025,11,20251102,214000,A2,臺北市政府警察局,臺北市大安區基隆路2段206號前0.0公尺,晴,有照明且開啟,市區道路,50,單路部分,直路,路段,一般車道(未劃分快慢車道),柏油,乾燥,突出(高低)不平,道路工事(程)中,無遮蔽物,良好,無號誌,無號誌,行車分向線,附標記,車道線(附標記),未繪設快慢車道分隔線,有,車與車,追撞,其他,相關跡證不足且無具體影像紀錄，當事人各執一詞，經分析後無法釐清肇事原因,死亡0;受傷2,3,小客車(含客、貨兩用),自用,男,40,繫安全帶(使用幼童安全椅),未使用,車的狀態,急減速或急停止,汽車,右後車尾(身),,,其他,相關跡證不足且無具體影像紀錄，當事人各執一詞，經分析後無法釐清肇事原因,否,121.551602,25.023630
2025,11,20251102,214600,A2,臺中市政府警察局,臺中市梧棲區福德里中正路498巷38號前0.0公尺,晴,有照明未開啟或故障,市區道路,50,單路部分,直路,路段,一般車道(未劃分快慢車道),柏油,乾燥,無缺陷,無障礙物,無遮蔽物,良好,無號誌,無號誌,雙向禁止超車線,無標記,未繪設車道線,未繪設快慢車道分隔線,無,車與車,其他,駕駛者,恍神、緊張、心不在焉分心駕駛,死亡0;受傷1,1,機車,普通重型,男,18,戴半罩式安全帽,未使用,車的狀態,向前直行中,機車與自行車,前車頭,,,駕駛者,恍神、緊張、心不在焉分心駕駛,否,120.543508,24.254265
2025,11,20251102,214600,A2,臺中市政府警察局,臺中市梧棲區福德里中正路498巷38號前0.0公尺,晴,有照明未開啟或故障,市區道路,50,單路部分,直路,路段,一般車道(未劃分快慢車道),柏油,乾燥,無缺陷,無障礙物,無遮蔽物,良好,無號誌,無號誌,雙向禁止超車線,無標記,未繪設車道線,未繪設快慢車道分隔線,無,車與車,其他,駕駛者,恍神、緊張、心不在焉分心駕駛,死亡0;受傷1,2,小客車(含客、貨兩用),自用,男,41,未戴安全帽或未繫安全帶(未使用幼童安全椅),未使用,車的狀態,靜止(引擎熄火),汽車,左後車尾(身),,,無(車輛駕駛者因素),尚未發現肇事因素,否,120.543508,24.254265
2025,11,20251102,214700,A2,臺中市政府警察局,臺中市西屯區惠來里惠來路一段 / 臺中市西屯區惠來里市政南二路,晴,有照明且開啟,市區道路,50,交岔路,四岔路,交叉路口,交叉路口內,柏油,乾燥,無缺陷,無障礙物,無遮蔽物,良好,行車管制號誌(附設行人專用號誌),正常,無,無分向設施,未繪設車道線,未繪設快慢車道分隔線,無,車與車,側撞,駕駛者,有號誌路口，轉彎車未讓直行車先行,死亡0;受傷1,1,小客車(含客、貨兩用),自用,男,54,不明,不明,車的狀態,左轉彎,汽車,右側車身,,,駕駛者,有號誌路口，轉彎車未讓直行車先行,否,120.638365,24.155767
2025,11,20251102,214700,A2,臺中市政府警察局,臺中市西屯區惠來里惠來路一段 / 臺中市西屯區惠來里市政南二路,晴,有照明且開啟,市區道路,50,交岔路,四岔路,交叉路口,交叉路口內,柏油,乾燥,無缺陷,無障礙物,無遮蔽物,良好,行車管制號誌(附設行人專用號誌),正常,無,無分向設施,未繪設車道線,未繪設快慢車道分隔線,無,車與車,側撞,駕駛者,有號誌路口，轉彎車未讓直行車先行,死亡0;受傷1,2,慢車,腳踏自行車,男,15,不明,不明,車的狀態,向前直行中,機車與自行車,前車頭,,,駕駛者,恍神、緊張、心不在焉分心駕駛,否,120.638365,24.155767
2025,11,20251102,215100,A2,臺中市政府警察局,臺中市北區賴旺里文心路四段前0.0公尺,晴,有照明且開啟,市區道路,50,交岔路,四岔路,交叉路口,交叉口附近,柏油,乾燥,無缺陷,無障礙物,無遮蔽物,良好,行車管制號誌,正常,中央分向島,寬式(50公分以上),車道線(無標記),未繪設快慢車道分隔線,無,車與車,側撞,駕駛者,有號誌路口，轉彎車未讓直行車先行,死亡0;受傷1,1,機車,普通重型,女,18,戴半罩式安全帽,未使用,車的狀態,右轉彎,機車與自行車,後車尾,,,駕駛者,有號誌路口，轉彎車未讓直行車先行,否,120.673841,24.173803